Date,Low,Open,Volume,High,Close,Adjusted Close
22-02-1994,7.25,7.375,20800,7.375,7.25,4.541428565979004
23-02-1994,6.75,7.125,31600,7.125,6.9375,4.345678806304932
24-02-1994,6.8125,6.9375,32000,6.9375,6.8125,4.267375946044922
25-02-1994,6.25,6.6875,49800,6.6875,6.4375,4.03247594833374
28-02-1994,6.4375,6.5,170400,6.75,6.625,4.149926662445068
01-03-1994,6.5,6.625,41600,6.625,6.5625,4.110777854919434
02-03-1994,6.4375,6.4375,67000,6.5625,6.5625,4.110777854919434
03-03-1994,6.5,6.625,27800,6.625,6.5,4.071628093719482
04-03-1994,6.4375,6.5,358200,6.75,6.75,4.228227615356445
07-03-1994,6.4375,6.4375,690800,6.8125,6.75,4.228227615356445
08-03-1994,6.75,6.75,515200,6.8125,6.8125,4.267375946044922
09-03-1994,6.8125,6.8125,540400,6.875,6.875,4.306525230407715
10-03-1994,6.8125,6.875,1832200,6.875,6.875,4.306525230407715
11-03-1994,6.9375,6.9375,1895400,7.1875,7.1875,4.502276420593262
14-03-1994,7.1875,7.1875,1413800,7.625,7.5625,4.737179279327393
15-03-1994,7.4375,7.5625,1665200,7.6875,7.4375,4.65887975692749
16-03-1994,7.3125,7.4375,717000,7.4375,7.4375,4.65887975692749
17-03-1994,7.4375,7.4375,971200,7.6875,7.5625,4.7531561851501465
18-03-1994,7.625,7.625,1178000,7.6875,7.625,4.792442321777344
21-03-1994,7.625,7.625,659400,7.6875,7.6875,4.83172082901001
22-03-1994,7.6875,7.6875,374000,7.875,7.8125,4.910285472869873
23-03-1994,7.75,7.8125,430200,7.9375,7.875,4.949569225311279
24-03-1994,7.75,7.8125,747000,7.875,7.75,4.871004581451416
25-03-1994,7.625,7.8125,370000,7.8125,7.6875,4.83172082901001
28-03-1994,7.625,7.6875,1116200,7.6875,7.625,4.792442321777344
29-03-1994,7.5,7.625,595800,7.6875,7.5,4.7138752937316895
30-03-1994,7.3125,7.5,653000,7.5,7.375,4.63530969619751
31-03-1994,7.25,7.375,448400,7.4375,7.375,4.63530969619751
04-04-1994,7.125,7.125,386600,7.375,7.375,4.63530969619751
05-04-1994,7.3125,7.3125,361600,7.6875,7.625,4.792442321777344
06-04-1994,7.375,7.625,551400,7.6875,7.375,4.63530969619751
07-04-1994,7.375,7.5,338400,7.5,7.4375,4.674593448638916
08-04-1994,7.3125,7.3125,166000,7.5,7.5,4.7138752937316895
11-04-1994,7.25,7.5,424800,7.625,7.25,4.556746006011963
12-04-1994,7.125,7.125,602800,7.25,7.125,4.4781813621521
13-04-1994,7.0,7.125,504600,7.3125,7.0,4.399616718292236
14-04-1994,6.9375,7.0625,378200,7.0625,6.9375,4.360334396362305
15-04-1994,6.875,6.875,197600,7.0625,6.875,4.321052074432373
18-04-1994,7.0,7.0,184800,7.25,7.25,4.556746006011963
19-04-1994,7.1875,7.1875,122200,7.3125,7.25,4.556746006011963
20-04-1994,7.125,7.3125,201400,7.3125,7.125,4.4781813621521
21-04-1994,6.875,7.125,858200,7.3125,6.875,4.321052074432373
22-04-1994,7.0,7.0,411400,7.25,7.25,4.556746006011963
25-04-1994,7.1875,7.1875,330600,7.625,7.625,4.792442321777344
26-04-1994,7.25,7.5625,313400,7.5625,7.375,4.63530969619751
28-04-1994,7.125,7.3125,161600,7.3125,7.3125,4.5960259437561035
29-04-1994,7.1875,7.25,344600,7.3125,7.25,4.556746006011963
02-05-1994,7.0625,7.1875,135800,7.3125,7.1875,4.517461776733398
03-05-1994,7.125,7.25,375200,7.4375,7.1875,4.517461776733398
04-05-1994,7.125,7.125,491800,7.375,7.3125,4.5960259437561035
05-05-1994,7.1875,7.3125,152800,7.3125,7.25,4.556746006011963
06-05-1994,7.25,7.25,272800,7.3125,7.25,4.556746006011963
09-05-1994,7.25,7.25,161600,7.3125,7.25,4.556746006011963
10-05-1994,7.25,7.25,308200,7.5,7.5,4.7138752937316895
11-05-1994,7.5,7.5,388600,7.6875,7.5625,4.7531561851501465
12-05-1994,7.5,7.5,155000,7.75,7.75,4.871004581451416
13-05-1994,7.375,7.6875,105200,7.75,7.375,4.63530969619751
16-05-1994,7.375,7.375,206800,7.5625,7.4375,4.674593448638916
17-05-1994,7.4375,7.5,422600,7.5625,7.5,4.7138752937316895
18-05-1994,7.4375,7.5,130800,7.5,7.5,4.7138752937316895
19-05-1994,7.375,7.4375,199400,7.625,7.5625,4.7531561851501465
20-05-1994,7.375,7.5,119600,7.5625,7.375,4.63530969619751
23-05-1994,7.25,7.3125,195600,7.375,7.25,4.556746006011963
24-05-1994,7.375,7.4375,158200,7.5625,7.5625,4.7531561851501465
25-05-1994,7.5,7.5,104800,7.75,7.6875,4.83172082901001
26-05-1994,7.5625,7.75,345800,7.75,7.75,4.871004581451416
27-05-1994,7.625,7.6875,298000,7.8125,7.8125,4.910285472869873
31-05-1994,7.875,7.9375,456400,8.25,8.0625,5.067415714263916
01-06-1994,7.875,8.0625,268200,8.0625,7.875,4.949569225311279
02-06-1994,7.8125,8.0,81000,8.0625,7.875,4.949569225311279
03-06-1994,7.625,7.8125,397400,7.9375,7.75,4.871004581451416
06-06-1994,7.8125,7.875,75600,7.9375,7.875,4.949569225311279
07-06-1994,7.75,7.75,92800,7.9375,7.9375,4.988849639892578
08-06-1994,7.875,7.9375,107600,7.9375,7.875,4.949569225311279
09-06-1994,7.8125,7.8125,187800,7.90625,7.875,4.965331077575684
10-06-1994,7.6875,7.875,280600,7.875,7.6875,4.847107887268066
13-06-1994,7.5625,7.75,97600,7.875,7.875,4.965331077575684
14-06-1994,7.8125,7.875,339800,8.0625,8.0625,5.083553314208984
15-06-1994,8.0,8.0,305200,8.1875,8.1875,5.162369251251221
16-06-1994,8.0625,8.125,393800,8.5,8.5,5.359405994415283
17-06-1994,8.25,8.5,407200,8.5,8.25,5.201774597167969
20-06-1994,8.0625,8.125,47800,8.25,8.125,5.122962474822998
21-06-1994,8.125,8.125,556200,8.5,8.5,5.359405994415283
22-06-1994,8.375,8.375,759200,8.625,8.5,5.359405994415283
23-06-1994,8.4375,8.4375,553200,8.5,8.5,5.359405994415283
24-06-1994,8.375,8.4375,1003800,8.5,8.375,5.280592441558838
27-06-1994,8.125,8.375,295200,8.375,8.25,5.201774597167969
28-06-1994,8.125,8.1875,165800,8.25,8.125,5.122962474822998
29-06-1994,8.0,8.125,396200,8.125,8.0,5.044149398803711
30-06-1994,8.0,8.0,453200,8.1875,8.1875,5.162369251251221
01-07-1994,8.0625,8.1875,870200,8.25,8.125,5.122962474822998
05-07-1994,8.0625,8.0625,685600,8.25,8.1875,5.162369251251221
06-07-1994,8.125,8.1875,163800,8.25,8.125,5.122962474822998
07-07-1994,8.125,8.125,290600,8.25,8.1875,5.162369251251221
08-07-1994,8.125,8.125,165000,8.3125,8.25,5.201774597167969
11-07-1994,8.1875,8.1875,86800,8.3125,8.25,5.201774597167969
12-07-1994,8.0625,8.25,390800,8.25,8.0625,5.083553314208984
13-07-1994,8.0,8.0625,287000,8.125,8.0625,5.083553314208984
14-07-1994,7.9375,7.9375,167600,8.125,8.0625,5.083553314208984
15-07-1994,7.9375,7.9375,78800,8.0625,8.0625,5.083553314208984
18-07-1994,8.0,8.0625,150600,8.25,8.1875,5.162369251251221
19-07-1994,8.3125,8.3125,743800,8.5,8.375,5.280592441558838
20-07-1994,8.3125,8.375,1206000,8.5625,8.5625,5.398813247680664
21-07-1994,8.4375,8.4375,544800,8.5625,8.5625,5.398813247680664
22-07-1994,8.5,8.5625,201400,8.625,8.5625,5.398813247680664
25-07-1994,8.5,8.625,71600,8.625,8.625,5.438221454620361
26-07-1994,8.625,8.75,205400,8.8125,8.6875,5.477628231048584
27-07-1994,8.625,8.625,244000,8.8125,8.6875,5.477628231048584
28-07-1994,8.5625,8.625,122400,8.625,8.625,5.438221454620361
29-07-1994,8.5625,8.625,102400,8.6875,8.6875,5.477628231048584
01-08-1994,8.625,8.625,136800,8.6875,8.6875,5.477628231048584
02-08-1994,8.6875,8.75,513400,8.8125,8.8125,5.556442737579346
03-08-1994,8.6875,8.8125,709800,8.8125,8.8125,5.556442737579346
04-08-1994,7.625,8.25,1680600,8.25,7.9375,5.004737377166748
05-08-1994,7.75,7.9375,373600,7.9375,7.75,4.886514663696289
08-08-1994,7.75,7.8125,501400,7.875,7.8125,4.9259233474731445
09-08-1994,7.6875,7.875,1031000,7.875,7.75,4.886514663696289
10-08-1994,7.625,7.75,1103200,7.75,7.6875,4.847107887268066
11-08-1994,7.5625,7.625,703800,7.65625,7.5625,4.7682929039001465
12-08-1994,7.375,7.5625,422800,7.6875,7.6875,4.847107887268066
15-08-1994,7.625,7.625,173800,7.8125,7.8125,4.9259233474731445
16-08-1994,7.75,7.8125,280000,8.0625,8.0625,5.083553314208984
17-08-1994,8.0,8.0625,131800,8.25,8.0625,5.083553314208984
18-08-1994,8.0,8.0,225800,8.0625,8.0,5.044149398803711
19-08-1994,8.0625,8.0625,166600,8.375,8.25,5.201774597167969
22-08-1994,8.0625,8.125,41000,8.1875,8.125,5.122962474822998
23-08-1994,8.125,8.1875,186800,8.1875,8.125,5.122962474822998
24-08-1994,7.9375,8.125,183200,8.125,7.9375,5.004737377166748
25-08-1994,7.5625,7.8125,178000,7.8125,7.6875,4.847107887268066
26-08-1994,7.4375,7.625,515200,7.6875,7.625,4.807703971862793
29-08-1994,7.5625,7.5625,45800,7.6875,7.6875,4.847107887268066
30-08-1994,7.3125,7.5625,420800,7.625,7.5,4.728886604309082
31-08-1994,7.4375,7.625,277200,7.625,7.5,4.728886604309082
01-09-1994,7.4375,7.625,142400,7.625,7.4375,4.689479351043701
02-09-1994,7.4375,7.4375,117000,7.5,7.4375,4.689479351043701
06-09-1994,7.375,7.4375,226800,7.5,7.5,4.728886604309082
07-09-1994,7.375,7.5625,192600,7.5625,7.375,4.650071144104004
08-09-1994,7.375,7.375,105600,7.4375,7.375,4.650071144104004
09-09-1994,7.3125,7.3125,1000800,7.4375,7.3125,4.62634801864624
12-09-1994,7.1875,7.4375,419400,7.4375,7.3125,4.62634801864624
13-09-1994,7.375,7.4375,97800,7.4375,7.4375,4.70543098449707
14-09-1994,7.3125,7.375,62600,7.4375,7.375,4.665890216827393
15-09-1994,7.1875,7.375,956600,7.375,7.1875,4.54726505279541
16-09-1994,7.1875,7.25,245000,7.25,7.25,4.586806297302246
19-09-1994,7.1875,7.25,134400,7.25,7.25,4.586806297302246
20-09-1994,7.4375,7.4375,1914200,7.5625,7.5625,4.7845139503479
21-09-1994,7.375,7.5,471400,7.5,7.4375,4.70543098449707
22-09-1994,7.25,7.375,1111000,7.5,7.25,4.586806297302246
23-09-1994,7.1875,7.3125,85200,7.3125,7.1875,4.54726505279541
26-09-1994,7.1875,7.25,652400,7.25,7.25,4.586806297302246
27-09-1994,7.1875,7.1875,158600,7.3125,7.3125,4.62634801864624
28-09-1994,7.25,7.3125,220200,7.3125,7.25,4.586806297302246
29-09-1994,7.125,7.25,242200,7.25,7.125,4.507721900939941
30-09-1994,7.1875,7.1875,36600,7.25,7.1875,4.54726505279541
03-10-1994,7.1875,7.25,319000,7.3125,7.1875,4.54726505279541
04-10-1994,7.125,7.1875,307400,7.25,7.125,4.507721900939941
05-10-1994,7.125,7.1875,162200,7.25,7.125,4.507721900939941
06-10-1994,7.125,7.1875,35200,7.1875,7.1875,4.54726505279541
07-10-1994,7.0,7.125,450600,7.125,7.125,4.507721900939941
10-10-1994,7.0625,7.0625,42800,7.1875,7.1875,4.54726505279541
11-10-1994,7.125,7.1875,75200,7.1875,7.125,4.507721900939941
12-10-1994,7.125,7.1875,113600,7.1875,7.125,4.507721900939941
13-10-1994,7.125,7.125,2396400,7.375,7.3125,4.62634801864624
14-10-1994,7.3125,7.3125,275200,7.6875,7.6875,4.863595485687256
17-10-1994,7.5625,7.6875,61400,7.6875,7.5625,4.7845139503479
18-10-1994,7.5625,7.5625,25200,7.625,7.5625,4.7845139503479
19-10-1994,7.625,7.625,167200,7.8125,7.6875,4.863595485687256
20-10-1994,7.5,7.625,109400,7.625,7.5,4.744970798492432
21-10-1994,7.4375,7.5,195000,7.625,7.5625,4.7845139503479
24-10-1994,7.5,7.5,51200,7.9375,7.9375,5.021759510040283
25-10-1994,7.375,7.9375,169000,8.0,7.625,4.824056625366211
26-10-1994,7.5,7.625,62000,7.6875,7.6875,4.863595485687256
27-10-1994,7.4375,7.75,134600,7.75,7.5,4.744970798492432
28-10-1994,7.5,7.5625,91800,7.625,7.625,4.824056625366211
31-10-1994,7.5625,7.625,163000,7.6875,7.625,4.824056625366211
01-11-1994,7.625,7.75,358000,7.8125,7.6875,4.863595485687256
02-11-1994,7.4375,7.6875,39600,7.6875,7.4375,4.70543098449707
03-11-1994,7.4375,7.5,258800,7.625,7.5,4.744970798492432
04-11-1994,7.4375,7.5,116000,7.5625,7.4375,4.70543098449707
07-11-1994,7.375,7.4375,76600,7.4375,7.4375,4.70543098449707
08-11-1994,7.25,7.375,146200,7.4375,7.375,4.665890216827393
09-11-1994,7.25,7.4375,236800,7.4375,7.25,4.586806297302246
10-11-1994,7.25,7.3125,215400,7.375,7.3125,4.62634801864624
11-11-1994,7.1875,7.3125,138000,7.3125,7.25,4.586806297302246
14-11-1994,7.1875,7.25,156000,7.25,7.25,4.586806297302246
15-11-1994,7.125,7.25,456000,7.25,7.1875,4.54726505279541
16-11-1994,7.125,7.1875,70400,7.25,7.1875,4.54726505279541
17-11-1994,7.0625,7.1875,230800,7.25,7.25,4.586806297302246
18-11-1994,7.125,7.125,240400,7.1875,7.1875,4.54726505279541
21-11-1994,7.0,7.25,356200,7.25,7.0,4.428636074066162
22-11-1994,6.75,7.0,433400,7.125,6.8125,4.310018062591553
23-11-1994,6.75,6.8125,275800,6.875,6.8125,4.310018062591553
25-11-1994,6.6875,6.75,20000,6.8125,6.75,4.2704758644104
28-11-1994,6.75,6.75,173800,6.9375,6.75,4.2704758644104
29-11-1994,6.5625,6.75,315000,6.875,6.875,4.349555969238281
30-11-1994,6.6875,6.8125,76400,6.875,6.75,4.2704758644104
01-12-1994,6.625,6.8125,179400,6.8125,6.625,4.1913909912109375
02-12-1994,6.625,6.625,143800,6.75,6.75,4.2704758644104
05-12-1994,6.75,6.8125,37000,6.9375,6.75,4.2704758644104
06-12-1994,6.6875,6.8125,169400,6.875,6.6875,4.230935096740723
07-12-1994,6.6875,6.6875,105200,6.8125,6.75,4.2704758644104
08-12-1994,6.5,6.6875,141400,6.75,6.5,4.112310409545898
09-12-1994,6.5,6.5,65600,6.75,6.6875,4.247270107269287
12-12-1994,6.4375,6.625,85800,6.6875,6.5625,4.167882919311523
13-12-1994,6.5625,6.5625,113400,7.0,6.5625,4.167882919311523
14-12-1994,6.5625,6.5625,84400,6.6875,6.625,4.207573890686035
15-12-1994,6.5625,6.5625,92600,6.75,6.6875,4.247270107269287
16-12-1994,6.6875,6.8125,136400,6.8125,6.6875,4.247270107269287
19-12-1994,6.6875,6.8125,56200,6.8125,6.75,4.2869648933410645
20-12-1994,6.6875,6.6875,50400,6.8125,6.75,4.2869648933410645
21-12-1994,6.5625,6.6875,158800,6.8125,6.5625,4.167882919311523
22-12-1994,6.625,6.625,194600,6.75,6.6875,4.247270107269287
23-12-1994,6.6875,6.75,39600,6.75,6.75,4.2869648933410645
27-12-1994,6.6875,6.6875,32000,6.75,6.75,4.2869648933410645
28-12-1994,6.5625,6.6875,84600,6.75,6.5625,4.167882919311523
29-12-1994,6.625,6.625,318400,6.875,6.8125,4.326657772064209
30-12-1994,6.75,6.8125,185400,7.0,6.9375,4.4060468673706055
03-01-1995,6.6875,6.875,161600,6.9375,6.9375,4.4060468673706055
04-01-1995,6.875,7.0,152000,7.125,7.125,4.5251264572143555
05-01-1995,6.875,7.125,22800,7.125,6.875,4.3663482666015625
06-01-1995,6.9375,6.9375,70800,7.0,7.0,4.445736885070801
09-01-1995,6.875,7.0,125600,7.0625,6.875,4.3663482666015625
10-01-1995,6.75,6.8125,43200,6.875,6.8125,4.326657772064209
11-01-1995,6.75,6.8125,84600,7.0,7.0,4.445736885070801
12-01-1995,6.8125,7.0625,73200,7.0625,6.8125,4.326657772064209
13-01-1995,6.9375,6.9375,77200,7.125,7.0625,4.4854326248168945
16-01-1995,7.0625,7.0625,69200,7.25,7.1875,4.564822196960449
17-01-1995,7.125,7.1875,138400,7.25,7.125,4.5251264572143555
18-01-1995,6.75,7.125,97000,7.1875,6.9375,4.4060468673706055
19-01-1995,6.8125,7.0,54000,7.0,6.9375,4.4060468673706055
20-01-1995,6.9375,7.0,82400,7.125,7.125,4.5251264572143555
23-01-1995,6.9375,7.0625,53000,7.125,7.0625,4.4854326248168945
24-01-1995,6.875,7.0625,64800,7.0625,6.9375,4.4060468673706055
25-01-1995,6.375,6.9375,1619600,6.9375,6.5,4.1281890869140625
26-01-1995,6.5625,6.5625,193600,6.625,6.625,4.207573890686035
27-01-1995,6.5625,6.625,128600,6.6875,6.6875,4.247270107269287
30-01-1995,6.5,6.625,59200,6.6875,6.5,4.1281890869140625
31-01-1995,6.5,6.5,184200,6.625,6.5625,4.167882919311523
01-02-1995,6.5625,6.5625,215200,6.625,6.5625,4.167882919311523
02-02-1995,6.5,6.5625,413600,6.625,6.5625,4.167882919311523
03-02-1995,6.5,6.5625,95200,6.8125,6.6875,4.247270107269287
06-02-1995,6.5625,6.6875,89600,6.75,6.625,4.207573890686035
07-02-1995,6.5625,6.6875,107400,6.6875,6.625,4.207573890686035
08-02-1995,6.5625,6.625,79200,6.625,6.5625,4.167882919311523
09-02-1995,6.5,6.625,281800,6.625,6.5,4.1281890869140625
10-02-1995,6.5,6.5625,91400,6.5625,6.5625,4.167882919311523
13-02-1995,6.4375,6.5625,107400,6.625,6.5,4.1281890869140625
14-02-1995,6.25,6.5625,226800,6.5625,6.3125,4.009104251861572
15-02-1995,6.25,6.3125,161800,6.4375,6.3125,4.009104251861572
16-02-1995,6.3125,6.3125,313800,6.5625,6.5,4.1281890869140625
17-02-1995,6.6875,6.6875,1020200,6.875,6.875,4.3663482666015625
21-02-1995,6.8125,6.8125,266400,6.9375,6.875,4.3663482666015625
22-02-1995,6.875,6.875,754400,7.0,7.0,4.445736885070801
23-02-1995,6.9375,7.0625,829800,7.25,6.9375,4.4060468673706055
24-02-1995,6.875,6.9375,43000,7.0,6.9375,4.4060468673706055
27-02-1995,6.9375,6.9375,127600,7.125,7.125,4.5251264572143555
28-02-1995,7.0,7.125,159800,7.125,7.125,4.5251264572143555
01-03-1995,6.875,7.0625,589200,7.0625,6.875,4.3663482666015625
02-03-1995,6.875,6.875,203200,7.0,7.0,4.445736885070801
03-03-1995,6.9375,7.0,71800,7.0,6.9375,4.4060468673706055
06-03-1995,6.875,6.9375,76400,6.9375,6.9375,4.4060468673706055
07-03-1995,6.8125,6.9375,52600,6.9375,6.9375,4.4060468673706055
08-03-1995,6.75,6.9375,80600,6.9375,6.75,4.2869648933410645
09-03-1995,6.8125,6.8125,93800,6.875,6.875,4.382584571838379
10-03-1995,6.75,6.8125,169800,6.875,6.75,4.302901744842529
13-03-1995,6.6875,6.8125,163200,6.875,6.875,4.382584571838379
14-03-1995,6.75,6.75,127400,6.875,6.8125,4.342741966247559
15-03-1995,6.5,6.75,225000,6.75,6.5,4.143532752990723
16-03-1995,6.5,6.5,224000,6.625,6.5625,4.183373928070068
17-03-1995,6.3125,6.5,121000,6.5625,6.4375,4.103692531585693
20-03-1995,6.375,6.5,67600,6.5,6.375,4.0638508796691895
21-03-1995,6.3125,6.3125,157600,6.4375,6.3125,4.024008274078369
22-03-1995,6.25,6.3125,729400,6.375,6.25,3.9841675758361816
23-03-1995,6.125,6.25,174600,6.25,6.25,3.9841675758361816
24-03-1995,6.1875,6.25,89000,6.3125,6.25,3.9841675758361816
27-03-1995,6.1875,6.3125,577000,6.3125,6.1875,3.9443259239196777
28-03-1995,6.1875,6.1875,404600,6.1875,6.1875,3.9443259239196777
29-03-1995,6.125,6.125,296600,6.25,6.1875,3.9443259239196777
30-03-1995,6.1875,6.25,525000,6.3125,6.3125,4.024008274078369
31-03-1995,6.125,6.25,898600,6.5,6.375,4.0638508796691895
03-04-1995,6.3125,6.375,388600,6.5625,6.5,4.143532752990723
04-04-1995,6.375,6.5,378200,6.5625,6.375,4.0638508796691895
05-04-1995,6.3125,6.3125,144800,6.4375,6.4375,4.103692531585693
06-04-1995,6.4375,6.4375,114000,6.5625,6.5,4.143532752990723
07-04-1995,6.4375,6.5,280800,6.625,6.5625,4.183373928070068
10-04-1995,6.5625,6.5625,887800,6.75,6.6875,4.263058185577393
11-04-1995,6.625,6.625,175400,6.6875,6.625,4.223215579986572
12-04-1995,6.625,6.625,300600,6.75,6.75,4.302901744842529
13-04-1995,6.6875,6.75,256400,6.75,6.6875,4.263058185577393
17-04-1995,6.625,6.75,405200,6.8125,6.8125,4.342741966247559
18-04-1995,6.75,6.8125,300400,6.8125,6.75,4.302901744842529
19-04-1995,6.75,6.8125,229000,6.875,6.8125,4.342741966247559
20-04-1995,6.75,6.75,227200,6.8125,6.8125,4.342741966247559
21-04-1995,6.75,6.75,178600,6.9375,6.875,4.382584571838379
24-04-1995,6.875,6.9375,144800,7.0,7.0,4.462264060974121
25-04-1995,6.8125,7.0,358400,7.0,6.875,4.382584571838379
26-04-1995,6.8125,6.875,397200,6.875,6.875,4.382584571838379
27-04-1995,6.8125,6.9375,397600,6.9375,6.8125,4.342741966247559
28-04-1995,6.8125,6.875,367000,6.875,6.8125,4.342741966247559
01-05-1995,6.75,6.75,375200,6.8125,6.75,4.302901744842529
02-05-1995,6.6875,6.75,126400,6.875,6.8125,4.342741966247559
03-05-1995,6.75,6.8125,156800,6.875,6.75,4.302901744842529
04-05-1995,6.75,6.75,197400,6.8125,6.8125,4.342741966247559
05-05-1995,6.75,6.8125,557400,6.8125,6.8125,4.342741966247559
08-05-1995,6.75,6.875,886600,6.875,6.8125,4.342741966247559
09-05-1995,6.8125,6.8125,84600,7.0,7.0,4.462264060974121
10-05-1995,7.0,7.0625,297200,7.1875,7.125,4.541949272155762
11-05-1995,7.125,7.1875,722000,7.25,7.1875,4.58179235458374
12-05-1995,7.0625,7.1875,555000,7.1875,7.1875,4.58179235458374
15-05-1995,7.0625,7.1875,60800,7.1875,7.125,4.541949272155762
16-05-1995,7.0625,7.0625,230000,7.4375,7.3125,4.66147518157959
17-05-1995,7.25,7.375,351200,7.5625,7.4375,4.741156578063965
18-05-1995,7.375,7.4375,205200,7.5,7.375,4.701314926147461
19-05-1995,7.3125,7.375,59400,7.4375,7.3125,4.66147518157959
22-05-1995,7.5,7.5625,258200,7.625,7.625,4.860682964324951
23-05-1995,7.75,7.75,630600,8.0,7.875,5.020049095153809
24-05-1995,7.75,7.875,301200,7.875,7.8125,4.980209827423096
25-05-1995,7.625,7.8125,146000,7.875,7.625,4.860682964324951
26-05-1995,7.625,7.625,45600,7.6875,7.6875,4.900524139404297
30-05-1995,7.4375,7.625,189200,7.6875,7.5,4.780999183654785
31-05-1995,7.375,7.4375,285800,7.6875,7.625,4.860682964324951
01-06-1995,7.6875,7.6875,339200,7.8125,7.8125,4.980209827423096
02-06-1995,7.6875,7.75,186000,7.8125,7.8125,4.980209827423096
05-06-1995,7.6875,7.75,77000,7.8125,7.8125,4.980209827423096
06-06-1995,7.75,7.8125,87600,7.875,7.8125,4.980209827423096
07-06-1995,7.625,7.8125,265200,7.8125,7.625,4.860682964324951
08-06-1995,7.6875,7.6875,80000,7.75,7.6875,4.900524139404297
09-06-1995,7.6875,7.6875,355400,7.75,7.75,4.940365791320801
12-06-1995,7.6875,7.75,59200,7.75,7.6875,4.900524139404297
13-06-1995,7.5625,7.625,82800,7.8125,7.6875,4.916512966156006
14-06-1995,7.625,7.6875,62800,7.75,7.6875,4.916512966156006
15-06-1995,7.6875,7.75,67200,7.75,7.6875,4.916512966156006
16-06-1995,7.75,7.75,210400,7.875,7.8125,4.996457099914551
19-06-1995,7.5625,7.8125,73800,7.8125,7.8125,4.996457099914551
20-06-1995,7.75,7.8125,116400,7.875,7.875,5.036427974700928
21-06-1995,7.875,7.875,115800,8.0,8.0,5.116373062133789
22-06-1995,7.9375,8.0,99000,8.0625,8.0,5.116373062133789
23-06-1995,7.9375,8.0,136200,8.0,7.9375,5.076399326324463
26-06-1995,7.6875,7.875,262400,8.0,7.75,4.956484317779541
27-06-1995,7.5625,7.75,231200,7.75,7.6875,4.916512966156006
28-06-1995,7.625,7.6875,83200,7.6875,7.6875,4.916512966156006
29-06-1995,7.5,7.625,335400,7.6875,7.5625,4.836569786071777
30-06-1995,7.5625,7.5625,341200,7.8125,7.8125,4.996457099914551
03-07-1995,7.6875,7.6875,146600,7.8125,7.8125,4.996457099914551
05-07-1995,7.75,7.75,83400,7.9375,7.875,5.036427974700928
06-07-1995,7.8125,7.8125,112000,8.0,7.875,5.036427974700928
07-07-1995,7.75,7.875,163000,7.875,7.75,4.956484317779541
10-07-1995,7.75,7.75,120800,8.0,7.9375,5.076399326324463
11-07-1995,7.6875,7.9375,262000,7.9375,7.75,4.956484317779541
12-07-1995,7.75,7.875,223800,7.9375,7.875,5.036427974700928
13-07-1995,7.8125,7.875,84400,7.875,7.875,5.036427974700928
14-07-1995,7.75,7.8125,221800,7.9375,7.875,5.036427974700928
17-07-1995,7.625,7.8125,120400,7.8125,7.75,4.956484317779541
18-07-1995,7.75,7.875,60400,7.875,7.75,4.956484317779541
19-07-1995,7.5625,7.6875,69600,7.8125,7.5625,4.836569786071777
20-07-1995,7.625,7.625,44800,7.9375,7.9375,5.076399326324463
21-07-1995,7.875,7.875,146800,8.1875,8.1875,5.236284255981445
24-07-1995,8.0625,8.0625,210000,8.25,8.0625,5.156344413757324
25-07-1995,7.8125,8.0625,119600,8.125,7.875,5.036427974700928
26-07-1995,7.6875,7.875,121800,7.875,7.6875,4.916512966156006
27-07-1995,7.6875,7.75,262200,7.8125,7.8125,4.996457099914551
28-07-1995,7.75,7.8125,96000,7.8125,7.75,4.956484317779541
31-07-1995,7.75,7.8125,147000,7.875,7.8125,4.996457099914551
01-08-1995,7.8125,7.8125,366000,8.0,8.0,5.116373062133789
02-08-1995,7.9375,8.0625,359800,8.125,8.0,5.116373062133789
03-08-1995,7.9375,7.9375,515800,8.0625,8.0,5.116373062133789
04-08-1995,8.0,8.125,86800,8.125,8.0625,5.156344413757324
07-08-1995,7.9375,8.0625,303600,8.0625,8.0,5.116373062133789
08-08-1995,8.0,8.0,70000,8.0625,8.0,5.116373062133789
09-08-1995,7.9375,8.0625,36600,8.0625,7.9375,5.076399326324463
10-08-1995,7.9375,8.0,241000,8.0625,8.0,5.116373062133789
11-08-1995,8.0,8.0,408200,8.0625,8.0,5.116373062133789
14-08-1995,7.875,8.0,291200,8.0625,7.9375,5.076399326324463
15-08-1995,7.875,7.9375,1030400,8.0,8.0,5.116373062133789
16-08-1995,7.875,7.9375,43600,8.1875,8.125,5.196314811706543
17-08-1995,8.0625,8.0625,587200,8.375,8.3125,5.316229343414307
18-08-1995,8.25,8.25,761200,8.4375,8.375,5.356202125549316
21-08-1995,8.3125,8.375,56200,8.4375,8.4375,5.396174430847168
22-08-1995,8.1875,8.3125,204000,8.375,8.25,5.276257038116455
23-08-1995,8.1875,8.25,55600,8.3125,8.1875,5.236284255981445
24-08-1995,8.1875,8.25,53800,8.3125,8.25,5.276257038116455
25-08-1995,8.1875,8.25,109400,8.25,8.25,5.276257038116455
28-08-1995,8.0,8.25,51000,8.25,8.125,5.196314811706543
29-08-1995,8.0,8.125,45000,8.1875,8.1875,5.236284255981445
30-08-1995,7.875,8.125,3597400,8.125,8.0,5.116373062133789
31-08-1995,7.9375,8.0,23000,8.1875,8.1875,5.236284255981445
01-09-1995,8.0625,8.1875,89600,8.1875,8.125,5.196314811706543
05-09-1995,8.0,8.0,468400,8.25,8.25,5.276257038116455
06-09-1995,8.1875,8.1875,675200,8.5,8.375,5.356202125549316
07-09-1995,8.375,8.375,1022600,8.5625,8.5625,5.476115703582764
08-09-1995,8.625,8.625,449200,8.875,8.75,5.5960307121276855
11-09-1995,8.6875,8.75,359400,8.875,8.8125,5.636003494262695
12-09-1995,8.75,8.75,362600,9.125,9.125,5.835860729217529
13-09-1995,8.9375,9.0625,715600,9.125,9.0,5.773317813873291
14-09-1995,9.0,9.0,782000,9.25,9.125,5.853503704071045
15-09-1995,9.125,9.1875,499200,9.3125,9.25,5.93368673324585
18-09-1995,9.1875,9.25,510600,9.625,9.5625,6.134147644042969
19-09-1995,9.375,9.5,633000,9.5625,9.5,6.094057083129883
20-09-1995,9.1875,9.3125,568200,9.4375,9.4375,6.053963661193848
21-09-1995,9.0625,9.375,1597800,9.375,9.25,5.93368673324585
22-09-1995,9.125,9.25,681600,9.375,9.375,6.013871669769287
25-09-1995,9.1875,9.5,136800,9.625,9.25,5.93368673324585
26-09-1995,9.0,9.125,105200,9.3125,9.25,5.93368673324585
27-09-1995,9.0,9.125,142400,9.1875,9.125,5.853503704071045
28-09-1995,9.0625,9.1875,340800,9.375,9.375,6.013871669769287
29-09-1995,9.3125,9.3125,63800,9.4375,9.375,6.013871669769287
02-10-1995,9.3125,9.375,412600,9.4375,9.4375,6.053963661193848
03-10-1995,9.375,9.375,149200,9.4375,9.4375,6.053963661193848
04-10-1995,9.4375,9.4375,402400,9.5625,9.5625,6.134147644042969
05-10-1995,9.25,9.5625,113800,9.5625,9.4375,6.053963661193848
06-10-1995,9.375,9.4375,277400,9.5625,9.5625,6.134147644042969
09-10-1995,9.375,9.5,66600,9.5,9.375,6.013871669769287
10-10-1995,9.1875,9.4375,300600,9.4375,9.375,6.013871669769287
11-10-1995,9.3125,9.4375,379000,9.4375,9.4375,6.053963661193848
12-10-1995,9.25,9.4375,314000,9.4375,9.3125,5.973777770996094
13-10-1995,9.3125,9.375,144400,9.375,9.375,6.013871669769287
16-10-1995,9.3125,9.4375,152000,9.46875,9.375,6.013871669769287
17-10-1995,9.3125,9.3125,73600,9.4375,9.375,6.013871669769287
18-10-1995,9.3125,9.4375,130600,9.5,9.4375,6.053963661193848
19-10-1995,9.3125,9.4375,31800,9.4375,9.3125,5.973777770996094
20-10-1995,9.375,9.4375,606000,9.625,9.5,6.094057083129883
23-10-1995,9.25,9.5,110000,9.5,9.4375,6.053963661193848
24-10-1995,9.4375,9.5,124400,9.5625,9.5,6.094057083129883
25-10-1995,9.3125,9.4375,300600,9.5,9.5,6.094057083129883
26-10-1995,9.3125,9.4375,277800,9.4375,9.4375,6.053963661193848
27-10-1995,9.25,9.3125,209800,9.375,9.375,6.013871669769287
30-10-1995,9.25,9.25,169200,9.4375,9.4375,6.053963661193848
31-10-1995,9.3125,9.4375,130600,9.4375,9.3125,5.973777770996094
01-11-1995,9.0,9.25,176600,9.3125,9.0625,5.8134074211120605
02-11-1995,8.125,9.0625,1175600,9.375,8.6875,5.5728559494018555
03-11-1995,8.25,8.6875,823200,8.6875,8.375,5.372391223907471
06-11-1995,8.1875,8.375,796800,8.5,8.4375,5.412485122680664
07-11-1995,8.3125,8.4375,450600,8.4375,8.375,5.372391223907471
08-11-1995,8.25,8.25,357800,8.375,8.375,5.372391223907471
09-11-1995,8.4375,8.4375,562600,8.6875,8.6875,5.5728559494018555
10-11-1995,8.5625,8.625,70000,8.75,8.75,5.612945556640625
13-11-1995,8.875,8.875,431800,9.25,9.125,5.853503704071045
14-11-1995,9.0,9.0,524000,9.4375,9.3125,5.973777770996094
15-11-1995,9.125,9.3125,301000,9.5,9.125,5.853503704071045
16-11-1995,8.875,9.1875,140400,9.1875,9.0625,5.8134074211120605
17-11-1995,8.9375,9.0625,212800,9.0625,9.0,5.773317813873291
20-11-1995,8.8125,9.0625,133200,9.0625,8.8125,5.653039455413818
21-11-1995,9.0,9.0,323600,9.4375,9.375,6.013871669769287
22-11-1995,9.25,9.4375,116400,9.4375,9.3125,5.973777770996094
24-11-1995,9.0625,9.3125,60000,9.3125,9.0625,5.8134074211120605
27-11-1995,9.125,9.125,369600,9.5,9.375,6.013871669769287
28-11-1995,9.375,9.375,250800,9.5625,9.5,6.094057083129883
29-11-1995,9.5,9.5,431800,9.9375,9.9375,6.374705791473389
30-11-1995,9.0,10.0,922200,10.0,9.1875,5.893594741821289
01-12-1995,9.3125,9.3125,1010800,9.625,9.5625,6.134147644042969
04-12-1995,9.5625,9.625,725400,9.9375,9.9375,6.374705791473389
05-12-1995,9.6875,9.9375,426600,9.9375,9.75,6.254427909851074
06-12-1995,9.5,9.75,612600,9.75,9.5625,6.134147644042969
07-12-1995,9.4375,9.5,565200,9.5625,9.5,6.094057083129883
08-12-1995,9.5,9.5,116400,9.625,9.5625,6.134147644042969
11-12-1995,9.4375,9.625,858000,9.625,9.4375,6.053963661193848
12-12-1995,9.375,9.375,1514800,9.5625,9.5,6.094057083129883
13-12-1995,9.375,9.5,498600,9.5,9.375,6.0313310623168945
14-12-1995,9.1875,9.375,571200,9.375,9.25,5.950913429260254
15-12-1995,9.375,9.375,531800,9.5,9.5,6.111749172210693
18-12-1995,9.125,9.375,245000,9.4375,9.25,5.950913429260254
19-12-1995,9.1875,9.1875,113000,9.375,9.375,6.0313310623168945
20-12-1995,9.25,9.25,94200,9.4375,9.4375,6.071539402008057
21-12-1995,8.3125,9.125,242000,9.125,8.8125,5.669450759887695
22-12-1995,8.875,8.875,110600,9.0,9.0,5.790078163146973
26-12-1995,8.875,9.0625,69600,9.0625,9.0,5.790078163146973
27-12-1995,9.0,9.0625,90800,9.0625,9.0625,5.83028507232666
28-12-1995,9.0,9.0625,174800,9.125,9.125,5.870498180389404
29-12-1995,9.0625,9.1875,99200,9.6875,9.6875,6.232374668121338
02-01-1996,9.3125,9.5625,377400,9.5625,9.5625,6.151956081390381
03-01-1996,9.375,9.5,187000,9.5,9.5,6.111749172210693
04-01-1996,9.375,9.375,153400,9.4375,9.375,6.0313310623168945
05-01-1996,9.1875,9.3125,466200,9.4375,9.4375,6.071539402008057
08-01-1996,9.3125,9.4375,25400,9.4375,9.3125,5.991120338439941
09-01-1996,9.25,9.25,61600,9.3125,9.3125,5.991120338439941
10-01-1996,8.875,9.1875,200200,9.1875,8.9375,5.749868869781494
11-01-1996,8.875,8.875,36800,8.9375,8.9375,5.749868869781494
12-01-1996,8.875,8.9375,362400,9.0625,9.0,5.790078163146973
15-01-1996,8.9375,9.0,146800,9.125,8.9375,5.749868869781494
16-01-1996,8.875,9.0,248400,9.0,8.875,5.709658622741699
17-01-1996,8.75,8.875,377200,8.875,8.75,5.629240989685059
18-01-1996,8.8125,8.875,142000,8.9375,8.9375,5.749868869781494
19-01-1996,8.8125,8.8125,296800,9.0,9.0,5.790078163146973
22-01-1996,8.9375,8.9375,82800,9.1875,9.0,5.790078163146973
23-01-1996,8.625,8.9375,261200,8.9375,8.6875,5.5890350341796875
24-01-1996,8.75,8.75,564600,8.9375,8.8125,5.669450759887695
25-01-1996,8.875,8.875,274800,9.0,8.9375,5.749868869781494
26-01-1996,8.875,9.0,54400,9.0,8.9375,5.749868869781494
29-01-1996,8.9375,9.0,92000,9.125,9.0625,5.83028507232666
30-01-1996,9.0625,9.0625,113600,9.375,9.375,6.0313310623168945
31-01-1996,9.25,9.3125,70400,9.375,9.3125,5.991120338439941
01-02-1996,9.25,9.25,344800,9.875,9.6875,6.232374668121338
02-02-1996,9.375,9.6875,274400,9.6875,9.4375,6.071539402008057
05-02-1996,9.4375,9.5,184200,9.625,9.5,6.111749172210693
06-02-1996,9.375,9.4375,294400,9.5,9.4375,6.071539402008057
07-02-1996,9.3125,9.3125,116400,9.4375,9.4375,6.071539402008057
08-02-1996,9.3125,9.4375,325000,9.4375,9.4375,6.071539402008057
09-02-1996,9.375,9.4375,359200,9.5,9.5,6.111749172210693
12-02-1996,9.4375,9.5,164400,9.625,9.625,6.192163944244385
13-02-1996,9.5,9.5625,278200,9.5625,9.5625,6.151956081390381
14-02-1996,9.4375,9.5625,54200,9.625,9.5625,6.151956081390381
15-02-1996,9.5,9.5625,125400,9.8125,9.75,6.272585391998291
16-02-1996,9.4375,9.6875,53400,9.6875,9.5,6.111749172210693
20-02-1996,9.375,9.375,41600,9.5625,9.5,6.111749172210693
21-02-1996,9.4375,9.4375,589000,9.5,9.4375,6.071539402008057
22-02-1996,9.4375,9.5,574200,9.625,9.625,6.192163944244385
23-02-1996,9.5,9.5625,179600,9.625,9.5625,6.151956081390381
26-02-1996,9.625,9.6875,127800,9.75,9.6875,6.232374668121338
27-02-1996,9.625,9.625,257600,9.75,9.6875,6.232374668121338
28-02-1996,9.625,9.75,142800,9.8125,9.625,6.192163944244385
29-02-1996,9.625,9.75,114000,9.84375,9.625,6.192163944244385
01-03-1996,9.625,9.75,81800,9.75,9.625,6.192163944244385
04-03-1996,10.6875,10.9375,1845200,10.9375,10.875,6.996347904205322
05-03-1996,10.6875,10.8125,1961600,10.875,10.75,6.915923595428467
06-03-1996,10.75,10.75,552400,10.8125,10.75,6.93366003036499
07-03-1996,10.75,10.75,405800,10.875,10.875,7.0142903327941895
08-03-1996,10.6875,10.8125,631000,10.8125,10.8125,6.973973274230957
11-03-1996,10.75,10.8125,198000,10.875,10.8125,6.973973274230957
12-03-1996,10.8125,10.8125,356400,10.875,10.8125,6.973973274230957
13-03-1996,10.8125,10.875,491600,10.9375,10.875,7.0142903327941895
14-03-1996,10.875,10.875,535800,11.0625,11.0625,7.135227203369141
15-03-1996,11.0,11.0,216600,11.125,11.0,7.094913005828857
18-03-1996,11.0,11.0,198400,11.1875,11.125,7.175537109375
19-03-1996,11.125,11.125,829800,11.3125,11.1875,7.215848922729492
20-03-1996,11.25,11.25,361000,11.3125,11.3125,7.296469688415527
21-03-1996,11.1875,11.25,687000,11.3125,11.3125,7.296469688415527
22-03-1996,11.25,11.3125,264600,11.375,11.375,7.336782455444336
25-03-1996,11.25,11.3125,260600,11.3125,11.25,7.256161689758301
26-03-1996,11.25,11.3125,208600,11.3125,11.3125,7.296469688415527
27-03-1996,11.25,11.25,255000,11.3125,11.3125,7.296469688415527
28-03-1996,11.1875,11.25,954400,11.3125,11.1875,7.215848922729492
29-03-1996,11.1875,11.1875,422600,11.25,11.1875,7.215848922729492
01-04-1996,11.1875,11.1875,603800,11.25,11.25,7.256161689758301
02-04-1996,11.0,11.25,259400,11.25,11.0,7.094913005828857
03-04-1996,10.625,11.0,196000,11.0,10.625,6.853038311004639
04-04-1996,10.0,10.4375,365800,10.5,10.0,6.449918746948242
08-04-1996,9.75,9.875,537000,10.0,9.75,6.288671970367432
09-04-1996,9.8125,9.8125,183600,10.25,10.25,6.611166000366211
10-04-1996,10.25,10.25,104600,10.5625,10.4375,6.732100486755371
11-04-1996,10.3125,10.3125,100200,10.4375,10.4375,6.732100486755371
12-04-1996,10.5,10.5625,336200,11.0,11.0,7.094913005828857
15-04-1996,10.625,11.0,195400,11.0,10.6875,6.8933515548706055
16-04-1996,10.5,10.625,103000,10.6875,10.5,6.7724151611328125
17-04-1996,10.5,10.5,136600,10.5625,10.5,6.7724151611328125
18-04-1996,10.5625,10.5625,76200,10.875,10.875,7.0142903327941895
19-04-1996,10.875,10.875,109200,11.25,11.25,7.256161689758301
22-04-1996,11.0625,11.25,111600,11.5,11.5,7.4174065589904785
23-04-1996,11.3125,11.5,123000,11.5,11.375,7.336782455444336
24-04-1996,11.3125,11.3125,55200,11.625,11.625,7.498030185699463
25-04-1996,11.5,11.75,130400,11.8125,11.8125,7.6189680099487305
26-04-1996,11.625,11.8125,197200,11.8125,11.6875,7.538341522216797
29-04-1996,11.375,11.5625,44000,11.5625,11.375,7.336782455444336
30-04-1996,11.25,11.3125,128800,11.75,11.6875,7.538341522216797
01-05-1996,11.4375,11.5625,194600,11.625,11.625,7.498030185699463
02-05-1996,11.625,11.625,85000,11.75,11.6875,7.538341522216797
03-05-1996,11.75,11.75,65200,12.0,11.875,7.65927791595459
06-05-1996,11.875,11.875,216800,12.0625,12.0,7.739902019500732
07-05-1996,11.875,12.0,306400,12.0625,11.875,7.65927791595459
08-05-1996,11.6875,11.875,298800,11.9375,11.8125,7.6189680099487305
09-05-1996,11.75,11.875,127800,11.9375,11.875,7.65927791595459
10-05-1996,11.875,11.875,23200,12.0,11.875,7.65927791595459
13-05-1996,11.5625,11.875,131000,11.875,11.5625,7.4577202796936035
14-05-1996,11.5,11.625,45800,11.625,11.5625,7.4577202796936035
15-05-1996,11.3125,11.5,379200,11.5,11.4375,7.377092361450195
16-05-1996,11.375,11.4375,253800,11.6875,11.625,7.498030185699463
17-05-1996,11.625,11.6875,194200,11.875,11.875,7.65927791595459
20-05-1996,11.6875,11.875,218000,11.875,11.875,7.65927791595459
21-05-1996,11.6875,11.875,224800,11.9375,11.75,7.578658103942871
22-05-1996,11.6875,11.75,194200,11.8125,11.75,7.578658103942871
23-05-1996,11.75,11.875,148600,12.0625,11.75,7.578658103942871
24-05-1996,11.6875,11.75,177400,11.875,11.75,7.578658103942871
28-05-1996,11.625,11.6875,66200,11.875,11.875,7.65927791595459
29-05-1996,11.3125,11.75,50000,11.75,11.3125,7.296469688415527
30-05-1996,10.8125,11.3125,123200,11.3125,10.8125,6.973973274230957
31-05-1996,10.8125,10.9375,279000,11.25,11.25,7.256161689758301
03-06-1996,11.0625,11.25,224800,11.25,11.125,7.175537109375
04-06-1996,10.8125,11.0625,105400,11.0625,11.0,7.094913005828857
05-06-1996,10.9375,11.0625,145800,11.5,11.4375,7.377092361450195
06-06-1996,11.3125,11.375,246800,11.4375,11.375,7.336782455444336
07-06-1996,11.1875,11.25,289800,11.4375,11.375,7.336782455444336
10-06-1996,11.0625,11.375,158400,11.4375,11.1875,7.215848922729492
11-06-1996,11.125,11.1875,74000,11.4375,11.4375,7.377092361450195
12-06-1996,11.25,11.3125,112800,11.4375,11.375,7.354470729827881
13-06-1996,11.3125,11.4375,92400,11.4375,11.375,7.354470729827881
14-06-1996,11.1875,11.375,32000,11.375,11.25,7.273649215698242
17-06-1996,10.9375,11.1875,115600,11.25,11.0,7.112010478973389
18-06-1996,11.0625,11.0625,139800,11.25,11.25,7.273649215698242
19-06-1996,11.1875,11.25,58600,11.3125,11.25,7.273649215698242
20-06-1996,11.1875,11.1875,43600,11.25,11.25,7.273649215698242
21-06-1996,11.0625,11.1875,116200,11.25,11.0625,7.152419090270996
24-06-1996,11.0,11.0625,94600,11.15625,11.0625,7.152419090270996
25-06-1996,10.875,11.125,105800,11.125,11.0,7.112010478973389
26-06-1996,10.5,10.625,245800,10.6875,10.5625,6.829145908355713
27-06-1996,9.5625,10.5625,258000,10.5625,9.5625,6.18259859085083
28-06-1996,9.125,9.5,228600,9.6875,9.125,5.899739742279053
01-07-1996,9.25,9.25,503400,9.5,9.3125,6.020965099334717
02-07-1996,9.25,9.3125,176200,9.3125,9.3125,6.020965099334717
03-07-1996,9.3125,9.375,47400,9.375,9.375,6.061374187469482
05-07-1996,8.9375,9.0625,43600,9.625,9.625,6.22300910949707
08-07-1996,9.375,9.5625,121800,9.5625,9.4375,6.101780414581299
09-07-1996,9.3125,9.375,69200,9.4375,9.3125,6.020965099334717
10-07-1996,9.0625,9.25,57800,9.25,9.1875,5.940146446228027
11-07-1996,9.125,9.1875,135200,9.25,9.1875,5.940146446228027
12-07-1996,8.875,9.0,477200,9.0,8.875,5.738099098205566
15-07-1996,8.625,8.75,100800,8.875,8.6875,5.616872310638428
16-07-1996,8.0,8.8125,145200,8.8125,8.3125,5.374416351318359
17-07-1996,8.0625,8.4375,246000,8.625,8.1875,5.2936015129089355
18-07-1996,8.0,8.125,652400,8.25,8.1875,5.2936015129089355
19-07-1996,7.8125,8.0625,138000,8.1875,7.875,5.091555595397949
22-07-1996,7.625,7.875,750200,7.9375,7.625,4.929915904998779
23-07-1996,7.375,7.6875,309000,8.0,7.4375,4.808689117431641
24-07-1996,7.25,7.3125,529000,7.5625,7.5,4.8490986824035645
25-07-1996,7.1875,7.5,493200,7.625,7.4375,4.808689117431641
26-07-1996,7.4375,7.4375,259600,8.0625,8.0,5.172372817993164
29-07-1996,7.75,8.0625,180800,8.1875,7.75,5.010736465454102
30-07-1996,7.6875,7.6875,95000,7.9375,7.9375,5.131964206695557
31-07-1996,7.875,7.9375,169800,8.5,8.375,5.414825439453125
01-08-1996,8.375,8.5,417200,8.5,8.375,5.414825439453125
02-08-1996,8.125,8.3125,330000,8.4375,8.125,5.253190040588379
05-08-1996,8.0625,8.125,260200,8.1875,8.1875,5.2936015129089355
06-08-1996,8.125,8.1875,565600,8.3125,8.3125,5.374416351318359
07-08-1996,8.3125,8.4375,466600,8.5,8.375,5.414825439453125
08-08-1996,8.25,8.3125,482200,8.4375,8.375,5.414825439453125
09-08-1996,8.3125,8.3125,191000,8.75,8.5625,5.536052227020264
12-08-1996,8.5625,8.625,282200,8.875,8.75,5.657280445098877
13-08-1996,8.5,8.6875,131200,8.6875,8.5625,5.536052227020264
14-08-1996,8.4375,8.4375,432800,9.0,9.0,5.818918228149414
15-08-1996,8.8125,8.8125,161200,9.5,9.375,6.061374187469482
16-08-1996,9.3125,9.3125,140400,9.375,9.375,6.061374187469482
19-08-1996,9.0625,9.3125,192800,9.3125,9.125,5.899739742279053
20-08-1996,8.875,9.125,273800,9.125,8.9375,5.778511047363281
21-08-1996,8.6875,9.0,376600,9.0,8.6875,5.616872310638428
22-08-1996,8.75,8.75,175400,8.875,8.8125,5.697689533233643
23-08-1996,8.8125,8.8125,192800,8.9375,8.9375,5.778511047363281
26-08-1996,8.6875,8.8125,63600,8.8125,8.6875,5.616872310638428
27-08-1996,8.625,8.6875,1167400,8.8125,8.625,5.576460838317871
28-08-1996,8.625,8.6875,37400,8.75,8.6875,5.616872310638428
29-08-1996,8.3125,8.6875,134600,8.6875,8.3125,5.374416351318359
30-08-1996,8.0625,8.25,163600,8.25,8.0625,5.2127814292907715
03-09-1996,8.0625,8.125,116400,8.5,8.3125,5.374416351318359
04-09-1996,8.3125,8.4375,111800,8.5625,8.4375,5.455232620239258
05-09-1996,8.1875,8.25,144400,8.5,8.4375,5.455232620239258
06-09-1996,8.3125,8.375,55000,8.5625,8.5,5.495645523071289
09-09-1996,8.375,8.5,98200,8.6875,8.5625,5.536052227020264
10-09-1996,8.25,8.5625,188400,8.6875,8.25,5.334007263183594
11-09-1996,8.125,8.3125,34400,8.375,8.25,5.334007263183594
12-09-1996,8.0625,8.125,477600,8.25,8.1875,5.316151142120361
13-09-1996,8.0625,8.1875,208000,8.1875,8.1875,5.316151142120361
16-09-1996,8.1875,8.1875,198600,8.375,8.25,5.356733322143555
17-09-1996,8.125,8.1875,165800,8.3125,8.25,5.356733322143555
18-09-1996,8.125,8.125,137200,8.4375,8.25,5.356733322143555
19-09-1996,8.0,8.3125,67600,8.375,8.125,5.275571346282959
20-09-1996,8.0,8.0,125200,8.3125,8.25,5.356733322143555
23-09-1996,8.1875,8.1875,44600,8.4375,8.4375,5.47847843170166
24-09-1996,8.1875,8.375,132800,8.375,8.25,5.356733322143555
25-09-1996,8.25,8.25,157200,8.625,8.5,5.519059658050537
26-09-1996,8.3125,8.4375,30800,8.4375,8.3125,5.397315979003906
27-09-1996,8.375,8.375,228000,8.6875,8.6875,5.640804290771484
30-09-1996,8.5625,8.6875,92600,8.6875,8.5625,5.559643268585205
01-10-1996,8.5625,8.5625,85800,8.9375,8.9375,5.80312967300415
02-10-1996,8.875,8.9375,86000,9.0625,9.0625,5.884293556213379
03-10-1996,8.5625,8.9375,107800,8.9375,8.6875,5.640804290771484
04-10-1996,8.5625,8.6875,74600,8.875,8.6875,5.640804290771484
07-10-1996,8.375,8.6875,127600,8.6875,8.5625,5.559643268585205
08-10-1996,8.3125,8.5,142800,8.5625,8.375,5.43789529800415
09-10-1996,8.25,8.375,44000,8.4375,8.3125,5.397315979003906
10-10-1996,8.3125,8.375,40000,8.5,8.3125,5.397315979003906
11-10-1996,8.3125,8.3125,103200,8.4375,8.3125,5.397315979003906
14-10-1996,8.3125,8.3125,100000,8.4375,8.375,5.43789529800415
15-10-1996,8.3125,8.5,108000,8.5,8.3125,5.397315979003906
16-10-1996,8.375,8.4375,31800,8.5,8.5,5.519059658050537
17-10-1996,8.3125,8.5,30200,8.5,8.3125,5.397315979003906
18-10-1996,8.25,8.3125,56800,8.4375,8.4375,5.47847843170166
21-10-1996,7.9375,8.3125,56600,8.375,8.0,5.194406986236572
22-10-1996,7.8125,8.0,136600,8.0,7.875,5.113247871398926
23-10-1996,7.75,7.875,221800,8.0,7.9375,5.153826713562012
24-10-1996,7.875,7.9375,136600,8.0,8.0,5.194406986236572
25-10-1996,7.875,7.9375,550200,8.0625,7.875,5.113247871398926
28-10-1996,7.8125,7.8125,122200,8.0,7.8125,5.072665691375732
29-10-1996,7.875,7.875,64000,8.0625,8.0,5.194406986236572
30-10-1996,7.9375,8.0,45400,8.125,8.0,5.194406986236572
31-10-1996,7.9375,7.9375,122200,8.1875,8.0625,5.234990119934082
01-11-1996,7.9375,8.0,48200,8.3125,8.3125,5.397315979003906
04-11-1996,8.0625,8.1875,47600,8.4375,8.375,5.43789529800415
05-11-1996,8.1875,8.4375,70600,8.4375,8.1875,5.316151142120361
06-11-1996,8.125,8.25,109800,8.3125,8.1875,5.316151142120361
07-11-1996,8.09375,8.125,199200,8.3125,8.25,5.356733322143555
08-11-1996,8.125,8.25,102400,8.3125,8.3125,5.397315979003906
11-11-1996,8.25,8.25,144800,8.5625,8.5,5.519059658050537
12-11-1996,8.6875,8.75,161600,9.125,9.125,5.924874782562256
13-11-1996,8.8125,9.0625,225000,9.0625,8.9375,5.80312967300415
14-11-1996,8.8125,8.875,101000,9.0625,9.0,5.843710422515869
15-11-1996,8.875,9.0,64000,9.0625,9.0,5.843710422515869
18-11-1996,8.875,9.0,100800,9.1875,9.125,5.924874782562256
19-11-1996,9.0625,9.125,110400,9.1875,9.125,5.924874782562256
20-11-1996,8.9375,9.0625,143200,9.125,9.0,5.843710422515869
21-11-1996,8.875,9.0,89000,9.0,9.0,5.843710422515869
22-11-1996,8.9375,9.0,126000,9.1875,9.1875,5.965455532073975
25-11-1996,9.125,9.125,113000,9.25,9.125,5.924874782562256
26-11-1996,9.0,9.125,149400,9.1875,9.0625,5.884293556213379
27-11-1996,8.8125,9.0625,82800,9.125,9.0625,5.884293556213379
29-11-1996,9.0,9.1875,33800,9.25,9.0625,5.884293556213379
02-12-1996,9.0,9.0,37400,9.25,9.25,6.006037712097168
03-12-1996,9.1875,9.1875,66600,9.3125,9.25,6.006037712097168
04-12-1996,9.25,9.25,53800,9.375,9.375,6.087198734283447
05-12-1996,9.0625,9.4375,124200,9.4375,9.25,6.006037712097168
06-12-1996,8.8125,9.125,100600,9.1875,9.125,5.924874782562256
09-12-1996,9.0625,9.1875,57800,9.4375,9.375,6.087198734283447
10-12-1996,9.25,9.375,121600,9.5625,9.5,6.168361186981201
11-12-1996,9.3125,9.375,107000,9.5625,9.5625,6.2089385986328125
12-12-1996,9.1875,9.4375,71200,9.5,9.4375,6.150290489196777
13-12-1996,8.9375,9.3125,220400,9.3125,8.9375,5.824446678161621
16-12-1996,8.5,9.0,133600,9.0,8.625,5.620795726776123
17-12-1996,8.4375,8.5625,123200,8.625,8.4375,5.498601913452148
18-12-1996,7.875,8.4375,291000,8.4375,8.3125,5.417142868041992
19-12-1996,8.3125,8.375,277200,9.125,9.125,5.946641445159912
20-12-1996,9.0,9.0,167200,9.25,9.0625,5.905911922454834
23-12-1996,8.8125,9.0,82400,9.0,8.9375,5.824446678161621
24-12-1996,8.5625,8.9375,91200,8.9375,8.6875,5.661523818969727
26-12-1996,8.75,8.75,75800,8.9375,8.9375,5.824446678161621
27-12-1996,8.8125,8.9375,106400,8.9375,8.875,5.783715724945068
30-12-1996,8.8125,8.8125,220400,9.0625,9.0,5.865177631378174
31-12-1996,8.875,8.9375,115400,9.375,9.0625,5.905911922454834
02-01-1997,8.9375,9.0625,158600,9.5625,9.5625,6.231747627258301
03-01-1997,9.25,9.5,118000,9.5,9.375,6.109560012817383
06-01-1997,9.3125,9.3125,199200,9.875,9.5625,6.231747627258301
07-01-1997,9.4375,9.5625,73800,9.5625,9.5,6.191020965576172
08-01-1997,9.3125,9.4375,79400,9.4375,9.3125,6.068829536437988
09-01-1997,9.1875,9.3125,89200,9.4375,9.4375,6.150290489196777
10-01-1997,9.375,9.375,104600,9.5625,9.5625,6.231747627258301
13-01-1997,9.4375,9.5,61800,9.5625,9.5,6.191020965576172
14-01-1997,9.4375,9.5625,139000,9.5625,9.5625,6.231747627258301
15-01-1997,9.5,9.5,92200,9.5,9.5,6.191020965576172
16-01-1997,9.375,9.5,63600,9.5,9.4375,6.150290489196777
17-01-1997,9.375,9.4375,111600,9.5,9.375,6.109560012817383
20-01-1997,9.25,9.4375,41800,9.4375,9.375,6.109560012817383
21-01-1997,9.3125,9.3125,69400,9.4375,9.375,6.109560012817383
22-01-1997,9.3125,9.375,74000,9.4375,9.4375,6.150290489196777
23-01-1997,9.3125,9.375,74200,9.5,9.375,6.109560012817383
24-01-1997,9.375,9.375,36400,9.5625,9.5625,6.231747627258301
27-01-1997,9.3125,9.5,76400,9.5625,9.3125,6.068829536437988
28-01-1997,9.3125,9.3125,75800,9.5,9.4375,6.150290489196777
29-01-1997,9.3125,9.4375,124800,9.4375,9.3125,6.068829536437988
30-01-1997,9.375,9.375,151000,9.6875,9.5,6.191020965576172
31-01-1997,9.3125,9.4375,160600,9.4375,9.375,6.109560012817383
03-02-1997,9.375,9.375,161000,9.75,9.5625,6.231747627258301
04-02-1997,9.3125,9.5625,131800,9.5625,9.4375,6.150290489196777
05-02-1997,9.375,9.375,104600,9.625,9.5,6.191020965576172
06-02-1997,9.375,9.5625,36400,9.625,9.375,6.109560012817383
07-02-1997,9.375,9.4375,54200,9.6875,9.6875,6.313209533691406
10-02-1997,9.5625,9.6875,39600,9.8125,9.625,6.272477149963379
11-02-1997,9.25,9.5,104600,9.625,9.25,6.028100490570068
12-02-1997,9.3125,9.3125,263800,9.9375,9.625,6.272477149963379
13-02-1997,9.59375,9.625,91600,9.6875,9.625,6.272477149963379
14-02-1997,9.5,9.625,102800,9.6875,9.6875,6.313209533691406
18-02-1997,9.5,9.5,101000,9.8125,9.625,6.272477149963379
19-02-1997,9.625,9.625,161400,9.8125,9.6875,6.313209533691406
20-02-1997,9.6875,9.6875,100200,9.75,9.6875,6.313209533691406
21-02-1997,9.625,9.6875,98000,9.75,9.75,6.353940010070801
24-02-1997,9.5,9.75,90800,9.9375,9.9375,6.476134777069092
25-02-1997,9.75,9.9375,94000,9.9375,9.9375,6.476134777069092
26-02-1997,9.4375,9.875,118800,9.875,9.5625,6.231747627258301
27-02-1997,9.4375,9.5,84600,9.75,9.5625,6.231747627258301
28-02-1997,9.375,9.5,304000,9.9375,9.8125,6.3946709632873535
03-03-1997,9.75,9.8125,247800,9.875,9.8125,6.3946709632873535
04-03-1997,9.75,9.875,162000,9.875,9.875,6.435405254364014
05-03-1997,9.75,9.75,109000,9.875,9.8125,6.3946709632873535
06-03-1997,9.75,9.8125,131400,9.8125,9.75,6.3766865730285645
07-03-1997,9.6875,9.6875,121000,9.75,9.75,6.3766865730285645
10-03-1997,9.625,9.75,115400,9.8125,9.75,6.3766865730285645
11-03-1997,9.6875,9.75,140400,9.875,9.875,6.458439350128174
12-03-1997,9.6875,9.8125,160400,9.8125,9.75,6.3766865730285645
13-03-1997,9.6875,9.6875,256000,10.0,10.0,6.540191650390625
14-03-1997,9.625,9.875,194600,9.875,9.625,6.294933795928955
17-03-1997,9.5,9.625,139800,9.6875,9.5625,6.254058361053467
18-03-1997,9.375,9.5625,157400,9.625,9.5625,6.254058361053467
19-03-1997,9.25,9.625,139800,9.625,9.4375,6.172304630279541
20-03-1997,9.25,9.375,92000,9.4375,9.25,6.049679756164551
21-03-1997,9.125,9.25,175600,9.5625,9.5,6.21318244934082
24-03-1997,9.25,9.375,215000,9.375,9.375,6.131430149078369
25-03-1997,9.3125,9.3125,31000,9.5,9.375,6.131430149078369
26-03-1997,9.0625,9.375,129000,9.625,9.5,6.21318244934082
27-03-1997,9.375,9.4375,82000,9.5625,9.375,6.131430149078369
31-03-1997,8.9375,9.3125,88600,9.5,8.9375,5.845294952392578
01-04-1997,9.0,9.0,50600,9.25,9.1875,6.00880241394043
02-04-1997,8.9375,9.25,104200,9.5,8.9375,5.845294952392578
03-04-1997,8.875,8.9375,40600,9.0625,9.0,5.886174201965332
04-04-1997,8.75,9.0,85800,9.0,9.0,5.886174201965332
07-04-1997,8.875,9.0,73400,9.125,9.125,5.967926979064941
08-04-1997,8.9375,8.9375,86800,9.25,9.25,6.049679756164551
09-04-1997,9.1875,9.25,92400,9.3125,9.25,6.049679756164551
10-04-1997,9.0625,9.1875,55600,9.3125,9.25,6.049679756164551
11-04-1997,9.1875,9.3125,108800,9.375,9.25,6.049679756164551
14-04-1997,9.1875,9.25,201200,9.5,9.5,6.21318244934082
15-04-1997,9.1875,9.375,70400,9.375,9.25,6.049679756164551
16-04-1997,9.1875,9.1875,84800,9.5,9.375,6.131430149078369
17-04-1997,9.0,9.375,65600,9.375,9.0,5.886174201965332
18-04-1997,9.0,9.125,79400,9.125,9.0,5.886174201965332
21-04-1997,8.75,9.0,172800,9.0,8.75,5.722668170928955
22-04-1997,8.75,8.8125,211600,9.1875,9.125,5.967926979064941
23-04-1997,8.875,9.375,114400,9.375,8.875,5.804419994354248
24-04-1997,8.875,8.875,101000,9.0625,9.0,5.886174201965332
25-04-1997,8.75,8.9375,23200,8.9375,8.875,5.804419994354248
28-04-1997,8.875,8.875,93600,9.0,8.9375,5.845294952392578
29-04-1997,8.8125,8.9375,48400,9.0,8.9375,5.845294952392578
30-04-1997,8.75,8.875,129200,9.0,8.8125,5.763543605804443
01-05-1997,8.6875,8.875,88800,8.875,8.875,5.804419994354248
02-05-1997,8.9375,8.9375,105000,9.3125,9.3125,6.09055233001709
05-05-1997,9.1875,9.25,130800,9.4375,9.3125,6.09055233001709
06-05-1997,9.125,9.3125,42400,9.3125,9.25,6.049679756164551
07-05-1997,9.125,9.25,56200,9.25,9.125,5.967926979064941
08-05-1997,9.0625,9.0625,57800,9.28125,9.125,5.967926979064941
09-05-1997,9.125,9.25,53000,9.25,9.25,6.049679756164551
12-05-1997,9.125,9.3125,79800,9.3125,9.3125,6.09055233001709
13-05-1997,9.0625,9.0625,167400,9.3125,9.3125,6.09055233001709
14-05-1997,9.1875,9.3125,98000,9.375,9.25,6.049679756164551
15-05-1997,9.0625,9.1875,53400,9.25,9.0625,5.9270524978637695
16-05-1997,9.0625,9.0625,112200,9.1875,9.1875,6.00880241394043
19-05-1997,9.125,9.1875,77600,9.1875,9.1875,6.00880241394043
20-05-1997,9.25,9.25,108800,9.375,9.375,6.131430149078369
21-05-1997,9.125,9.3125,235400,9.375,9.375,6.131430149078369
22-05-1997,9.25,9.375,112000,9.375,9.3125,6.09055233001709
23-05-1997,9.1875,9.3125,40000,9.3125,9.25,6.049679756164551
27-05-1997,9.1875,9.1875,45200,9.3125,9.25,6.049679756164551
28-05-1997,9.1875,9.1875,143000,9.375,9.25,6.049679756164551
29-05-1997,9.3125,9.3125,79200,9.375,9.375,6.131430149078369
30-05-1997,9.1875,9.3125,44800,9.375,9.375,6.131430149078369
02-06-1997,9.125,9.25,131600,9.3125,9.125,5.967926979064941
03-06-1997,9.0625,9.125,121600,9.375,9.1875,6.00880241394043
04-06-1997,9.0625,9.125,135400,9.3125,9.125,5.967926979064941
05-06-1997,9.125,9.125,261400,9.3125,9.3125,6.09055233001709
06-06-1997,9.3125,9.3125,105400,9.375,9.3125,6.09055233001709
09-06-1997,9.3125,9.3125,179200,9.4375,9.3125,6.09055233001709
10-06-1997,9.25,9.3125,489400,9.375,9.3125,6.09055233001709
11-06-1997,9.3125,9.375,81400,9.5,9.4375,6.172304630279541
12-06-1997,9.4375,9.4375,588000,10.0,9.8125,6.4414496421813965
13-06-1997,9.6875,9.6875,275400,10.0,9.9375,6.52351188659668
16-06-1997,9.8125,9.875,126800,10.0,9.9375,6.52351188659668
17-06-1997,9.75,9.875,163600,10.1875,10.1875,6.6876220703125
18-06-1997,10.0,10.125,126400,10.1875,10.125,6.6465935707092285
19-06-1997,9.875,10.0625,147200,10.25,9.875,6.482481479644775
20-06-1997,9.9375,9.9375,102800,10.125,10.125,6.6465935707092285
23-06-1997,9.9375,9.9375,230800,10.1875,10.0625,6.605565071105957
24-06-1997,10.0,10.0,69200,10.21875,10.125,6.6465935707092285
25-06-1997,9.625,10.15625,173200,10.1875,9.625,6.3183674812316895
26-06-1997,9.6875,9.6875,318600,10.34375,10.0,6.56453800201416
27-06-1997,10.03125,10.03125,229200,10.3125,10.3125,6.769679069519043
30-06-1997,10.28125,10.5,340600,10.75,10.53125,6.913280010223389
01-07-1997,10.40625,10.53125,170600,11.1875,11.0,7.2209906578063965
02-07-1997,11.0,11.0,374200,11.375,11.375,7.467161178588867
03-07-1997,11.375,11.375,223800,11.5,11.4375,7.508189678192139
07-07-1997,10.875,11.5625,192400,11.5625,10.9375,7.179963111877441
08-07-1997,10.9375,11.0,132000,11.3125,11.25,7.385103702545166
09-07-1997,10.78125,11.25,198800,11.25,10.9375,7.179963111877441
10-07-1997,10.96875,11.0,77200,11.1875,11.0625,7.262017726898193
11-07-1997,10.90625,10.96875,40600,11.09375,11.0625,7.262017726898193
14-07-1997,10.90625,11.0625,110600,11.21875,11.03125,7.241504669189453
15-07-1997,11.0,11.0625,467800,11.15625,11.0,7.2209906578063965
16-07-1997,11.0,11.03125,216800,11.5,11.46875,7.528703689575195
17-07-1997,11.25,11.4375,71200,11.4375,11.28125,7.405617713928223
18-07-1997,10.90625,11.34375,115200,11.46875,11.09375,7.282533168792725
21-07-1997,11.0625,11.09375,82800,11.21875,11.21875,7.364589691162109
22-07-1997,11.03125,11.15625,64400,11.1875,11.15625,7.3235650062561035
23-07-1997,11.25,11.28125,65800,11.375,11.34375,7.446645736694336
24-07-1997,11.15625,11.625,232200,11.90625,11.375,7.467161178588867
25-07-1997,11.03125,11.5,102800,11.5,11.125,7.303049564361572
28-07-1997,10.9375,11.0625,180400,11.21875,11.21875,7.364589691162109
29-07-1997,11.25,11.28125,79000,11.5,11.5,7.549216270446777
30-07-1997,11.375,11.46875,157800,11.71875,11.6875,7.672302722930908
31-07-1997,11.6875,11.6875,136400,12.03125,12.0,7.877444267272949
01-08-1997,11.90625,11.9375,113000,12.09375,12.03125,7.897959232330322
04-08-1997,11.96875,12.09375,155200,12.125,12.125,7.959499359130859
05-08-1997,11.875,12.09375,66400,12.09375,11.90625,7.815901756286621
06-08-1997,11.6875,11.75,277200,11.96875,11.96875,7.856929302215576
07-08-1997,11.875,11.9375,155400,12.0,11.9375,7.836420059204102
08-08-1997,11.8125,11.875,96800,11.96875,11.875,7.795388221740723
11-08-1997,11.875,11.875,118400,11.96875,11.90625,7.815901756286621
12-08-1997,11.78125,11.90625,89800,11.96875,11.78125,7.733845233917236
13-08-1997,11.78125,11.78125,150000,12.0,11.90625,7.815901756286621
14-08-1997,11.875,11.9375,330800,11.96875,11.9375,7.836420059204102
15-08-1997,11.65625,11.90625,129800,11.9375,11.71875,7.692817687988281
18-08-1997,11.4375,11.78125,91800,11.78125,11.53125,7.569730758666992
19-08-1997,11.40625,11.46875,265600,11.625,11.59375,7.610764503479004
20-08-1997,11.59375,11.625,216200,11.84375,11.6875,7.672302722930908
21-08-1997,11.5,11.625,127000,11.65625,11.59375,7.610764503479004
22-08-1997,11.0625,11.46875,188600,11.65625,11.65625,7.651788234710693
25-08-1997,11.5625,11.65625,46800,11.78125,11.59375,7.610764503479004
26-08-1997,11.53125,11.5625,156000,11.75,11.6875,7.672302722930908
27-08-1997,11.5,11.5625,152400,11.78125,11.75,7.713330268859863
28-08-1997,11.46875,11.75,259200,11.75,11.5625,7.590246677398682
29-08-1997,11.59375,11.59375,351200,12.28125,12.28125,8.0620698928833
02-09-1997,12.28125,12.6875,400000,13.03125,12.3125,8.082589149475098
03-09-1997,12.3125,12.3125,301200,13.03125,13.0,8.533892631530762
04-09-1997,12.6875,13.0,140400,13.1875,12.71875,8.349268913269043
05-09-1997,12.59375,12.71875,230400,12.75,12.71875,8.349268913269043
08-09-1997,12.84375,12.84375,403000,13.1875,12.90625,8.472352981567383
09-09-1997,12.84375,12.9375,159200,13.0625,13.0625,8.574922561645508
10-09-1997,13.0625,13.0625,105000,13.34375,13.28125,8.718524932861328
11-09-1997,13.125,13.15625,277000,13.1875,13.15625,8.665831565856934
12-09-1997,13.15625,13.1875,137200,13.5,13.5,8.892255783081055
15-09-1997,13.40625,13.5,341400,13.59375,13.40625,8.830497741699219
16-09-1997,13.5,13.5,227000,13.59375,13.53125,8.912835121154785
17-09-1997,13.46875,13.59375,290600,13.625,13.53125,8.912835121154785
18-09-1997,13.46875,13.53125,242000,13.625,13.5,8.892255783081055
19-09-1997,13.375,13.59375,289800,13.59375,13.4375,8.851083755493164
22-09-1997,13.40625,13.40625,340400,13.5,13.46875,8.871670722961426
23-09-1997,13.3125,13.4375,198400,13.46875,13.34375,8.789335250854492
24-09-1997,13.09375,13.34375,311600,13.34375,13.1875,8.686416625976562
25-09-1997,13.125,13.25,260200,13.34375,13.3125,8.76875114440918
26-09-1997,13.125,13.34375,136000,13.40625,13.15625,8.665831565856934
29-09-1997,13.0625,13.125,320000,13.28125,13.21875,8.706998825073242
30-09-1997,12.5,13.15625,565000,13.28125,12.59375,8.295318603515625
01-10-1997,12.625,12.625,209800,12.96875,12.9375,8.521746635437012
02-10-1997,12.96875,13.03125,135400,13.375,13.15625,8.665831565856934
03-10-1997,13.0,13.1875,104600,13.25,13.0,8.562910079956055
06-10-1997,13.0,13.0,124200,13.1875,13.0625,8.604076385498047
07-10-1997,12.9375,13.0,130200,13.0,13.0,8.562910079956055
08-10-1997,12.75,12.90625,84000,13.0,12.90625,8.501155853271484
09-10-1997,12.734375,12.84375,51200,12.9375,12.84375,8.459991455078125
10-10-1997,12.53125,12.78125,76600,12.9375,12.75,8.398237228393555
13-10-1997,12.75,12.75,104000,13.03125,13.03125,8.583495140075684
14-10-1997,12.84375,12.84375,67000,12.96875,12.96875,8.542325973510742
15-10-1997,12.78125,12.84375,33400,13.15625,13.09375,8.624661445617676
16-10-1997,12.8125,13.03125,69800,13.1875,12.8125,8.439407348632812
17-10-1997,12.15625,12.71875,92400,12.75,12.53125,8.254155158996582
20-10-1997,12.28125,12.40625,145200,12.625,12.625,8.315902709960938
21-10-1997,12.34375,12.5,151400,12.5,12.375,8.151230812072754
22-10-1997,12.1875,12.28125,50400,12.625,12.625,8.315902709960938
23-10-1997,12.34375,12.5,62200,12.625,12.625,8.315902709960938
24-10-1997,12.3125,12.5,63800,12.71875,12.71875,8.377655982971191
27-10-1997,11.625,12.65625,66200,12.65625,11.65625,7.677803039550781
28-10-1997,10.9375,11.09375,186400,11.875,11.875,7.821890830993652
29-10-1997,11.78125,11.9375,89400,12.28125,12.28125,8.089478492736816
30-10-1997,11.71875,12.15625,78200,12.15625,11.75,7.739556789398193
31-10-1997,11.6875,11.75,82600,12.125,12.125,7.9865641593933105
03-11-1997,12.0,12.1875,88600,12.75,12.75,8.398237228393555
04-11-1997,12.21875,12.625,98200,12.625,12.3125,8.110069274902344
05-11-1997,12.0625,12.21875,82400,12.375,12.375,8.151230812072754
06-11-1997,12.0,12.3125,186200,12.3125,12.15625,8.007144927978516
07-11-1997,11.875,12.0625,65600,12.09375,12.03125,7.924806594848633
10-11-1997,12.03125,12.0625,118000,12.1875,12.09375,7.9659810066223145
11-11-1997,12.03125,12.03125,17800,12.1875,12.125,7.9865641593933105
12-11-1997,11.78125,12.125,79400,12.125,11.78125,7.760138034820557
13-11-1997,11.6875,11.90625,47800,11.96875,11.6875,7.698389053344727
14-11-1997,11.6875,11.6875,77800,12.125,11.9375,7.863055229187012
17-11-1997,11.84375,11.84375,80400,12.25,12.21875,8.04831314086914
18-11-1997,12.0625,12.21875,58000,12.25,12.09375,7.9659810066223145
19-11-1997,12.0,12.09375,49200,12.21875,12.03125,7.924806594848633
20-11-1997,11.96875,11.96875,84600,12.53125,12.53125,8.254155158996582
21-11-1997,12.46875,12.65625,40800,12.71875,12.53125,8.254155158996582
24-11-1997,12.125,12.4375,64400,12.4375,12.125,7.9865641593933105
25-11-1997,11.96875,12.25,264200,12.28125,12.09375,7.9659810066223145
26-11-1997,12.0,12.0625,63800,12.28125,12.0625,7.9453935623168945
28-11-1997,12.0625,12.0625,20400,12.625,12.5,8.233567237854004
01-12-1997,12.1875,12.375,432400,12.4375,12.1875,8.027728080749512
02-12-1997,11.9375,12.0625,102400,12.4375,12.375,8.151230812072754
03-12-1997,12.40625,12.4375,169800,12.9375,12.90625,8.501155853271484
04-12-1997,12.65625,12.84375,205600,12.90625,12.65625,8.33648681640625
05-12-1997,12.625,12.65625,143600,12.75,12.65625,8.33648681640625
08-12-1997,12.59375,12.65625,46400,12.65625,12.625,8.315902709960938
09-12-1997,12.53125,12.625,67000,12.625,12.53125,8.254155158996582
10-12-1997,12.25,12.5,183400,12.59375,12.46875,8.212980270385742
11-12-1997,12.25,12.28125,137600,12.59375,12.25,8.09812068939209
12-12-1997,12.21875,12.25,153800,12.5625,12.21875,8.077460289001465
15-12-1997,11.9375,12.15625,512600,12.25,12.0,7.932855606079102
16-12-1997,11.75,11.9375,2432600,12.3125,12.0,7.932855606079102
17-12-1997,12.0,12.0,43800,12.21875,12.125,8.01548957824707
18-12-1997,11.875,12.15625,133000,12.25,11.875,7.850219249725342
19-12-1997,11.65625,11.75,365800,11.84375,11.65625,7.70561408996582
22-12-1997,11.75,11.75,73600,12.125,12.125,8.01548957824707
23-12-1997,11.875,11.9375,79200,12.09375,11.875,7.850219249725342
24-12-1997,11.625,11.9375,160600,12.0625,11.625,7.684955596923828
26-12-1997,11.6875,11.6875,20600,11.96875,11.90625,7.870882987976074
29-12-1997,12.0,12.0,66600,12.3125,12.15625,8.036149978637695
30-12-1997,12.15625,12.15625,92200,12.625,12.59375,8.325362205505371
31-12-1997,11.9375,12.65625,177800,12.75,11.9375,7.891542434692383
02-01-1998,11.6875,11.9375,119800,12.03125,12.03125,7.953514099121094
05-01-1998,11.84375,11.96875,180800,12.09375,12.03125,7.953514099121094
06-01-1998,11.625,12.03125,675200,12.0625,11.875,7.850219249725342
07-01-1998,11.65625,11.8125,114600,11.84375,11.65625,7.70561408996582
08-01-1998,11.53125,11.59375,68600,11.8125,11.53125,7.622981071472168
09-01-1998,11.15625,11.625,67800,11.625,11.1875,7.395732879638672
12-01-1998,10.8125,11.0625,127600,11.46875,11.34375,7.499025821685791
13-01-1998,11.25,11.3125,138200,11.40625,11.375,7.519683837890625
14-01-1998,10.90625,11.34375,479800,11.46875,11.0625,7.313101768493652
15-01-1998,10.90625,11.1875,263400,11.25,10.9375,7.230469226837158
16-01-1998,10.9375,10.96875,132000,11.03125,10.96875,7.251124382019043
20-01-1998,10.875,11.0,158400,11.125,11.0625,7.313101768493652
21-01-1998,10.78125,11.0625,109200,11.0625,10.9375,7.230469226837158
22-01-1998,10.78125,10.9375,67800,10.9375,10.875,7.189148902893066
23-01-1998,10.65625,10.875,145800,10.875,10.75,7.106517314910889
26-01-1998,10.5,10.5625,147200,10.6875,10.65625,7.0445427894592285
27-01-1998,10.59375,10.59375,207000,10.84375,10.84375,7.168491363525391
28-01-1998,10.96875,10.96875,253800,11.28125,11.21875,7.41639518737793
29-01-1998,10.8125,11.21875,179200,11.4375,10.9375,7.230469226837158
30-01-1998,10.71875,10.90625,243400,11.28125,11.0625,7.313101768493652
02-02-1998,11.0625,11.125,174800,11.46875,11.34375,7.499025821685791
03-02-1998,11.3125,11.40625,176400,11.40625,11.375,7.519683837890625
04-02-1998,11.21875,11.375,249000,11.40625,11.375,7.519683837890625
05-02-1998,11.28125,11.3125,79600,11.5625,11.5625,7.6436333656311035
06-02-1998,11.4375,11.59375,118400,11.75,11.46875,7.581662178039551
09-02-1998,11.3125,11.46875,79600,11.6875,11.625,7.684955596923828
10-02-1998,11.5625,11.65625,76400,11.75,11.5625,7.6436333656311035
11-02-1998,11.53125,11.53125,166600,12.0,11.875,7.850219249725342
12-02-1998,11.78125,11.84375,195400,11.96875,11.9375,7.891542434692383
13-02-1998,11.78125,11.84375,50400,11.96875,11.84375,7.829560279846191
17-02-1998,11.78125,11.78125,59200,11.9375,11.84375,7.829560279846191
18-02-1998,11.75,11.78125,71000,11.90625,11.78125,7.788243293762207
19-02-1998,11.75,11.75,113000,12.0,11.9375,7.891542434692383
20-02-1998,11.84375,11.90625,134000,12.0625,12.0,7.932855606079102
23-02-1998,11.9375,12.0,83600,12.1875,12.15625,8.036149978637695
24-02-1998,11.84375,12.0625,122600,12.0625,11.9375,7.891542434692383
25-02-1998,11.6875,11.84375,206800,12.0,11.6875,7.726272106170654
26-02-1998,11.625,11.625,142400,12.25,12.15625,8.036149978637695
27-02-1998,12.03125,12.09375,73200,12.21875,12.1875,8.056809425354004
02-03-1998,12.09375,12.15625,150400,12.5,12.21875,8.077460289001465
03-03-1998,12.125,12.15625,1159800,12.75,12.5,8.263389587402344
04-03-1998,12.0,12.4375,152600,12.4375,12.21875,8.077460289001465
05-03-1998,12.03125,12.1875,289600,12.5,12.46875,8.242734909057617
06-03-1998,12.28125,12.375,141200,12.59375,12.34375,8.160097122192383
09-03-1998,12.21875,12.4375,92400,12.6875,12.28125,8.118781089782715
10-03-1998,12.15625,12.21875,92200,12.59375,12.5,8.263389587402344
11-03-1998,12.09375,12.4375,362200,12.46875,12.4375,8.222073554992676
12-03-1998,12.34375,12.4375,50600,12.46875,12.34375,8.189727783203125
13-03-1998,12.21875,12.3125,37000,12.375,12.3125,8.16899299621582
16-03-1998,12.375,12.4375,80800,12.65625,12.59375,8.35559368133545
17-03-1998,12.3125,12.625,52600,12.625,12.5,8.293395042419434
18-03-1998,12.40625,12.4375,60600,12.5625,12.4375,8.251928329467773
19-03-1998,12.34375,12.40625,129200,12.59375,12.5,8.293395042419434
20-03-1998,12.375,12.4375,143000,12.625,12.59375,8.35559368133545
23-03-1998,12.4375,12.5,131800,12.78125,12.625,8.376331329345703
24-03-1998,12.5,12.78125,161600,12.84375,12.8125,8.500730514526367
25-03-1998,12.34375,12.75,1958800,12.96875,12.59375,8.35559368133545
26-03-1998,12.375,12.65625,92600,12.8125,12.40625,8.231191635131836
27-03-1998,12.0625,12.3125,150400,12.40625,12.375,8.210465431213379
30-03-1998,12.375,12.46875,102800,12.71875,12.5,8.293395042419434
31-03-1998,12.46875,12.59375,91400,12.8125,12.625,8.376331329345703
01-04-1998,12.375,12.375,236400,12.8125,12.78125,8.479995727539062
02-04-1998,12.75,12.875,134000,13.09375,13.0,8.625133514404297
03-04-1998,12.71875,12.9375,117200,13.0625,12.75,8.459266662597656
06-04-1998,12.46875,12.71875,82000,12.75,12.5,8.293395042419434
07-04-1998,12.0625,12.46875,143400,12.5,12.40625,8.231191635131836
08-04-1998,12.21875,12.4375,91200,12.53125,12.53125,8.314130783081055
09-04-1998,12.375,12.5,245600,12.78125,12.40625,8.231191635131836
13-04-1998,12.34375,12.375,21800,12.5625,12.46875,8.272665977478027
14-04-1998,12.4375,12.4375,84000,12.90625,12.875,8.542197227478027
15-04-1998,12.65625,12.78125,78600,12.875,12.65625,8.397062301635742
16-04-1998,12.5625,12.625,80400,12.6875,12.65625,8.397062301635742
17-04-1998,12.65625,12.65625,45000,12.8125,12.8125,8.500730514526367
20-04-1998,12.65625,12.84375,132800,12.90625,12.90625,8.562933921813965
21-04-1998,12.59375,12.875,179600,12.875,12.6875,8.417794227600098
22-04-1998,12.65625,12.65625,49800,12.90625,12.875,8.542197227478027
23-04-1998,12.5,12.8125,139200,12.8125,12.59375,8.35559368133545
24-04-1998,12.375,12.40625,141600,12.65625,12.4375,8.251928329467773
27-04-1998,12.3125,12.4375,144400,12.4375,12.3125,8.16899299621582
28-04-1998,12.1875,12.34375,64000,12.53125,12.375,8.210465431213379
29-04-1998,12.3125,12.375,106800,12.625,12.4375,8.251928329467773
30-04-1998,12.375,12.46875,150800,12.75,12.4375,8.251928329467773
01-05-1998,12.4375,12.4375,72000,12.53125,12.53125,8.314130783081055
04-05-1998,12.375,12.5,92000,12.75,12.71875,8.438528060913086
05-05-1998,12.1875,12.5625,230400,12.5625,12.28125,8.148260116577148
06-05-1998,12.21875,12.25,103400,12.53125,12.25,8.12752628326416
07-05-1998,12.15625,12.21875,35000,12.40625,12.25,8.12752628326416
08-05-1998,12.25,12.25,91200,12.5625,12.4375,8.251928329467773
11-05-1998,12.1875,12.40625,72000,12.46875,12.46875,8.272665977478027
12-05-1998,12.21875,12.4375,57400,12.5,12.5,8.293395042419434
13-05-1998,12.5,12.5,70200,12.8125,12.75,8.459266662597656
14-05-1998,12.5,12.71875,44600,12.71875,12.625,8.376331329345703
15-05-1998,12.5,12.625,38600,12.71875,12.53125,8.314130783081055
18-05-1998,12.4375,12.5625,89800,12.625,12.53125,8.314130783081055
19-05-1998,12.5,12.59375,136800,12.78125,12.78125,8.479995727539062
20-05-1998,12.78125,12.875,253400,12.9375,12.90625,8.562933921813965
21-05-1998,12.65625,12.90625,156800,13.0625,12.6875,8.417794227600098
22-05-1998,12.625,12.6875,51000,12.75,12.6875,8.417794227600098
26-05-1998,12.34375,12.6875,69000,12.6875,12.375,8.210465431213379
27-05-1998,11.9375,12.4375,86800,12.4375,12.0,7.961659908294678
28-05-1998,11.9375,12.0,82600,12.21875,12.0,7.961659908294678
29-05-1998,12.03125,12.0625,95000,12.21875,12.15625,8.065330505371094
01-06-1998,12.03125,12.15625,124800,12.5,12.03125,7.982395172119141
02-06-1998,11.9375,12.09375,99600,12.3125,12.125,8.044593811035156
03-06-1998,11.875,12.0625,90600,12.0625,11.96875,7.940927982330322
04-06-1998,11.75,11.90625,64000,12.125,12.125,8.044593811035156
05-06-1998,11.9375,12.125,32600,12.34375,12.34375,8.189727783203125
08-06-1998,11.84375,12.34375,70400,12.34375,12.21875,8.106790542602539
09-06-1998,11.8125,12.21875,138600,12.21875,12.09375,8.023859977722168
10-06-1998,11.875,12.0,25800,12.09375,11.875,7.878725528717041
11-06-1998,11.375,11.71875,105400,11.78125,11.625,7.742196083068848
12-06-1998,11.0625,11.75,153600,11.75,11.40625,7.5965118408203125
15-06-1998,11.3125,11.46875,100600,11.46875,11.34375,7.554886341094971
16-06-1998,11.28125,11.3125,105800,11.53125,11.46875,7.638139247894287
17-06-1998,11.09375,11.4375,812400,11.5,11.25,7.492447853088379
18-06-1998,10.75,11.0625,148400,11.0625,10.90625,7.263514518737793
19-06-1998,10.65625,10.65625,245400,11.1875,11.0,7.325950622558594
22-06-1998,10.75,10.90625,79400,11.125,10.96875,7.305138111114502
23-06-1998,10.875,11.0625,178800,11.21875,10.90625,7.263514518737793
24-06-1998,10.8125,10.8125,118600,11.0,10.9375,7.284326553344727
25-06-1998,10.8125,10.8125,157000,11.375,11.0,7.325950622558594
26-06-1998,10.8125,11.09375,123600,11.125,11.125,7.409201145172119
29-06-1998,10.8125,11.125,88400,11.21875,10.96875,7.305138111114502
30-06-1998,10.78125,11.0,156400,11.25,11.03125,7.346764087677002
01-07-1998,11.15625,11.15625,197600,11.59375,11.53125,7.679762363433838
02-07-1998,11.25,11.375,192400,11.65625,11.65625,7.763012886047363
06-07-1998,11.53125,11.5625,181400,11.9375,11.9375,7.950322151184082
07-07-1998,11.84375,11.875,60600,11.96875,11.9375,7.950322151184082
08-07-1998,11.90625,11.96875,229000,12.5,12.5,8.324943542480469
09-07-1998,12.125,12.46875,335200,12.53125,12.21875,8.137628555297852
10-07-1998,11.875,12.375,120600,12.375,12.09375,8.054381370544434
13-07-1998,11.6875,12.0,75400,12.0625,11.6875,7.783823490142822
14-07-1998,11.5,11.625,39800,11.78125,11.5625,7.700570583343506
15-07-1998,11.5,11.59375,38400,11.625,11.5625,7.700570583343506
16-07-1998,11.375,11.53125,147200,11.65625,11.46875,7.638139247894287
17-07-1998,11.5,11.53125,61000,11.625,11.5625,7.700570583343506
20-07-1998,11.40625,11.59375,167200,11.6875,11.5625,7.700570583343506
21-07-1998,11.0,11.40625,144400,11.4375,11.25,7.492447853088379
22-07-1998,10.75,11.1875,179200,11.1875,10.75,7.15945291519165
23-07-1998,10.5625,10.75,172000,10.875,10.875,7.242702484130859
24-07-1998,10.34375,10.8125,220600,10.875,10.46875,6.972139835357666
27-07-1998,10.0625,10.4375,75800,10.5,10.4375,6.951324939727783
28-07-1998,10.0625,10.40625,326000,10.46875,10.09375,6.722393035888672
29-07-1998,10.125,10.1875,88200,10.21875,10.125,6.7432026863098145
30-07-1998,10.03125,10.15625,168800,10.25,10.125,6.7432026863098145
31-07-1998,9.625,10.09375,257600,10.125,9.65625,6.4310197830200195
03-08-1998,9.625,9.6875,151800,10.09375,9.875,6.576705455780029
04-08-1998,9.625,9.8125,305800,10.0625,9.90625,6.597517967224121
05-08-1998,9.53125,9.78125,164400,9.8125,9.71875,6.472644329071045
06-08-1998,9.53125,9.6875,90400,9.75,9.75,6.4934563636779785
07-08-1998,9.75,9.75,169400,10.40625,10.0625,6.701577186584473
10-08-1998,9.90625,10.15625,172600,10.15625,9.96875,6.639142036437988
11-08-1998,9.375,9.84375,110400,9.84375,9.75,6.4934563636779785
12-08-1998,9.53125,9.8125,70200,9.96875,9.53125,6.347769737243652
13-08-1998,9.125,9.5625,343400,9.625,9.21875,6.13964319229126
14-08-1998,8.9375,9.1875,179600,9.375,9.21875,6.13964319229126
17-08-1998,9.09375,9.25,157800,9.3125,9.09375,6.056396007537842
18-08-1998,9.03125,9.09375,116400,9.25,9.25,6.160456657409668
19-08-1998,9.0625,9.21875,121000,9.40625,9.125,6.077211856842041
20-08-1998,9.0,9.0625,95800,9.125,9.125,6.077211856842041
21-08-1998,8.40625,9.09375,132600,9.09375,8.71875,5.806646823883057
24-08-1998,9.125,9.125,367200,9.5,9.4375,6.285330295562744
25-08-1998,9.40625,9.5,256000,9.625,9.40625,6.264517784118652
26-08-1998,9.3125,9.375,323800,9.40625,9.3125,6.202085971832275
27-08-1998,8.75,9.3125,208000,9.3125,8.75,5.827459335327148
28-08-1998,8.75,8.75,163400,8.96875,8.8125,5.869087219238281
31-08-1998,8.375,8.75,228200,8.78125,8.40625,5.598523139953613
01-09-1998,8.40625,8.40625,169800,8.6875,8.625,5.7442145347595215
02-09-1998,8.625,8.625,214800,8.875,8.78125,5.848273277282715
03-09-1998,8.6875,8.78125,187000,8.84375,8.78125,5.848273277282715
04-09-1998,8.71875,8.78125,55400,8.84375,8.75,5.827459335327148
08-09-1998,8.75,8.75,157800,9.09375,9.0,5.993959426879883
09-09-1998,8.78125,8.96875,219400,9.0,8.78125,5.848273277282715
10-09-1998,8.75,8.8125,123400,8.96875,8.75,5.827459335327148
11-09-1998,8.6875,8.75,87400,8.8125,8.8125,5.89942741394043
14-09-1998,8.875,8.875,118800,9.0,9.0,6.024946689605713
15-09-1998,9.0,9.0625,221000,9.3125,9.3125,6.234147071838379
16-09-1998,9.3125,9.3125,289600,9.4375,9.34375,6.255065441131592
17-09-1998,9.15625,9.28125,125000,9.3125,9.21875,6.171380996704102
18-09-1998,9.03125,9.3125,223200,9.3125,9.25,6.192303657531738
21-09-1998,9.125,9.1875,151800,9.25,9.25,6.192303657531738
22-09-1998,9.21875,9.21875,244200,9.34375,9.34375,6.255065441131592
23-09-1998,9.375,9.375,306400,9.6875,9.5,6.359664440155029
24-09-1998,9.28125,9.5,225400,9.5625,9.34375,6.255065441131592
25-09-1998,9.28125,9.3125,166600,9.40625,9.3125,6.234147071838379
28-09-1998,9.15625,9.3125,120000,9.46875,9.15625,6.129543304443359
29-09-1998,9.125,9.15625,103400,9.21875,9.15625,6.129543304443359
30-09-1998,9.125,9.1875,88800,9.4375,9.40625,6.296902656555176
01-10-1998,9.3125,9.3125,274200,10.3125,10.0625,6.736220836639404
02-10-1998,9.8125,10.0625,73000,10.0625,9.90625,6.631621360778809
05-10-1998,9.375,9.78125,133600,9.78125,9.5,6.359664440155029
06-10-1998,9.5,9.5625,46000,9.78125,9.53125,6.380585193634033
07-10-1998,9.0625,9.3125,125600,9.6875,9.6875,6.48518180847168
08-10-1998,9.3125,9.5625,93400,9.75,9.75,6.527023792266846
09-10-1998,9.6875,9.75,71800,10.0625,10.0625,6.736220836639404
12-10-1998,9.625,10.0625,84200,10.0625,9.8125,6.568864822387695
13-10-1998,9.3125,9.875,149600,9.90625,9.46875,6.338744163513184
14-10-1998,9.5,9.5,92000,10.0,9.96875,6.673463344573975
15-10-1998,9.84375,10.0,192200,10.125,10.0625,6.736220836639404
16-10-1998,10.125,10.125,95000,10.5625,10.4375,6.987258434295654
19-10-1998,10.375,10.40625,103200,10.5,10.375,6.945423126220703
20-10-1998,10.28125,10.40625,116000,10.5,10.4375,6.987258434295654
21-10-1998,10.03125,10.1875,215200,10.375,10.15625,6.798983097076416
22-10-1998,10.03125,10.09375,179400,10.25,10.09375,6.757143497467041
23-10-1998,9.96875,10.0625,76200,10.109375,10.0,6.694382190704346
26-10-1998,9.875,9.9375,58400,10.0625,10.0625,6.736220836639404
27-10-1998,9.46875,10.0625,162200,10.15625,10.125,6.778061389923096
28-10-1998,9.9375,10.1875,70600,10.1875,10.0,6.694382190704346
29-10-1998,9.875,10.0,59400,10.0,9.96875,6.673463344573975
30-10-1998,9.4375,9.9375,174200,10.0,9.53125,6.380585193634033
02-11-1998,9.59375,9.59375,141000,9.8125,9.625,6.44334077835083
03-11-1998,9.53125,9.6875,136200,9.75,9.71875,6.506104946136475
04-11-1998,9.625,9.75,208600,9.90625,9.71875,6.506104946136475
05-11-1998,9.65625,9.71875,78400,9.84375,9.78125,6.547943592071533
06-11-1998,9.625,9.75,87800,10.0,9.75,6.527023792266846
09-11-1998,9.65625,9.8125,94800,9.84375,9.65625,6.464263916015625
10-11-1998,9.5625,9.625,108600,9.625,9.5625,6.4015045166015625
11-11-1998,9.5,9.625,106000,9.96875,9.9375,6.652546405792236
12-11-1998,9.625,10.0,153400,10.34375,9.625,6.44334077835083
13-11-1998,9.59375,9.6875,109000,9.78125,9.6875,6.48518180847168
16-11-1998,9.5,9.625,294400,9.8125,9.5625,6.4015045166015625
17-11-1998,9.5,9.59375,45600,9.6875,9.65625,6.464263916015625
18-11-1998,9.4375,9.625,47800,9.65625,9.65625,6.464263916015625
19-11-1998,9.59375,9.625,134800,9.84375,9.71875,6.506104946136475
20-11-1998,9.375,9.75,53400,9.75,9.4375,6.317824363708496
23-11-1998,9.5,9.53125,117400,9.8125,9.8125,6.568864822387695
24-11-1998,9.5625,9.8125,86600,9.90625,9.59375,6.422422885894775
25-11-1998,9.4375,9.53125,55400,9.6875,9.6875,6.48518180847168
27-11-1998,9.65625,9.65625,9800,9.75,9.6875,6.48518180847168
30-11-1998,9.125,9.6875,157000,9.75,9.3125,6.234147071838379
01-12-1998,9.25,9.25,97400,9.59375,9.40625,6.296902656555176
02-12-1998,9.125,9.46875,87400,9.46875,9.15625,6.129543304443359
03-12-1998,9.0,9.125,74000,9.21875,9.0,6.024946689605713
04-12-1998,8.875,8.875,142000,9.125,9.03125,6.045866012573242
07-12-1998,8.875,9.03125,51800,9.25,9.21875,6.171380996704102
08-12-1998,9.15625,9.15625,213600,9.375,9.25,6.192303657531738
09-12-1998,8.8125,9.28125,623200,9.375,8.9375,5.983104228973389
10-12-1998,8.78125,8.9375,99200,9.0625,8.8125,5.89942741394043
11-12-1998,8.5625,8.75,74200,8.75,8.6875,5.848931312561035
14-12-1998,8.25,8.6875,118200,8.6875,8.3125,5.596460819244385
15-12-1998,8.0,8.375,203600,8.625,8.53125,5.743732929229736
16-12-1998,8.296875,8.53125,286800,8.65625,8.59375,5.785813331604004
17-12-1998,8.5,8.5625,320400,9.15625,9.15625,6.164521217346191
18-12-1998,9.1875,9.21875,395800,10.0,9.9375,6.690506935119629
21-12-1998,9.75,9.90625,178600,10.625,10.625,7.153370380401611
22-12-1998,10.25,10.65625,220000,10.6875,10.34375,6.964013576507568
23-12-1998,9.75,10.34375,112800,10.59375,9.75,6.564268589019775
24-12-1998,9.8125,9.8125,98200,10.3125,10.1875,6.858819007873535
28-12-1998,10.15625,10.1875,63400,10.625,10.40625,7.006092548370361
29-12-1998,10.40625,10.4375,86200,11.09375,10.9375,7.504384517669678
30-12-1998,10.90625,10.9375,132000,11.25,11.15625,7.654471397399902
31-12-1998,11.15625,11.15625,146400,11.875,11.875,8.147615432739258
04-01-1999,11.40625,11.8125,226800,12.09375,12.03125,8.2548246383667
05-01-1999,11.875,12.0,151000,12.09375,11.90625,8.169059753417969
06-01-1999,11.5,11.8125,137000,11.96875,11.84375,8.12617301940918
07-01-1999,11.0,11.78125,114000,11.90625,11.34375,7.783117294311523
08-01-1999,11.25,11.40625,137800,11.5625,11.375,7.804563999176025
11-01-1999,11.40625,11.40625,74600,11.75,11.5,7.890326976776123
12-01-1999,11.21875,11.25,177400,11.59375,11.34375,7.783117294311523
13-01-1999,11.15625,11.25,53600,11.5,11.40625,7.826003074645996
14-01-1999,11.0,11.3125,88600,11.3125,11.0,7.547267436981201
15-01-1999,10.90625,11.0,52200,11.25,11.25,7.7187957763671875
19-01-1999,11.1875,11.1875,102400,11.71875,11.5625,7.933204174041748
20-01-1999,11.3125,11.5625,130200,11.5625,11.3125,7.761678218841553
21-01-1999,11.21875,11.375,48800,11.625,11.21875,7.697354793548584
22-01-1999,11.25,11.34375,104800,11.84375,11.34375,7.783117294311523
25-01-1999,10.71875,11.28125,150800,11.375,11.0,7.547267436981201
26-01-1999,11.0,11.0,262000,11.4375,11.4375,7.847442626953125
27-01-1999,11.0625,11.4375,73400,11.5,11.125,7.633035659790039
28-01-1999,11.09375,11.125,68600,11.3125,11.28125,7.740237236022949
29-01-1999,11.3125,11.375,124800,11.625,11.59375,7.954648494720459
01-02-1999,11.5625,11.65625,102400,11.6875,11.6875,8.018969535827637
02-02-1999,11.65625,11.6875,201800,12.0625,12.0625,8.276266098022461
03-02-1999,11.6875,12.0,68600,12.0,11.96875,8.211947441101074
04-02-1999,11.875,11.875,126800,12.28125,12.28125,8.426349639892578
05-02-1999,11.90625,12.125,125400,12.25,11.9375,8.190499305725098
08-02-1999,11.78125,11.9375,52800,12.0625,11.78125,8.083294868469238
09-02-1999,11.75,11.875,130200,12.0,12.0,8.233383178710938
10-02-1999,11.59375,12.0,107200,12.15625,11.59375,7.954648494720459
11-02-1999,11.59375,11.59375,51000,11.6875,11.6875,8.018969535827637
12-02-1999,11.34375,11.625,117000,11.9375,11.34375,7.783117294311523
16-02-1999,11.3125,11.375,55600,11.59375,11.4375,7.847442626953125
17-02-1999,11.375,11.375,78800,11.75,11.6875,8.018969535827637
18-02-1999,11.53125,11.625,72800,11.75,11.65625,7.997530937194824
19-02-1999,11.4375,11.65625,67000,11.65625,11.53125,7.911767482757568
22-02-1999,11.53125,11.5625,78000,11.8125,11.8125,8.104735374450684
23-02-1999,11.71875,11.78125,115400,11.96875,11.75,8.061851501464844
24-02-1999,11.375,11.6875,76600,11.6875,11.4375,7.847442626953125
25-02-1999,11.4375,11.4375,44200,11.75,11.71875,8.040414810180664
26-02-1999,11.625,11.6875,77600,11.84375,11.8125,8.104735374450684
01-03-1999,11.6875,11.78125,73200,12.0,11.875,8.147615432739258
02-03-1999,11.90625,11.96875,112000,12.15625,12.09375,8.297708511352539
03-03-1999,11.71875,12.125,48400,12.1875,11.96875,8.211947441101074
04-03-1999,11.875,11.96875,185400,12.46875,12.3125,8.447795867919922
05-03-1999,12.28125,12.375,139200,12.65625,12.59375,8.640766143798828
08-03-1999,11.6875,12.5,257600,12.5,11.84375,8.12617301940918
09-03-1999,11.8125,11.875,103000,12.0625,12.0625,8.276266098022461
10-03-1999,11.9375,12.03125,170800,12.15625,12.09375,8.297708511352539
11-03-1999,11.6875,11.96875,63400,11.96875,11.75,8.095319747924805
12-03-1999,11.65625,11.71875,59600,11.78125,11.65625,8.030736923217773
15-03-1999,11.625,11.625,42600,11.71875,11.6875,8.05225658416748
16-03-1999,11.5625,11.71875,82800,11.8125,11.71875,8.073796272277832
17-03-1999,11.53125,11.65625,48200,11.875,11.59375,7.987672805786133
18-03-1999,11.4375,11.59375,39800,11.65625,11.5,7.9230828285217285
19-03-1999,11.03125,11.25,148600,11.28125,11.03125,7.600131511688232
22-03-1999,10.21875,11.03125,234000,11.125,11.0625,7.621662616729736
23-03-1999,10.53125,11.0,113200,11.03125,10.53125,7.255647659301758
24-03-1999,10.0,10.53125,137600,10.53125,10.125,6.975759506225586
25-03-1999,10.0625,10.15625,81600,10.34375,10.3125,7.104938507080078
26-03-1999,10.1875,10.3125,60200,10.5,10.4375,7.191056728363037
29-03-1999,10.28125,10.40625,231800,10.53125,10.34375,7.126467227935791
30-03-1999,9.6875,10.34375,163000,10.34375,9.6875,6.6743364334106445
31-03-1999,9.4375,9.71875,236200,10.46875,10.46875,7.21259069442749
01-04-1999,10.0625,10.40625,147800,10.625,10.4375,7.191056728363037
05-04-1999,10.1875,10.5,99400,10.6875,10.25,7.061875820159912
06-04-1999,10.15625,10.21875,114600,10.34375,10.25,7.061875820159912
07-04-1999,10.0,10.1875,89400,10.5,10.0,6.889636516571045
08-04-1999,10.0,10.0625,78000,10.5,10.28125,7.083407402038574
09-04-1999,10.125,10.21875,36400,10.4375,10.4375,7.191056728363037
12-04-1999,10.3125,10.375,61400,10.59375,10.375,7.14799690246582
13-04-1999,10.125,10.375,43800,10.5,10.21875,7.040349006652832
14-04-1999,10.15625,10.15625,142600,10.75,10.5,7.234118461608887
15-04-1999,10.53125,10.53125,61200,10.75,10.71875,7.384827136993408
16-04-1999,10.6875,10.71875,170800,11.46875,11.4375,7.880018711090088
19-04-1999,10.5,11.3125,234600,11.3125,10.96875,7.557068347930908
20-04-1999,10.875,10.9375,111200,11.1875,10.9375,7.535538673400879
21-04-1999,10.59375,10.96875,130400,11.25,10.59375,7.298708438873291
22-04-1999,10.375,10.65625,120800,10.75,10.53125,7.255647659301758
23-04-1999,10.03125,10.4375,148000,10.5625,10.15625,6.997286796569824
26-04-1999,10.0,10.0625,128800,10.46875,10.34375,7.126467227935791
27-04-1999,10.21875,10.28125,120800,10.59375,10.28125,7.083407402038574
28-04-1999,10.28125,10.3125,134800,10.875,10.875,7.492477893829346
29-04-1999,10.59375,10.75,151600,10.9375,10.875,7.492477893829346
30-04-1999,10.875,10.875,91600,11.21875,11.0,7.578598976135254
03-05-1999,11.0,11.0,69600,11.40625,11.1875,7.707784175872803
04-05-1999,11.09375,11.1875,90800,11.5625,11.5625,7.9661407470703125
05-05-1999,11.625,11.625,462800,12.0625,11.6875,8.05225658416748
06-05-1999,11.125,11.65625,110800,11.6875,11.25,7.7508392333984375
07-05-1999,11.25,11.25,66400,11.65625,11.65625,8.030736923217773
10-05-1999,11.65625,11.71875,53600,11.8125,11.71875,8.073796272277832
11-05-1999,11.78125,11.8125,96800,11.90625,11.875,8.181441307067871
12-05-1999,11.375,11.8125,37000,11.8125,11.53125,7.944609642028809
13-05-1999,11.5625,11.59375,132200,12.15625,11.96875,8.246038436889648
14-05-1999,11.34375,11.90625,45200,11.90625,11.46875,7.901552677154541
17-05-1999,11.28125,11.5,197600,11.53125,11.375,7.836963653564453
18-05-1999,11.28125,11.34375,69400,11.375,11.3125,7.793900966644287
19-05-1999,10.90625,11.3125,61000,11.375,11.375,7.836963653564453
20-05-1999,11.0625,11.3125,46000,11.34375,11.0625,7.621662616729736
21-05-1999,11.09375,11.15625,36000,11.3125,11.09375,7.643192768096924
24-05-1999,10.875,10.9375,72800,11.125,10.9375,7.535538673400879
25-05-1999,10.875,10.90625,76800,11.34375,11.34375,7.815430164337158
26-05-1999,11.125,11.28125,107400,11.5625,11.21875,7.729309558868408
27-05-1999,10.875,11.21875,79400,11.21875,11.15625,7.686251640319824
28-05-1999,10.9375,11.09375,65400,11.25,11.21875,7.729309558868408
01-06-1999,11.21875,11.21875,46200,11.53125,11.5,7.9230828285217285
02-06-1999,11.0625,11.4375,101600,11.5,11.3125,7.793900966644287
03-06-1999,11.09375,11.34375,35600,11.375,11.25,7.7508392333984375
04-06-1999,10.9375,11.21875,68400,11.21875,11.15625,7.686251640319824
07-06-1999,11.0625,11.09375,34600,11.5625,11.5625,7.9661407470703125
08-06-1999,11.46875,11.625,51800,11.65625,11.53125,7.944609642028809
09-06-1999,11.375,11.53125,35200,11.59375,11.59375,7.987672805786133
10-06-1999,11.4375,11.46875,86000,12.0,12.0,8.26756477355957
11-06-1999,11.65625,11.9375,34600,11.9375,11.71875,8.107574462890625
14-06-1999,11.84375,11.875,69800,12.0625,11.9375,8.258916854858398
15-06-1999,11.6875,12.03125,202400,12.03125,11.75,8.129191398620605
16-06-1999,11.375,11.8125,137800,11.890625,11.53125,7.9778547286987305
17-06-1999,11.1875,11.4375,118600,11.4375,11.1875,7.740032196044922
18-06-1999,10.9375,11.0,168200,11.0,10.9375,7.567066669464111
21-06-1999,10.5625,10.9375,190200,10.96875,10.59375,7.329246997833252
22-06-1999,10.3125,10.5625,144000,10.5625,10.3125,7.134664058685303
23-06-1999,9.75,10.1875,432400,10.1875,10.0,6.918466567993164
24-06-1999,9.65625,10.0625,207600,10.0625,9.6875,6.702261924743652
25-06-1999,9.6875,9.6875,117200,10.59375,10.40625,7.199523448944092
28-06-1999,10.28125,10.46875,165800,10.625,10.375,7.177905082702637
29-06-1999,10.28125,10.375,233400,10.90625,10.90625,7.5454487800598145
30-06-1999,10.5,10.9375,310600,11.5625,11.5625,7.999475479125977
01-07-1999,11.0,11.5,200400,11.5625,11.03125,7.631930828094482
02-07-1999,10.5,11.0,176000,11.03125,10.59375,7.329246997833252
06-07-1999,10.21875,10.625,75600,10.65625,10.21875,7.069803714752197
07-07-1999,10.0625,10.28125,114000,10.28125,10.09375,6.9833221435546875
08-07-1999,9.65625,10.15625,128400,10.21875,9.6875,6.702261924743652
09-07-1999,9.875,9.875,84800,10.21875,10.1875,7.048184871673584
12-07-1999,10.0625,10.3125,51400,10.5,10.09375,6.9833221435546875
13-07-1999,9.90625,10.03125,77800,10.28125,10.09375,6.9833221435546875
14-07-1999,9.75,10.0625,58200,10.0625,9.84375,6.810363292694092
15-07-1999,9.78125,9.90625,49400,9.96875,9.96875,6.896842956542969
16-07-1999,9.5,9.65625,183400,10.0,10.0,6.918466567993164
19-07-1999,9.53125,9.9375,180000,10.0,9.84375,6.810363292694092
20-07-1999,9.46875,9.78125,78400,9.78125,9.53125,6.594160556793213
21-07-1999,9.25,9.5625,376200,9.5625,9.375,6.486057281494141
22-07-1999,8.875,9.3125,299600,9.46875,9.46875,6.55091667175293
23-07-1999,9.25,9.375,120200,9.625,9.625,6.659022808074951
26-07-1999,9.3125,9.5625,66800,9.625,9.46875,6.55091667175293
27-07-1999,9.375,9.5,57600,9.65625,9.4375,6.529296398162842
28-07-1999,9.1875,9.4375,39200,9.4375,9.1875,6.356338024139404
29-07-1999,8.96875,9.09375,124800,9.21875,9.0,6.226616859436035
30-07-1999,8.96875,9.03125,91600,9.03125,8.96875,6.204996585845947
02-08-1999,8.90625,8.96875,52000,9.0,8.90625,6.1617560386657715
03-08-1999,8.40625,8.96875,187400,9.0,8.65625,5.988794326782227
04-08-1999,8.40625,8.625,75000,8.8125,8.46875,5.859073638916016
05-08-1999,8.375,8.5625,143200,8.5625,8.40625,5.815831184387207
06-08-1999,8.375,8.4375,247800,8.46875,8.40625,5.815831184387207
09-08-1999,8.40625,8.4375,143600,8.5625,8.5625,5.923933982849121
10-08-1999,8.40625,8.53125,184000,8.5625,8.5625,5.923933982849121
11-08-1999,8.53125,8.625,69400,8.8125,8.8125,6.096896171569824
12-08-1999,8.71875,8.78125,92600,8.9375,8.78125,6.075272083282471
13-08-1999,8.78125,8.84375,34800,8.90625,8.8125,6.096896171569824
16-08-1999,8.65625,8.78125,56800,8.9375,8.6875,6.010416030883789
17-08-1999,8.71875,8.71875,78400,8.8125,8.71875,6.032034397125244
18-08-1999,8.5,8.6875,38800,8.6875,8.53125,5.902313232421875
19-08-1999,8.5,8.5625,38800,8.65625,8.59375,5.945552825927734
20-08-1999,8.59375,8.59375,53600,8.8125,8.8125,6.096896171569824
23-08-1999,8.65625,8.875,81600,8.875,8.8125,6.096896171569824
24-08-1999,8.625,8.78125,74200,8.78125,8.6875,6.010416030883789
25-08-1999,8.40625,8.6875,44600,8.6875,8.40625,5.815831184387207
26-08-1999,8.46875,8.46875,80800,8.6875,8.65625,5.988794326782227
27-08-1999,8.3125,8.625,75800,8.6875,8.5,5.880692481994629
30-08-1999,8.5,8.5,82000,8.8125,8.53125,5.902313232421875
31-08-1999,8.5,8.5,115800,8.65625,8.65625,5.988794326782227
01-09-1999,8.625,8.625,103200,8.96875,8.84375,6.118516445159912
02-09-1999,8.4375,8.78125,97000,8.8125,8.78125,6.075272083282471
03-09-1999,8.71875,8.84375,56800,8.875,8.875,6.140134811401367
07-09-1999,8.875,8.90625,71000,9.03125,9.0,6.226616859436035
08-09-1999,8.78125,8.96875,46200,9.0,8.8125,6.096896171569824
09-09-1999,8.6875,8.875,71400,8.90625,8.71875,6.032034397125244
10-09-1999,8.625,8.6875,36400,8.71875,8.65625,5.988794326782227
13-09-1999,8.625,8.65625,52000,8.9375,8.84375,6.154062271118164
14-09-1999,8.5625,8.78125,45800,8.78125,8.75,6.088825225830078
15-09-1999,8.71875,8.71875,43200,8.84375,8.75,6.088825225830078
16-09-1999,8.40625,8.6875,45800,8.6875,8.53125,5.936605930328369
17-09-1999,8.34375,8.46875,221400,8.6875,8.6875,6.045334815979004
20-09-1999,8.5625,8.59375,68200,8.84375,8.8125,6.1323161125183105
21-09-1999,8.40625,8.75,211800,8.90625,8.46875,5.8931121826171875
22-09-1999,8.46875,8.46875,217800,8.75,8.5,5.914859771728516
23-09-1999,8.46875,8.53125,128400,8.6875,8.5625,5.958353042602539
24-09-1999,8.53125,8.59375,57400,8.71875,8.59375,5.980094909667969
27-09-1999,8.53125,8.625,101200,8.71875,8.53125,5.936605930328369
28-09-1999,8.34375,8.46875,203200,8.625,8.59375,5.980094909667969
29-09-1999,8.53125,8.625,58200,8.75,8.625,6.001843452453613
30-09-1999,8.5625,8.5625,331600,10.0625,10.0625,7.002150535583496
01-10-1999,9.3125,9.875,258800,9.875,9.46875,6.5889787673950195
04-10-1999,9.4375,9.5,109400,9.75,9.65625,6.719454765319824
05-10-1999,9.375,9.625,97800,9.625,9.5,6.6107258796691895
06-10-1999,9.40625,9.46875,103200,9.46875,9.40625,6.545486927032471
07-10-1999,9.375,9.4375,50000,9.625,9.5,6.6107258796691895
08-10-1999,9.28125,9.4375,200800,9.53125,9.46875,6.5889787673950195
11-10-1999,9.4375,9.5,164400,9.65625,9.53125,6.6324687004089355
12-10-1999,9.21875,9.5,45600,9.5,9.21875,6.415012836456299
13-10-1999,8.9375,9.15625,85600,9.34375,9.34375,6.5019965171813965
14-10-1999,9.21875,9.28125,31000,9.40625,9.34375,6.5019965171813965
15-10-1999,9.40625,9.40625,237400,9.96875,9.6875,6.741199970245361
18-10-1999,9.375,9.5625,89600,9.5625,9.46875,6.5889787673950195
19-10-1999,9.15625,9.5,68400,9.5,9.15625,6.371520519256592
20-10-1999,8.84375,9.0625,84000,9.1875,9.0,6.262793064117432
21-10-1999,8.59375,8.96875,155800,8.96875,8.75,6.088825225830078
22-10-1999,8.78125,8.78125,115800,9.0,9.0,6.262793064117432
25-10-1999,8.875,8.96875,68600,9.03125,8.875,6.175806522369385
26-10-1999,8.78125,8.8125,282000,8.875,8.84375,6.154062271118164
27-10-1999,8.84375,8.84375,33000,9.0,8.90625,6.197555065155029
28-10-1999,8.8125,8.9375,45600,9.0,8.875,6.175806522369385
29-10-1999,8.84375,8.96875,39000,9.09375,8.875,6.175806522369385
01-11-1999,8.9375,8.9375,79200,9.5625,9.5625,6.6542158126831055
02-11-1999,9.375,9.5,83400,9.71875,9.4375,6.56723165512085
03-11-1999,9.4375,9.4375,40400,9.53125,9.5,6.6107258796691895
04-11-1999,9.375,9.5,42000,9.5,9.46875,6.5889787673950195
05-11-1999,9.34375,9.4375,259600,9.5,9.4375,6.56723165512085
08-11-1999,9.34375,9.375,99000,9.40625,9.40625,6.545486927032471
09-11-1999,9.375,9.40625,55000,9.4375,9.4375,6.56723165512085
10-11-1999,9.40625,9.40625,165200,9.5,9.46875,6.5889787673950195
11-11-1999,9.375,9.4375,74600,9.4375,9.40625,6.545486927032471
12-11-1999,9.40625,9.40625,34200,9.5,9.46875,6.5889787673950195
15-11-1999,9.375,9.46875,149600,9.75,9.75,6.784689903259277
16-11-1999,9.375,9.65625,80800,9.8125,9.65625,6.719454765319824
17-11-1999,9.40625,9.6875,56800,9.75,9.65625,6.719454765319824
18-11-1999,9.40625,9.78125,46600,9.78125,9.625,6.697707653045654
19-11-1999,9.375,9.4375,112200,9.4375,9.40625,6.545486927032471
22-11-1999,9.34375,9.4375,279200,9.4375,9.34375,6.5019965171813965
23-11-1999,9.09375,9.40625,54600,9.40625,9.125,6.349776744842529
24-11-1999,9.03125,9.0625,57000,9.1875,9.1875,6.393268585205078
26-11-1999,9.1875,9.1875,45400,9.53125,9.53125,6.6324687004089355
29-11-1999,9.0625,9.46875,57600,9.46875,9.0625,6.3062849044799805
30-11-1999,9.125,9.125,120600,9.6875,9.6875,6.741199970245361
01-12-1999,9.15625,9.625,93600,9.625,9.3125,6.480249881744385
02-12-1999,9.25,9.25,18600,9.65625,9.5,6.6107258796691895
03-12-1999,9.40625,9.5625,34200,9.75,9.4375,6.56723165512085
06-12-1999,9.34375,9.375,37000,9.6875,9.34375,6.5019965171813965
07-12-1999,9.0,9.40625,69400,9.4375,9.21875,6.415012836456299
08-12-1999,9.125,9.1875,82200,9.4375,9.3125,6.480249881744385
09-12-1999,9.0,9.28125,94000,9.28125,9.0,6.262793064117432
10-12-1999,8.78125,9.0,55000,9.0,8.96875,6.241048336029053
13-12-1999,9.0,9.09375,209600,9.3125,9.0625,6.341639995574951
14-12-1999,9.0,9.09375,137800,9.21875,9.0,6.297902584075928
15-12-1999,8.96875,9.0,118000,9.28125,9.0,6.297902584075928
16-12-1999,8.96875,8.96875,114400,9.125,9.125,6.385373592376709
17-12-1999,9.0,9.1875,159000,9.21875,9.0625,6.341639995574951
20-12-1999,8.75,9.125,51400,9.1875,8.75,6.122958660125732
21-12-1999,8.65625,8.6875,62800,9.03125,9.03125,6.319770336151123
22-12-1999,8.96875,9.03125,51400,9.09375,8.96875,6.276034832000732
23-12-1999,9.0,9.0,67600,9.0625,9.03125,6.319770336151123
27-12-1999,8.875,9.09375,118800,9.09375,8.9375,6.254167556762695
28-12-1999,8.875,8.875,113800,9.1875,9.125,6.385373592376709
29-12-1999,9.125,9.15625,77800,9.5,9.5,6.64778470993042
30-12-1999,9.125,9.4375,88800,9.5,9.21875,6.450977325439453
31-12-1999,9.1875,9.28125,109800,9.71875,9.59375,6.7133893966674805
03-01-2000,9.0,9.65625,134000,9.65625,9.0,6.297902584075928
04-01-2000,8.875,8.875,68200,9.28125,9.0,6.297902584075928
05-01-2000,9.0,9.0,70000,9.25,9.15625,6.407241344451904
06-01-2000,9.03125,9.09375,78600,9.5,9.46875,6.625917434692383
07-01-2000,9.25,9.4375,71800,9.46875,9.3125,6.5165791511535645
10-01-2000,9.1875,9.34375,67000,9.34375,9.28125,6.494711399078369
11-01-2000,9.25,9.3125,68200,9.34375,9.25,6.472845554351807
12-01-2000,9.21875,9.25,93000,9.3125,9.3125,6.5165791511535645
13-01-2000,9.25,9.3125,94400,9.5,9.4375,6.6040496826171875
14-01-2000,9.25,9.5,118000,9.5,9.25,6.472845554351807
18-01-2000,8.9375,9.1875,74000,9.1875,9.0625,6.341639995574951
19-01-2000,9.0,9.0625,106000,9.21875,9.09375,6.363507270812988
20-01-2000,8.875,9.125,77400,9.3125,8.96875,6.276034832000732
21-01-2000,8.875,9.03125,111200,9.1875,9.09375,6.363507270812988
24-01-2000,8.9375,9.28125,120400,9.28125,8.9375,6.254167556762695
25-01-2000,8.5625,8.96875,67200,8.96875,8.5625,5.991755485534668
26-01-2000,8.5625,8.59375,91200,8.875,8.875,6.2104291915893555
27-01-2000,8.9375,8.9375,83000,9.09375,9.03125,6.319770336151123
28-01-2000,8.75,9.03125,90800,9.15625,8.8125,6.166696548461914
31-01-2000,8.84375,8.84375,114600,9.1875,9.03125,6.319770336151123
01-02-2000,8.65625,9.0,59000,9.0,8.78125,6.144827365875244
02-02-2000,8.65625,8.71875,122200,8.9375,8.8125,6.166696548461914
03-02-2000,8.6875,8.8125,61600,8.875,8.8125,6.166696548461914
04-02-2000,8.5625,8.78125,101400,8.78125,8.6875,6.079224109649658
07-02-2000,8.5,8.5625,62200,8.6875,8.6875,6.079224109649658
08-02-2000,8.5,8.78125,70800,8.84375,8.5625,5.991755485534668
09-02-2000,8.3125,8.625,98800,8.8125,8.4375,5.904282093048096
10-02-2000,8.21875,8.40625,522200,8.5,8.4375,5.904282093048096
11-02-2000,7.96875,8.4375,135000,8.53125,8.0,5.598134994506836
14-02-2000,7.90625,7.96875,56200,8.25,8.21875,5.751208782196045
15-02-2000,8.15625,8.3125,76200,8.4375,8.4375,5.904282093048096
16-02-2000,8.125,8.4375,86000,8.53125,8.125,5.685607433319092
17-02-2000,8.1875,8.21875,82400,8.46875,8.25,5.773077011108398
18-02-2000,7.9375,8.28125,60400,8.28125,7.96875,5.576267719268799
22-02-2000,7.8125,7.96875,123800,8.0,7.96875,5.576267719268799
23-02-2000,7.6875,8.03125,95600,8.09375,7.875,5.510666370391846
24-02-2000,7.65625,7.875,41400,7.9375,7.6875,5.379456996917725
25-02-2000,7.625,7.71875,63600,7.75,7.65625,5.3575897216796875
28-02-2000,7.5,7.625,110800,7.78125,7.65625,5.3575897216796875
29-02-2000,7.53125,7.65625,194800,8.09375,7.53125,5.270120143890381
01-03-2000,7.28125,7.5,123200,7.53125,7.28125,5.095180034637451
02-03-2000,7.28125,7.28125,156600,7.5,7.46875,5.226385593414307
03-03-2000,7.4375,7.4375,65000,7.5625,7.5,5.2482523918151855
06-03-2000,7.5,7.5,179000,8.0,7.78125,5.445062160491943
07-03-2000,7.5,7.84375,222600,7.953125,7.5,5.2482523918151855
08-03-2000,7.875,7.875,152400,7.96875,7.875,5.510666370391846
09-03-2000,7.6875,7.78125,161200,7.90625,7.71875,5.401326656341553
10-03-2000,7.59375,7.6875,167600,8.078125,8.0,5.598134994506836
13-03-2000,7.65625,7.8125,85600,8.0,7.84375,5.526793479919434
14-03-2000,7.84375,7.90625,139200,7.9375,7.90625,5.570832252502441
15-03-2000,7.84375,7.90625,141200,8.65625,8.625,6.077272415161133
16-03-2000,8.65625,8.65625,368600,9.28125,9.28125,6.539670467376709
17-03-2000,9.125,9.125,267800,9.5,9.46875,6.671785831451416
20-03-2000,9.46875,9.46875,275800,9.8125,9.8125,6.913998126983643
21-03-2000,9.59375,9.75,353400,9.875,9.875,6.958037376403809
22-03-2000,9.40625,9.875,338000,10.0,9.40625,6.627749919891357
23-03-2000,9.0,9.3125,399200,9.40625,9.34375,6.583710670471191
24-03-2000,9.0,9.25,61600,9.5,9.4375,6.649766445159912
27-03-2000,9.09375,9.375,67800,9.5,9.4375,6.649766445159912
28-03-2000,8.8125,9.375,63800,9.40625,9.15625,6.451594829559326
29-03-2000,8.90625,9.09375,134400,9.09375,8.96875,6.319482803344727
30-03-2000,9.03125,9.03125,83800,9.5625,9.5625,6.737841606140137
31-03-2000,9.5,9.65625,418200,10.5625,10.375,7.310338973999023
03-04-2000,10.0,10.1875,172000,10.1875,10.0,7.046108245849609
04-04-2000,9.75,10.0,154400,10.1875,10.125,7.134187698364258
05-04-2000,9.65625,10.15625,86200,10.15625,9.78125,6.891978740692139
06-04-2000,9.8125,9.84375,99400,10.0,9.9375,7.00206995010376
07-04-2000,9.9375,9.9375,40200,10.21875,10.15625,7.156208038330078
10-04-2000,9.90625,10.09375,71400,10.1875,9.90625,6.980051040649414
11-04-2000,9.84375,9.90625,375200,10.1875,10.0,7.046108245849609
12-04-2000,9.96875,10.0625,295600,10.125,9.96875,7.024094104766846
13-04-2000,9.65625,9.96875,219400,10.0,9.96875,7.024094104766846
14-04-2000,9.90625,10.0,218800,10.125,9.9375,7.00206995010376
17-04-2000,9.65625,9.90625,81200,9.90625,9.75,6.869961261749268
18-04-2000,9.375,9.75,173800,9.75,9.46875,6.671785831451416
19-04-2000,9.53125,9.53125,159000,9.78125,9.75,6.869961261749268
20-04-2000,9.6875,9.71875,502200,10.0,9.96875,7.024094104766846
24-04-2000,9.875,9.875,157200,10.3125,10.28125,7.244281768798828
25-04-2000,10.34375,10.46875,344200,11.0,10.5625,7.4424519538879395
26-04-2000,10.0,10.5625,147200,10.625,10.15625,7.156208038330078
27-04-2000,10.09375,10.15625,178400,10.8125,10.5,7.3984222412109375
28-04-2000,10.125,10.4375,65600,10.46875,10.46875,7.376396179199219
01-05-2000,10.40625,10.40625,260200,10.75,10.59375,7.464475154876709
02-05-2000,10.5625,10.625,71400,10.75,10.65625,7.508513450622559
03-05-2000,10.71875,10.71875,355200,11.125,11.09375,7.816778659820557
04-05-2000,10.6875,11.0625,165200,11.25,10.75,7.574567794799805
05-05-2000,10.625,10.78125,237600,11.25,10.84375,7.640622615814209
08-05-2000,10.78125,10.875,86800,11.0,11.0,7.750720500946045
09-05-2000,10.6875,10.9375,196200,11.0,11.0,7.750720500946045
10-05-2000,10.75,10.9375,70400,10.9375,10.78125,7.596588134765625
11-05-2000,10.8125,10.84375,182400,11.0,10.96875,7.728700637817383
12-05-2000,10.78125,10.90625,75800,11.0,10.9375,7.70668363571167
15-05-2000,10.78125,10.90625,72600,10.96875,10.96875,7.728700637817383
16-05-2000,10.90625,11.0,170600,11.5625,11.40625,8.036967277526855
17-05-2000,11.125,11.4375,82800,11.4375,11.15625,7.860816478729248
18-05-2000,11.1875,11.25,152000,11.46875,11.4375,8.058988571166992
19-05-2000,11.0,11.3125,100000,11.4375,11.375,8.014947891235352
22-05-2000,11.40625,11.4375,78000,11.5625,11.53125,8.12505054473877
23-05-2000,11.5,11.59375,231400,11.75,11.625,8.1911039352417
24-05-2000,11.40625,11.59375,114600,11.78125,11.71875,8.257161140441895
25-05-2000,11.5625,11.75,159800,11.84375,11.6875,8.235140800476074
26-05-2000,11.1875,11.75,99800,11.75,11.21875,7.904860019683838
30-05-2000,11.03125,11.125,116400,11.625,11.46875,8.08100700378418
31-05-2000,11.0,11.46875,153600,11.5,11.0,7.750720500946045
01-06-2000,10.5,11.03125,229600,11.03125,10.78125,7.596588134765625
02-06-2000,10.6875,10.6875,133400,11.46875,11.34375,7.992933750152588
05-06-2000,10.84375,11.28125,44600,11.28125,10.9375,7.70668363571167
06-06-2000,10.875,10.96875,36400,11.0,10.96875,7.728700637817383
07-06-2000,10.9375,10.96875,257800,11.46875,11.40625,8.036967277526855
08-06-2000,11.0,11.375,35200,11.375,11.03125,7.772740840911865
09-06-2000,11.03125,11.09375,21800,11.15625,11.0625,7.794761657714844
12-06-2000,11.0625,11.0625,70000,11.5,11.3125,7.970913410186768
13-06-2000,11.15625,11.21875,143400,11.5,11.1875,7.921352386474609
14-06-2000,10.8125,11.0,140400,11.21875,10.9375,7.744336128234863
15-06-2000,10.6875,11.0,138000,11.0,10.875,7.700078964233398
16-06-2000,10.6875,10.84375,203800,10.875,10.84375,7.677955150604248
19-06-2000,10.625,10.875,45000,10.875,10.8125,7.655829429626465
20-06-2000,10.5,10.8125,155000,10.8125,10.59375,7.500938415527344
21-06-2000,10.46875,10.6875,272200,10.6875,10.5,7.43456506729126
22-06-2000,10.1875,10.4375,202200,10.4375,10.1875,7.2132954597473145
23-06-2000,10.03125,10.1875,229400,10.21875,10.15625,7.191167831420898
26-06-2000,10.15625,10.25,33600,10.25,10.25,7.257550239562988
27-06-2000,10.09375,10.1875,141200,10.21875,10.125,7.169046401977539
28-06-2000,10.1875,10.1875,239200,10.875,10.875,7.700078964233398
29-06-2000,10.71875,10.875,200600,11.3125,11.03125,7.810712814331055
30-06-2000,9.875,11.0625,633600,11.25,9.875,6.992030143737793
03-07-2000,10.0,10.0,95200,10.8125,10.78125,7.633706092834473
05-07-2000,10.75,10.78125,219600,11.0625,10.9375,7.744336128234863
06-07-2000,10.6875,10.96875,113600,11.0625,10.75,7.611575603485107
07-07-2000,10.75,10.75,205000,11.1875,11.15625,7.899219036102295
10-07-2000,11.0625,11.15625,124400,11.34375,11.21875,7.943477153778076
11-07-2000,10.9375,11.15625,99000,11.40625,11.03125,7.810712814331055
12-07-2000,11.03125,11.09375,45400,11.4375,11.34375,8.031984329223633
13-07-2000,11.0,11.3125,165600,11.34375,11.1875,7.921352386474609
14-07-2000,11.125,11.1875,50000,11.1875,11.125,7.877094268798828
17-07-2000,11.125,11.125,109400,11.59375,11.15625,7.899219036102295
18-07-2000,11.09375,11.28125,101200,11.28125,11.09375,7.8549699783325195
19-07-2000,11.09375,11.15625,111600,11.1875,11.09375,7.8549699783325195
20-07-2000,11.09375,11.15625,205000,11.21875,11.15625,7.899219036102295
21-07-2000,11.15625,11.1875,244400,11.84375,11.8125,8.363883972167969
24-07-2000,11.1875,11.75,98000,11.75,11.28125,7.987730979919434
25-07-2000,11.21875,11.3125,178200,12.0,11.90625,8.43026065826416
26-07-2000,11.625,11.9375,231800,11.9375,11.75,8.319631576538086
27-07-2000,11.625,11.75,135000,11.96875,11.8125,8.363883972167969
28-07-2000,11.625,11.6875,212000,12.0,12.0,8.496637344360352
31-07-2000,12.125,12.125,270600,12.375,12.34375,8.740036010742188
01-08-2000,12.21875,12.3125,74200,12.375,12.34375,8.740036010742188
02-08-2000,12.0,12.375,256800,12.375,12.21875,8.651525497436523
03-08-2000,12.09375,12.15625,107400,12.34375,12.21875,8.651525497436523
04-08-2000,11.875,12.15625,128800,12.21875,12.0625,8.5408935546875
07-08-2000,12.09375,12.09375,874200,12.25,12.25,8.67365550994873
08-08-2000,12.25,12.34375,242400,12.65625,12.28125,8.695779800415039
09-08-2000,12.125,12.1875,189800,12.625,12.125,8.585148811340332
10-08-2000,11.875,12.0625,135800,12.28125,12.0625,8.5408935546875
11-08-2000,12.0,12.09375,411000,12.1875,12.03125,8.518771171569824
14-08-2000,12.0625,12.0625,125200,12.625,12.46875,8.828544616699219
15-08-2000,12.0625,12.5,100600,12.5,12.3125,8.717906951904297
16-08-2000,12.46875,12.46875,404800,13.0625,12.84375,9.094063758850098
17-08-2000,12.625,12.875,472600,13.03125,12.65625,8.9613037109375
18-08-2000,12.0,12.625,165800,12.625,12.4375,8.806418418884277
21-08-2000,12.375,12.40625,128200,12.625,12.5,8.850672721862793
22-08-2000,12.40625,12.4375,138600,12.8125,12.8125,9.07193660736084
23-08-2000,12.46875,12.8125,119200,12.8125,12.59375,8.917048454284668
24-08-2000,12.375,12.625,213800,12.75,12.375,8.762166976928711
25-08-2000,12.40625,12.4375,236200,12.78125,12.6875,8.983427047729492
28-08-2000,12.25,12.6875,137200,12.71875,12.375,8.762166976928711
29-08-2000,12.375,12.40625,137000,12.71875,12.375,8.762166976928711
30-08-2000,12.3125,12.3125,98800,12.65625,12.4375,8.806418418884277
31-08-2000,12.375,12.53125,143400,12.59375,12.40625,8.784289360046387
01-09-2000,12.1875,12.4375,105200,12.5,12.3125,8.717906951904297
05-09-2000,12.15625,12.1875,78600,12.25,12.21875,8.651525497436523
06-09-2000,12.125,12.34375,272400,12.5,12.125,8.585148811340332
07-09-2000,11.5,12.03125,246000,12.03125,11.625,8.231123924255371
08-09-2000,11.40625,11.6875,175000,11.75,11.59375,8.20899772644043
11-09-2000,11.59375,11.59375,43600,11.84375,11.84375,8.38601016998291
12-09-2000,11.59375,11.78125,161800,11.9375,11.75,8.319631576538086
13-09-2000,11.28125,11.75,60200,11.75,11.375,8.091986656188965
14-09-2000,11.3125,11.4375,29400,11.46875,11.34375,8.069756507873535
15-09-2000,10.78125,11.15625,743800,11.21875,10.84375,7.7140655517578125
18-09-2000,10.4375,10.90625,128000,10.96875,10.53125,7.491755962371826
19-09-2000,10.28125,10.53125,216200,10.625,10.34375,7.358369827270508
20-09-2000,9.90625,10.34375,187000,10.5625,10.03125,7.136065483093262
21-09-2000,9.84375,9.9375,238400,10.25,9.96875,7.091604232788086
22-09-2000,9.6875,9.90625,139000,9.90625,9.8125,6.9804511070251465
25-09-2000,9.6875,9.875,96000,9.875,9.6875,6.8915276527404785
26-09-2000,9.25,9.6875,166600,9.6875,9.34375,6.646988391876221
27-09-2000,9.3125,9.375,526200,9.875,9.84375,7.002683162689209
28-09-2000,9.75,9.75,149600,10.28125,10.1875,7.247218608856201
29-09-2000,10.09375,10.28125,153400,10.375,10.09375,7.18052864074707
02-10-2000,9.3125,10.1875,341800,10.1875,9.5,6.758142948150635
03-10-2000,9.53125,9.53125,212800,10.09375,9.875,7.024914264678955
04-10-2000,9.875,9.875,318600,10.96875,10.15625,7.22498893737793
05-10-2000,10.15625,10.21875,248800,10.46875,10.25,7.291682243347168
06-10-2000,10.28125,10.34375,253600,11.15625,10.9375,7.780755519866943
09-10-2000,10.59375,10.9375,159600,10.96875,10.8125,7.691834449768066
10-10-2000,10.5625,10.75,81600,10.8125,10.59375,7.536216735839844
11-10-2000,10.21875,10.28125,91400,10.4375,10.21875,7.269448280334473
12-10-2000,9.96875,10.25,117000,10.3125,10.0,7.113834857940674
13-10-2000,9.90625,9.96875,46200,9.96875,9.96875,7.091604232788086
16-10-2000,9.5625,10.0,247200,10.0,9.8125,6.9804511070251465
17-10-2000,9.75,9.9375,196800,10.1875,9.9375,7.069371700286865
18-10-2000,9.71875,9.84375,292200,10.3125,10.25,7.291682243347168
19-10-2000,10.046875,10.28125,106600,10.28125,10.21875,7.269448280334473
20-10-2000,10.125,10.25,121400,10.40625,10.40625,7.402834892272949
23-10-2000,10.25,10.40625,47200,10.4375,10.3125,7.33613920211792
24-10-2000,10.3125,10.3125,124600,10.625,10.625,7.55844783782959
25-10-2000,10.40625,10.625,164800,10.8125,10.625,7.55844783782959
26-10-2000,10.59375,10.59375,94800,10.96875,10.90625,7.75852632522583
27-10-2000,10.78125,10.9375,95200,11.1875,11.125,7.914137840270996
30-10-2000,11.3125,11.34375,255000,11.84375,11.71875,8.336524963378906
31-10-2000,11.53125,11.65625,151200,11.78125,11.59375,8.247603416442871
01-11-2000,10.71875,11.6875,415800,11.6875,10.78125,7.6696062088012695
02-11-2000,10.5,10.84375,208200,10.84375,10.5625,7.5139875411987305
03-11-2000,10.03125,10.59375,212800,10.59375,10.0625,7.158297061920166
06-11-2000,10.15625,10.15625,120400,10.5,10.5,7.4695281982421875
07-11-2000,10.5,10.5,100800,10.75,10.75,7.647371768951416
08-11-2000,10.65625,10.8125,185200,11.25,11.03125,7.847447395324707
09-11-2000,10.625,11.125,81200,11.1875,10.90625,7.75852632522583
10-11-2000,10.5,10.84375,86600,11.21875,10.5625,7.5139875411987305
13-11-2000,10.5,10.5,71200,10.84375,10.75,7.647371768951416
14-11-2000,10.75,10.8125,57600,11.0,10.875,7.736295700073242
15-11-2000,10.8125,10.8125,85400,11.28125,11.0625,7.8696794509887695
16-11-2000,10.4375,11.09375,59400,11.09375,10.65625,7.58068323135376
17-11-2000,10.78125,10.78125,110200,11.4375,10.96875,7.802987575531006
20-11-2000,10.75,10.9375,78400,11.0625,10.875,7.736295700073242
21-11-2000,10.90625,10.90625,92600,11.125,10.96875,7.802987575531006
22-11-2000,10.75,11.0,56200,11.0625,10.96875,7.802987575531006
24-11-2000,10.96875,10.96875,72600,11.15625,11.0625,7.8696794509887695
27-11-2000,11.0625,11.0625,86800,11.3125,11.125,7.914137840270996
28-11-2000,10.78125,11.0625,152600,11.6875,10.78125,7.6696062088012695
29-11-2000,10.625,10.78125,141800,11.15625,11.15625,7.936373233795166
30-11-2000,10.875,11.15625,99800,11.1875,11.03125,7.847447395324707
01-12-2000,11.0625,11.0625,144200,11.75,11.5,8.180907249450684
04-12-2000,11.3125,11.5,113200,11.59375,11.53125,8.203140258789062
05-12-2000,11.59375,11.59375,216200,12.03125,11.96875,8.514368057250977
06-12-2000,11.3125,11.96875,108200,11.96875,11.34375,8.069756507873535
07-12-2000,11.25,11.375,107400,11.4375,11.25,8.003066062927246
08-12-2000,11.1875,11.28125,296000,11.46875,11.46875,8.15868091583252
11-12-2000,11.46875,11.5,180000,11.8125,11.5,8.180907249450684
12-12-2000,11.125,11.5625,155200,11.5625,11.125,7.914137840270996
13-12-2000,11.125,11.125,91200,11.5,11.21875,8.027734756469727
14-12-2000,11.09375,11.3125,69200,11.4375,11.28125,8.072464942932129
15-12-2000,10.875,11.09375,292200,11.125,10.875,7.781762599945068
18-12-2000,10.78125,10.78125,207400,11.125,11.125,7.960651874542236
19-12-2000,10.875,11.0625,196400,11.6875,11.5625,8.273711204528809
20-12-2000,11.09375,11.5625,48200,11.5625,11.125,7.960651874542236
21-12-2000,11.125,11.125,147800,11.6875,11.5,8.228988647460938
22-12-2000,11.25,11.5625,210400,11.65625,11.375,8.139540672302246
26-12-2000,11.40625,11.40625,212400,11.9375,11.46875,8.20663070678711
27-12-2000,11.53125,11.53125,142800,11.96875,11.84375,8.474968910217285
28-12-2000,11.78125,11.8125,161600,12.78125,12.75,9.123444557189941
29-12-2000,12.125,12.84375,226200,12.84375,12.375,8.855109214782715
02-01-2001,11.5,12.3125,213200,12.6875,11.6875,8.3631591796875
03-01-2001,11.0,11.75,562800,12.40625,11.34375,8.117182731628418
04-01-2001,11.40625,11.40625,516600,12.0,11.78125,8.430244445800781
05-01-2001,11.1875,11.78125,180400,11.78125,11.59375,8.296072006225586
08-01-2001,11.21875,11.65625,192600,11.8125,11.65625,8.34079360961914
09-01-2001,11.09375,11.625,119000,11.625,11.3125,8.094820022583008
10-01-2001,11.21875,11.3125,126000,11.8125,11.8125,8.45260238647461
11-01-2001,11.09375,11.75,117000,11.78125,11.34375,8.117182731628418
12-01-2001,11.1875,11.375,76000,11.59375,11.5,8.228988647460938
16-01-2001,11.3125,11.5,89200,11.84375,11.65625,8.34079360961914
17-01-2001,11.53125,11.6875,125200,12.03125,11.59375,8.296072006225586
18-01-2001,11.09375,11.5625,121800,11.78125,11.78125,8.430244445800781
19-01-2001,11.125,11.5,311200,11.71875,11.40625,8.161905288696289
22-01-2001,11.25,11.40625,289200,12.34375,12.125,8.676220893859863
23-01-2001,12.0,12.0,178600,12.25,12.125,8.676220893859863
24-01-2001,11.90625,12.125,170600,12.21875,11.9375,8.542052268981934
25-01-2001,11.9375,11.9375,65400,12.375,12.1875,8.720939636230469
26-01-2001,11.6875,12.21875,101600,12.3125,11.8125,8.45260238647461
29-01-2001,11.600000381469727,11.850000381469727,133000,12.100000381469727,11.845000267028809,8.475861549377441
30-01-2001,11.824999809265137,11.90999984741211,134800,12.25,12.0600004196167,8.629706382751465
31-01-2001,12.0,12.100000381469727,310200,12.625,12.524999618530273,8.962443351745605
01-02-2001,11.9399995803833,12.505000114440918,143800,12.600000381469727,12.324999809265137,8.81933307647705
02-02-2001,12.175000190734863,12.300000190734863,423600,12.5,12.1899995803833,8.722728729248047
05-02-2001,12.100000381469727,12.225000381469727,152600,12.295000076293945,12.244999885559082,8.76208209991455
06-02-2001,12.149999618530273,12.324999809265137,144000,12.324999809265137,12.175000190734863,8.711994171142578
07-02-2001,12.175000190734863,12.199999809265137,151400,12.274999618530273,12.260000228881836,8.772817611694336
08-02-2001,12.100000381469727,12.274999618530273,73800,12.289999961853027,12.180000305175781,8.715574264526367
09-02-2001,12.050000190734863,12.225000381469727,112600,12.274999618530273,12.25,8.765663146972656
12-02-2001,12.0,12.260000228881836,80400,12.260000228881836,12.225000381469727,8.747772216796875
13-02-2001,12.100000381469727,12.25,66400,12.265000343322754,12.119999885559082,8.672639846801758
14-02-2001,11.975000381469727,12.119999885559082,221400,12.175000190734863,12.149999618530273,8.694103240966797
15-02-2001,12.15999984741211,12.164999961853027,155400,12.399999618530273,12.244999885559082,8.76208209991455
16-02-2001,12.109999656677246,12.244999885559082,200800,12.25,12.1899995803833,8.722728729248047
20-02-2001,11.930000305175781,12.149999618530273,98200,12.425000190734863,11.949999809265137,8.550992965698242
21-02-2001,11.399999618530273,12.074999809265137,540400,12.100000381469727,11.399999618530273,8.157432556152344
22-02-2001,11.475000381469727,11.5,197400,11.664999961853027,11.545000076293945,8.261185646057129
23-02-2001,11.225000381469727,11.550000190734863,166800,11.75,11.354999542236328,8.125231742858887
26-02-2001,11.369999885559082,11.369999885559082,97400,12.069999694824219,12.029999732971191,8.608234405517578
27-02-2001,11.75,12.074999809265137,53200,12.074999809265137,11.880000114440918,8.500901222229004
28-02-2001,11.744999885559082,11.925000190734863,147000,11.984999656677246,11.925000190734863,8.533105850219727
01-03-2001,11.824999809265137,11.824999809265137,147800,11.994999885559082,11.975000381469727,8.568878173828125
02-03-2001,11.949999809265137,11.975000381469727,215400,12.25,12.024999618530273,8.604663848876953
05-03-2001,12.050000190734863,12.15999984741211,169800,12.3100004196167,12.180000305175781,8.715574264526367
06-03-2001,12.0,12.199999809265137,201800,12.25,12.005000114440918,8.590348243713379
07-03-2001,11.800000190734863,12.024999618530273,361400,12.024999618530273,11.800000190734863,8.443655967712402
08-03-2001,11.779999732971191,11.824999809265137,355600,11.949999809265137,11.90999984741211,8.522367477416992
09-03-2001,11.850000381469727,11.925000190734863,598400,11.949999809265137,11.90999984741211,8.522367477416992
12-03-2001,11.75,11.925000190734863,187600,11.949999809265137,11.75,8.407883644104004
13-03-2001,11.274999618530273,11.675000190734863,136200,11.675000190734863,11.625,8.364706039428711
14-03-2001,11.524999618530273,11.630000114440918,133200,11.71500015258789,11.604999542236328,8.350316047668457
15-03-2001,11.3149995803833,11.5,194600,11.670000076293945,11.579999923706055,8.332326889038086
16-03-2001,11.475000381469727,11.600000381469727,274400,11.75,11.595000267028809,8.343119621276855
19-03-2001,11.574999809265137,11.574999809265137,235000,11.869999885559082,11.800000190734863,8.49062728881836
20-03-2001,11.5,11.75,194400,12.0,11.699999809265137,8.418670654296875
21-03-2001,11.25,11.694999694824219,308000,11.699999809265137,11.329999923706055,8.152441024780273
22-03-2001,10.640000343322754,11.34000015258789,157800,11.34000015258789,11.074999809265137,7.968955039978027
23-03-2001,11.175000190734863,11.175000190734863,158000,11.364999771118164,11.265000343322754,8.105671882629395
26-03-2001,10.600000381469727,11.265000343322754,211200,11.375,10.949999809265137,7.87901496887207
27-03-2001,10.800000190734863,10.949999809265137,218600,11.305000305175781,11.300000190734863,8.130853652954102
28-03-2001,11.039999961853027,11.25,412400,11.375,11.074999809265137,7.968955039978027
29-03-2001,11.0,11.074999809265137,136800,11.239999771118164,11.0,7.914992809295654
30-03-2001,11.0,11.005000114440918,183000,11.335000038146973,11.225000381469727,8.07689094543457
02-04-2001,11.145000457763672,11.324999809265137,268800,11.5,11.149999618530273,8.022924423217773
03-04-2001,10.755000114440918,11.175000190734863,128000,11.175000190734863,10.930000305175781,7.8646240234375
04-04-2001,10.949999809265137,10.949999809265137,114600,11.25,11.175000190734863,8.040912628173828
05-04-2001,11.164999961853027,11.164999961853027,264400,11.369999885559082,11.324999809265137,8.148846626281738
06-04-2001,11.154999732971191,11.350000381469727,143600,11.350000381469727,11.25,8.094880104064941
09-04-2001,11.1899995803833,11.239999771118164,140200,11.649999618530273,11.25,8.094880104064941
10-04-2001,11.274999618530273,11.274999618530273,121000,11.774999618530273,11.694999694824219,8.41507339477539
11-04-2001,11.350000381469727,11.75,38800,11.75,11.385000228881836,8.19201946258545
12-04-2001,11.024999618530273,11.359999656677246,61600,11.5,11.3100004196167,8.13805103302002
16-04-2001,11.145000457763672,11.25,70200,11.710000038146973,11.380000114440918,8.188417434692383
17-04-2001,11.005000114440918,11.149999618530273,92600,11.295000076293945,11.279999732971191,8.116464614868164
18-04-2001,11.074999809265137,11.300000190734863,174600,11.614999771118164,11.175000190734863,8.040912628173828
19-04-2001,11.0,11.25,82200,11.295000076293945,11.295000076293945,8.127257347106934
20-04-2001,11.25,11.449999809265137,158600,11.600000381469727,11.529999732971191,8.296353340148926
23-04-2001,11.225000381469727,11.449999809265137,236800,11.574999809265137,11.494999885559082,8.27116584777832
24-04-2001,11.229999542236328,11.425000190734863,247800,11.5,11.494999885559082,8.27116584777832
25-04-2001,11.204999923706055,11.574999809265137,103200,11.619999885559082,11.364999771118164,8.177624702453613
26-04-2001,11.40999984741211,11.475000381469727,443800,11.949999809265137,11.489999771118164,8.267571449279785
27-04-2001,11.484999656677246,11.550000190734863,71000,11.699999809265137,11.555000305175781,8.314340591430664
30-04-2001,11.600000381469727,11.600000381469727,118400,11.925000190734863,11.680000305175781,8.404279708862305
01-05-2001,11.3100004196167,11.680000305175781,133200,11.680000305175781,11.319999694824219,8.145244598388672
02-05-2001,10.600000381469727,11.324999809265137,230200,11.324999809265137,11.085000038146973,7.976157188415527
03-05-2001,10.875,11.100000381469727,87000,11.104999542236328,11.0649995803833,7.961761951446533
04-05-2001,10.949999809265137,11.024999618530273,107600,11.244999885559082,11.244999885559082,8.09128189086914
07-05-2001,10.949999809265137,11.225000381469727,81400,11.350000381469727,11.055000305175781,7.9545698165893555
08-05-2001,10.90999984741211,11.0,53600,11.199999809265137,11.130000114440918,8.00853443145752
09-05-2001,11.050000190734863,11.100000381469727,41400,11.199999809265137,11.154999732971191,8.026521682739258
10-05-2001,10.994999885559082,11.050000190734863,45600,11.145000457763672,11.109999656677246,7.994147300720215
11-05-2001,11.029999732971191,11.074999809265137,193200,11.425000190734863,11.239999771118164,8.087684631347656
14-05-2001,11.175000190734863,11.199999809265137,63800,11.3149995803833,11.234999656677246,8.084081649780273
15-05-2001,11.024999618530273,11.100000381469727,171200,11.164999961853027,11.15999984741211,8.030117988586426
16-05-2001,11.149999618530273,11.225000381469727,98600,11.5600004196167,11.510000228881836,8.281961441040039
17-05-2001,11.399999618530273,11.550000190734863,124800,11.614999771118164,11.614999771118164,8.357512474060059
18-05-2001,11.279999732971191,11.550000190734863,190800,11.600000381469727,11.479999542236328,8.260370254516602
21-05-2001,11.4399995803833,11.515000343322754,116200,11.6899995803833,11.6899995803833,8.411479949951172
22-05-2001,11.5,11.649999618530273,83800,11.770000457763672,11.760000228881836,8.461852073669434
23-05-2001,11.449999809265137,11.725000381469727,110600,11.75,11.449999809265137,8.238788604736328
24-05-2001,11.0,11.5649995803833,158400,11.574999809265137,11.475000381469727,8.256776809692383
25-05-2001,11.399999618530273,11.449999809265137,33800,11.555000305175781,11.545000076293945,8.30714225769043
29-05-2001,11.350000381469727,11.420000076293945,77600,11.625,11.489999771118164,8.267571449279785
30-05-2001,11.324999809265137,11.5,49600,11.5,11.359999656677246,8.174027442932129
31-05-2001,11.350000381469727,11.399999618530273,141600,11.75,11.449999809265137,8.238788604736328
01-06-2001,11.199999809265137,11.449999809265137,84800,11.475000381469727,11.46500015258789,8.249581336975098
04-06-2001,11.5,11.5,50400,11.664999961853027,11.649999618530273,8.382697105407715
05-06-2001,11.260000228881836,11.744999885559082,113200,11.75,11.710000038146973,8.425868034362793
06-06-2001,11.399999618530273,11.800000190734863,208400,11.800000190734863,11.420000076293945,8.21719741821289
07-06-2001,11.364999771118164,11.449999809265137,86000,11.5600004196167,11.430000305175781,8.224397659301758
08-06-2001,11.024999618530273,11.449999809265137,65000,11.449999809265137,11.359999656677246,8.174027442932129
11-06-2001,11.300000190734863,11.399999618530273,31800,11.399999618530273,11.354999542236328,8.17043399810791
12-06-2001,11.024999618530273,11.324999809265137,138600,11.375,11.140000343322754,8.01573371887207
13-06-2001,11.069999694824219,11.069999694824219,102200,11.449999809265137,11.305000305175781,8.1821928024292
14-06-2001,11.170000076293945,11.225000381469727,183400,11.449999809265137,11.1899995803833,8.098958969116211
15-06-2001,10.899999618530273,11.149999618530273,184400,11.274999618530273,10.984999656677246,7.950588226318359
18-06-2001,10.920000076293945,11.024999618530273,99000,11.074999809265137,11.050000190734863,7.9976348876953125
19-06-2001,11.0,11.045000076293945,73200,11.100000381469727,11.050000190734863,7.9976348876953125
20-06-2001,11.050000190734863,11.050000190734863,95600,11.3100004196167,11.295000076293945,8.174954414367676
21-06-2001,11.005000114440918,11.329999923706055,106000,11.329999923706055,11.244999885559082,8.138771057128906
22-06-2001,10.625,11.324999809265137,113400,11.324999809265137,10.71500015258789,7.7551727294921875
25-06-2001,10.720000267028809,10.774999618530273,139400,10.949999809265137,10.8100004196167,7.8239288330078125
26-06-2001,10.704999923706055,10.8100004196167,223000,11.449999809265137,11.3100004196167,8.185811996459961
27-06-2001,11.300000190734863,11.3100004196167,149400,11.524999618530273,11.324999809265137,8.19666862487793
28-06-2001,11.145000457763672,11.324999809265137,99200,11.484999656677246,11.220000267028809,8.12067699432373
29-06-2001,11.25,11.25,186400,11.694999694824219,11.585000038146973,8.384847640991211
02-07-2001,11.300000190734863,11.585000038146973,131400,11.675000190734863,11.515000343322754,8.334184646606445
03-07-2001,11.369999885559082,11.520000457763672,19400,11.520000457763672,11.420000076293945,8.265423774719238
05-07-2001,11.175000190734863,11.220000267028809,116800,11.515000343322754,11.395000457763672,8.247335433959961
06-07-2001,10.949999809265137,11.399999618530273,71800,11.399999618530273,11.010000228881836,7.968681335449219
09-07-2001,10.850000381469727,11.010000228881836,75200,11.050000190734863,10.890000343322754,7.881834506988525
10-07-2001,10.890000343322754,10.930000305175781,153000,11.1899995803833,11.125,8.051915168762207
11-07-2001,10.854999542236328,11.130000114440918,122400,11.130000114440918,10.925000190734863,7.907163143157959
12-07-2001,10.75,10.925000190734863,295200,11.050000190734863,10.774999618530273,7.79860258102417
13-07-2001,10.550000190734863,10.710000038146973,275400,10.725000381469727,10.604999542236328,7.6755571365356445
16-07-2001,10.175000190734863,10.25,258800,10.5600004196167,10.460000038146973,7.57061243057251
17-07-2001,10.225000381469727,10.425000190734863,180000,10.470000267028809,10.4399995803833,7.5561347007751465
18-07-2001,10.324999809265137,10.375,123800,10.550000190734863,10.449999809265137,7.563376426696777
19-07-2001,10.449999809265137,10.475000381469727,115400,10.675000190734863,10.510000228881836,7.6067986488342285
20-07-2001,10.350000381469727,10.449999809265137,146000,10.539999961853027,10.454999923706055,7.566996097564697
23-07-2001,10.149999618530273,10.425000190734863,276000,10.425000190734863,10.25,7.418619155883789
24-07-2001,10.149999618530273,10.375,152400,10.375,10.300000190734863,7.454807758331299
25-07-2001,10.229999542236328,10.300000190734863,380000,10.390000343322754,10.329999923706055,7.476524829864502
26-07-2001,10.130000114440918,10.350000381469727,184200,10.494999885559082,10.494999885559082,7.595942497253418
27-07-2001,10.255000114440918,10.574999809265137,261800,10.800000190734863,10.305000305175781,7.458430767059326
30-07-2001,10.225000381469727,10.399999618530273,117000,10.399999618530273,10.335000038146973,7.480142116546631
31-07-2001,10.324999809265137,10.324999809265137,141800,10.524999618530273,10.380000114440918,7.512711048126221
01-08-2001,10.164999961853027,10.279999732971191,128000,10.699999809265137,10.699999809265137,7.744315147399902
02-08-2001,10.420000076293945,10.774999618530273,379200,10.774999618530273,10.425000190734863,7.545276165008545
03-08-2001,10.225000381469727,10.399999618530273,197400,10.4399995803833,10.239999771118164,7.411384105682373
06-08-2001,10.149999618530273,10.274999618530273,120600,10.274999618530273,10.1850004196167,7.37157678604126
07-08-2001,9.9399995803833,10.199999809265137,255200,10.25,10.074999809265137,7.291958808898926
08-08-2001,9.9399995803833,10.0649995803833,131800,10.21500015258789,9.9399995803833,7.194252014160156
09-08-2001,9.949999809265137,9.989999771118164,101000,10.25,10.25,7.418619155883789
10-08-2001,10.100000381469727,10.199999809265137,121400,10.625,10.444999694824219,7.559755802154541
13-08-2001,10.220000267028809,10.399999618530273,121200,10.425000190734863,10.399999618530273,7.527184963226318
14-08-2001,10.220000267028809,10.5,124000,10.5,10.220000267028809,7.396908760070801
15-08-2001,10.225000381469727,10.25,82200,10.475000381469727,10.430000305175781,7.548897743225098
16-08-2001,10.274999618530273,10.399999618530273,135800,10.444999694824219,10.430000305175781,7.548897743225098
17-08-2001,10.375,10.375,82000,10.524999618530273,10.404999732971191,7.5308027267456055
20-08-2001,10.274999618530273,10.404999732971191,88800,10.449999809265137,10.430000305175781,7.548897743225098
21-08-2001,10.430000305175781,10.430000305175781,124200,10.734999656677246,10.5600004196167,7.642985820770264
22-08-2001,10.204999923706055,10.53499984741211,69600,10.53499984741211,10.460000038146973,7.57061243057251
23-08-2001,10.3100004196167,10.46500015258789,89400,10.569999694824219,10.46500015258789,7.574230670928955
24-08-2001,10.425000190734863,10.449999809265137,85800,10.65999984741211,10.65999984741211,7.715362071990967
27-08-2001,10.630000114440918,10.65999984741211,143400,11.0,10.800000190734863,7.8166937828063965
28-08-2001,10.470000267028809,10.774999618530273,72600,10.774999618530273,10.5600004196167,7.642985820770264
29-08-2001,10.350000381469727,10.5600004196167,89200,10.600000381469727,10.354999542236328,7.494616508483887
30-08-2001,10.3100004196167,10.354999542236328,67400,10.425000190734863,10.399999618530273,7.527184963226318
31-08-2001,10.300000190734863,10.404999732971191,75400,10.600000381469727,10.569999694824219,7.650224208831787
04-09-2001,10.460000038146973,10.545000076293945,186600,10.619999885559082,10.460000038146973,7.57061243057251
05-09-2001,10.270000457763672,10.425000190734863,96600,10.4399995803833,10.300000190734863,7.454807758331299
06-09-2001,9.914999961853027,10.25,247400,10.25,9.975000381469727,7.2195844650268555
07-09-2001,9.770000457763672,10.0,133200,10.095000267028809,9.824999809265137,7.111017227172852
10-09-2001,9.6899995803833,9.755000114440918,157600,9.9399995803833,9.725000381469727,7.038644313812256
17-09-2001,9.135000228881836,9.550000190734863,148400,9.550000190734863,9.135000228881836,6.65610933303833
18-09-2001,8.850000381469727,9.140000343322754,135800,9.5,8.914999961853027,6.495807647705078
19-09-2001,8.444999694824219,8.9399995803833,232600,9.024999618530273,8.954999923706055,6.524953365325928
20-09-2001,8.5,8.890000343322754,256200,8.890000343322754,8.675000190734863,6.320931911468506
21-09-2001,8.25,8.675000190734863,447800,8.805000305175781,8.78499984741211,6.4010844230651855
24-09-2001,8.675000190734863,8.675000190734863,158000,9.324999809265137,9.21500015258789,6.714398384094238
25-09-2001,9.109999656677246,9.199999809265137,238600,9.354999542236328,9.114999771118164,6.641534805297852
26-09-2001,8.864999771118164,9.119999885559082,164600,9.125,8.880000114440918,6.470303535461426
27-09-2001,8.899999618530273,8.925000190734863,561000,9.210000038146973,9.149999618530273,6.667036533355713
28-09-2001,9.149999618530273,9.149999618530273,135400,9.5,9.449999809265137,6.885628700256348
01-10-2001,9.0,9.449999809265137,437800,9.449999809265137,9.15999984741211,6.674323558807373
02-10-2001,9.074999809265137,9.15999984741211,158000,9.449999809265137,9.425000190734863,6.867415428161621
03-10-2001,9.119999885559082,9.3100004196167,114800,9.390000343322754,9.380000114440918,6.834628105163574
04-10-2001,8.680000305175781,9.399999618530273,681200,9.399999618530273,8.729999542236328,6.3610076904296875
05-10-2001,8.694999694824219,8.734999656677246,409600,9.399999618530273,9.359999656677246,6.820051670074463
08-10-2001,9.3149995803833,9.475000381469727,127200,9.475000381469727,9.354999542236328,6.816407680511475
09-10-2001,9.289999961853027,9.300000190734863,194200,9.600000381469727,9.595000267028809,6.991281509399414
10-10-2001,9.475000381469727,9.524999618530273,233600,10.024999618530273,9.920000076293945,7.228086948394775
11-10-2001,9.920000076293945,9.920000076293945,241800,10.449999809265137,10.364999771118164,7.552328586578369
12-10-2001,10.0,10.350000381469727,189600,10.354999542236328,10.194999694824219,7.428463459014893
15-10-2001,10.024999618530273,10.274999618530273,141200,10.359999656677246,10.359999656677246,7.548686981201172
16-10-2001,10.225000381469727,10.350000381469727,161800,10.595000267028809,10.34000015258789,7.534115791320801
17-10-2001,9.890000343322754,10.324999809265137,143200,10.399999618530273,9.989999771118164,7.279092311859131
18-10-2001,9.614999771118164,9.989999771118164,126000,9.989999771118164,9.904999732971191,7.217158794403076
19-10-2001,9.640000343322754,10.0,133400,10.045000076293945,10.020000457763672,7.3009514808654785
22-10-2001,9.920000076293945,9.920000076293945,116400,10.274999618530273,10.270000457763672,7.483115196228027
23-10-2001,10.175000190734863,10.300000190734863,152000,10.4399995803833,10.350000381469727,7.541402816772461
24-10-2001,10.050000190734863,10.350000381469727,112200,10.390000343322754,10.204999923706055,7.435747146606445
25-10-2001,9.949999809265137,10.225000381469727,82200,10.239999771118164,10.149999618530273,7.395674705505371
26-10-2001,9.949999809265137,10.125,148200,10.274999618530273,10.050000190734863,7.322809219360352
29-10-2001,9.944999694824219,10.050000190734863,169000,10.199999809265137,10.149999618530273,7.395674705505371
30-10-2001,9.970000267028809,10.100000381469727,127400,10.199999809265137,10.024999618530273,7.304594039916992
31-10-2001,9.84000015258789,10.024999618530273,225400,10.125,9.970000267028809,7.264517307281494
01-11-2001,10.005000114440918,10.079999923706055,130600,10.25,10.244999885559082,7.464895725250244
02-11-2001,9.949999809265137,10.274999618530273,127600,10.369999885559082,10.194999694824219,7.428463459014893
05-11-2001,10.1899995803833,10.1899995803833,75400,10.489999771118164,10.350000381469727,7.541402816772461
06-11-2001,10.204999923706055,10.25,82400,10.5,10.5,7.650701522827148
07-11-2001,10.324999809265137,10.524999618530273,116800,10.595000267028809,10.425000190734863,7.596047878265381
08-11-2001,10.244999885559082,10.399999618530273,102800,10.399999618530273,10.3149995803833,7.515899181365967
09-11-2001,10.21500015258789,10.364999771118164,44600,10.5,10.395000457763672,7.574196815490723
12-11-2001,10.279999732971191,10.350000381469727,177800,10.5,10.425000190734863,7.596047878265381
13-11-2001,10.395000457763672,10.449999809265137,153200,10.600000381469727,10.5649995803833,7.698060989379883
14-11-2001,10.569999694824219,10.569999694824219,113200,10.875,10.71500015258789,7.807356357574463
15-11-2001,10.574999809265137,10.71500015258789,104200,10.824999809265137,10.805000305175781,7.872932434082031
16-11-2001,10.774999618530273,10.805000305175781,138800,10.970000267028809,10.904999732971191,7.945797920227051
19-11-2001,10.774999618530273,10.789999961853027,90000,10.975000381469727,10.899999618530273,7.9421515464782715
20-11-2001,10.734999656677246,10.824999809265137,83800,11.0,10.9350004196167,7.967652797698975
21-11-2001,10.774999618530273,10.914999961853027,132600,10.994999885559082,10.994999885559082,8.011373519897461
23-11-2001,10.869999885559082,10.949999809265137,45800,11.114999771118164,11.074999809265137,8.06966495513916
26-11-2001,11.079999923706055,11.079999923706055,121600,11.25,11.25,8.197175979614258
27-11-2001,11.125,11.225000381469727,224200,11.3100004196167,11.25,8.197175979614258
28-11-2001,11.050000190734863,11.199999809265137,201400,11.40999984741211,11.295000076293945,8.229964256286621
29-11-2001,11.010000228881836,11.25,143800,11.350000381469727,11.329999923706055,8.25546646118164
30-11-2001,11.100000381469727,11.335000038146973,189200,11.395000457763672,11.135000228881836,8.113381385803223
03-12-2001,10.875,11.125,99800,11.125,11.0,8.0150146484375
04-12-2001,10.800000190734863,10.979999542236328,92000,11.175000190734863,11.119999885559082,8.102449417114258
05-12-2001,11.125,11.125,101200,11.475000381469727,11.335000038146973,8.259114265441895
06-12-2001,11.145000457763672,11.274999618530273,231000,11.350000381469727,11.3149995803833,8.244539260864258
07-12-2001,11.194999694824219,11.199999809265137,105600,11.395000457763672,11.329999923706055,8.25546646118164
10-12-2001,11.140000343322754,11.274999618530273,135600,11.375,11.234999656677246,8.186248779296875
11-12-2001,11.5,11.5,417400,11.854999542236328,11.774999618530273,8.5797119140625
12-12-2001,11.550000190734863,11.65999984741211,258200,11.774999618530273,11.65999984741211,8.543078422546387
13-12-2001,11.305000305175781,11.625,232600,11.680000305175781,11.305000305175781,8.28297233581543
14-12-2001,11.350000381469727,11.375,150800,11.505000114440918,11.489999771118164,8.418521881103516
17-12-2001,11.545000076293945,11.550000190734863,165400,11.8149995803833,11.805000305175781,8.649317741394043
18-12-2001,11.75,11.75,148200,11.989999771118164,11.979999542236328,8.777534484863281
19-12-2001,11.625,11.854999542236328,159800,11.949999809265137,11.699999809265137,8.572381019592285
20-12-2001,11.569999694824219,11.675000190734863,129600,11.835000038146973,11.729999542236328,8.594365119934082
21-12-2001,11.600000381469727,11.729999542236328,290800,11.875,11.824999809265137,8.663966178894043
24-12-2001,11.789999961853027,11.925000190734863,45400,11.930000305175781,11.875,8.700606346130371
26-12-2001,11.854999542236328,11.875,123600,12.069999694824219,12.024999618530273,8.810503959655762
27-12-2001,12.029999732971191,12.029999732971191,297800,12.364999771118164,12.149999618530273,8.902091979980469
28-12-2001,12.024999618530273,12.03499984741211,134200,12.244999885559082,12.069999694824219,8.843478202819824
31-12-2001,11.975000381469727,12.015000343322754,159600,12.140000343322754,12.0,8.792186737060547
02-01-2002,11.654999732971191,12.0,178800,12.0,11.949999809265137,8.755553245544434
03-01-2002,11.880000114440918,11.899999618530273,97400,12.175000190734863,12.095000267028809,8.86178970336914
04-01-2002,12.074999809265137,12.074999809265137,136600,12.375,12.210000038146973,8.946052551269531
07-01-2002,11.949999809265137,12.260000228881836,228200,12.489999771118164,11.949999809265137,8.755553245544434
08-01-2002,11.699999809265137,11.949999809265137,118600,11.994999885559082,11.949999809265137,8.755553245544434
09-01-2002,11.835000038146973,11.949999809265137,184400,12.149999618530273,11.835000038146973,8.671298027038574
10-01-2002,11.765000343322754,11.800000190734863,251600,12.130000114440918,12.069999694824219,8.843478202819824
11-01-2002,11.765000343322754,12.069999694824219,79000,12.100000381469727,11.765000343322754,8.62000560760498
14-01-2002,11.494999885559082,11.774999618530273,97600,11.774999618530273,11.5,8.425848007202148
15-01-2002,11.204999923706055,11.5,92200,11.625,11.449999809265137,8.389215469360352
16-01-2002,11.050000190734863,11.449999809265137,123600,11.449999809265137,11.199999809265137,8.206039428710938
17-01-2002,10.949999809265137,11.09000015258789,118000,11.28499984741211,11.28499984741211,8.268321990966797
18-01-2002,11.234999656677246,11.300000190734863,96400,11.494999885559082,11.350000381469727,8.315943717956543
22-01-2002,11.359999656677246,11.359999656677246,166400,11.539999961853027,11.364999771118164,8.326931953430176
23-01-2002,11.329999923706055,11.375,412200,11.774999618530273,11.744999885559082,8.605354309082031
24-01-2002,11.25,11.744999885559082,466400,11.744999885559082,11.390000343322754,8.345253944396973
25-01-2002,11.324999809265137,11.324999809265137,140000,11.880000114440918,11.864999771118164,8.693275451660156
28-01-2002,11.699999809265137,11.899999618530273,148600,12.015000343322754,11.770000457763672,8.623671531677246
29-01-2002,11.350000381469727,11.774999618530273,206200,11.774999618530273,11.449999809265137,8.389215469360352
30-01-2002,11.454999923706055,11.5,303800,11.675000190734863,11.675000190734863,8.55406665802002
31-01-2002,11.585000038146973,11.675000190734863,187800,11.765000343322754,11.725000381469727,8.59070110321045
01-02-2002,11.555000305175781,11.765000343322754,181000,11.9399995803833,11.555000305175781,8.46614933013916
04-02-2002,11.539999961853027,11.550000190734863,203400,11.78499984741211,11.670000076293945,8.550405502319336
05-02-2002,11.515000343322754,11.600000381469727,291000,12.050000190734863,11.875,8.700606346130371
06-02-2002,11.850000381469727,11.975000381469727,237200,12.100000381469727,11.899999618530273,8.71891975402832
07-02-2002,11.404999732971191,11.875,243200,11.920000076293945,11.5,8.425848007202148
08-02-2002,11.5,11.5,101000,11.864999771118164,11.864999771118164,8.693275451660156
11-02-2002,11.885000228881836,11.899999618530273,198400,12.289999961853027,11.890000343322754,8.711594581604004
12-02-2002,11.800000190734863,11.850000381469727,124000,12.125,11.949999809265137,8.755553245544434
13-02-2002,11.899999618530273,11.949999809265137,113800,12.074999809265137,12.074999809265137,8.847143173217773
14-02-2002,12.055000305175781,12.074999809265137,94600,12.199999809265137,12.125,8.883774757385254
15-02-2002,12.130000114440918,12.130000114440918,192600,12.46500015258789,12.350000381469727,9.048626899719238
19-02-2002,11.649999618530273,12.350000381469727,295200,12.350000381469727,11.779999732971191,8.631000518798828
20-02-2002,11.824999809265137,11.824999809265137,186600,12.204999923706055,12.175000190734863,8.92041015625
21-02-2002,11.755000114440918,12.125,326800,12.164999961853027,11.760000228881836,8.616345405578613
22-02-2002,11.8149995803833,11.824999809265137,162400,12.074999809265137,12.039999961853027,8.821493148803711
25-02-2002,11.979999542236328,12.050000190734863,358600,12.074999809265137,12.050000190734863,8.828822135925293
26-02-2002,11.979999542236328,12.074999809265137,228400,12.100000381469727,12.010000228881836,8.799518585205078
27-02-2002,11.875,12.050000190734863,209600,12.074999809265137,12.020000457763672,8.806842803955078
28-02-2002,11.734999656677246,12.050000190734863,508400,12.100000381469727,11.854999542236328,8.685949325561523
01-03-2002,11.850000381469727,11.899999618530273,637000,12.130000114440918,12.125,8.883774757385254
04-03-2002,12.0,12.0,396000,12.649999618530273,12.574999809265137,9.213480949401855
05-03-2002,12.515000343322754,12.675000190734863,262200,12.699999809265137,12.539999961853027,9.187835693359375
06-03-2002,12.5649995803833,12.574999809265137,242600,12.75,12.75,9.34169864654541
07-03-2002,12.734999656677246,12.75,316600,12.859999656677246,12.744999885559082,9.338042259216309
08-03-2002,12.675000190734863,12.824999809265137,308400,12.949999809265137,12.854999542236328,9.418633460998535
11-03-2002,12.760000228881836,12.850000381469727,224200,13.0,12.949999809265137,9.488241195678711
12-03-2002,12.640000343322754,12.899999618530273,261600,12.994999885559082,12.734999656677246,9.330705642700195
13-03-2002,12.670000076293945,12.710000038146973,161800,12.949999809265137,12.854999542236328,9.466954231262207
14-03-2002,12.854999542236328,12.854999542236328,254800,13.079999923706055,13.015000343322754,9.584784507751465
15-03-2002,13.0,13.024999618530273,347200,13.305000305175781,13.21500015258789,9.732072830200195
18-03-2002,13.199999809265137,13.21500015258789,264200,13.489999771118164,13.364999771118164,9.842534065246582
19-03-2002,13.010000228881836,13.364999771118164,588400,13.369999885559082,13.119999885559082,9.662110328674316
20-03-2002,13.0,13.100000381469727,621600,13.1899995803833,13.175000190734863,9.702611923217773
21-03-2002,13.0,13.074999809265137,1064400,13.140000343322754,13.085000038146973,9.636333465576172
22-03-2002,13.005000114440918,13.050000190734863,164400,13.100000381469727,13.029999732971191,9.595829010009766
25-03-2002,12.975000381469727,13.024999618530273,349200,13.050000190734863,13.015000343322754,9.584784507751465
26-03-2002,12.904999732971191,12.989999771118164,170200,13.039999961853027,13.020000457763672,9.588462829589844
27-03-2002,13.125,13.125,676200,13.5,13.470000267028809,9.919861793518066
28-03-2002,13.475000381469727,13.475000381469727,930600,13.864999771118164,13.779999732971191,10.148157119750977
01-04-2002,13.774999618530273,13.779999732971191,619200,13.96500015258789,13.8149995803833,10.173938751220703
02-04-2002,13.489999771118164,13.819999694824219,402400,13.859999656677246,13.5,9.941956520080566
03-04-2002,13.449999809265137,13.550000190734863,396600,13.625,13.524999618530273,9.960367202758789
04-04-2002,13.335000038146973,13.524999618530273,343600,13.524999618530273,13.479999542236328,9.927228927612305
05-04-2002,13.460000038146973,13.460000038146973,450200,13.75,13.680000305175781,10.074514389038086
08-04-2002,13.399999618530273,13.680000305175781,272400,13.680000305175781,13.520000457763672,9.956684112548828
09-04-2002,13.574999809265137,13.574999809265137,157800,13.8149995803833,13.654999732971191,10.056110382080078
10-04-2002,13.65999984741211,13.65999984741211,558600,14.5,14.420000076293945,10.619483947753906
11-04-2002,13.975000381469727,14.420000076293945,250200,14.65999984741211,14.079999923706055,10.369091987609863
12-04-2002,14.024999618530273,14.085000038146973,356000,14.515000343322754,14.515000343322754,10.689446449279785
15-04-2002,14.114999771118164,14.510000228881836,239000,14.515000343322754,14.399999618530273,10.604753494262695
16-04-2002,14.399999618530273,14.399999618530273,175800,14.770000457763672,14.664999961853027,10.799911499023438
17-04-2002,14.75,14.765000343322754,443000,15.180000305175781,14.824999809265137,10.917745590209961
18-04-2002,14.0,14.699999809265137,368200,14.704999923706055,14.135000228881836,10.409595489501953
19-04-2002,13.699999809265137,14.25,304600,14.399999618530273,14.324999809265137,10.549520492553711
22-04-2002,14.0,14.3149995803833,211600,14.3149995803833,14.104999542236328,10.38750171661377
23-04-2002,14.020000457763672,14.100000381469727,204000,14.210000038146973,14.104999542236328,10.38750171661377
24-04-2002,14.095000267028809,14.104999542236328,429800,14.5,14.204999923706055,10.46114730834961
25-04-2002,14.0,14.149999618530273,544600,14.5,14.364999771118164,10.578981399536133
26-04-2002,14.300000190734863,14.369999885559082,288000,14.489999771118164,14.350000381469727,10.567934036254883
29-04-2002,14.010000228881836,14.354999542236328,236000,14.414999961853027,14.239999771118164,10.486922264099121
30-04-2002,14.239999771118164,14.239999771118164,277200,14.824999809265137,14.824999809265137,10.917745590209961
01-05-2002,14.5,14.774999618530273,190400,14.779999732971191,14.6899995803833,10.818316459655762
02-05-2002,14.729999542236328,14.774999618530273,360400,15.279999732971191,15.210000038146973,11.20126724243164
03-05-2002,14.930000305175781,15.210000038146973,292600,15.225000381469727,15.149999618530273,11.157087326049805
06-05-2002,15.100000381469727,15.225000381469727,238600,15.399999618530273,15.244999885559082,11.227044105529785
07-05-2002,15.074999809265137,15.225000381469727,214400,15.470000267028809,15.3149995803833,11.278600692749023
08-05-2002,15.5,15.550000190734863,229200,15.75,15.75,11.598949432373047
09-05-2002,15.664999961853027,15.75,280200,16.0,15.725000381469727,11.58053970336914
10-05-2002,15.024999618530273,15.675000190734863,197400,15.675000190734863,15.1899995803833,11.186539649963379
13-05-2002,15.274999618530273,15.350000381469727,168800,15.550000190734863,15.550000190734863,11.451659202575684
14-05-2002,15.595000267028809,15.595000267028809,260000,16.299999237060547,16.260000228881836,11.974539756774902
15-05-2002,15.425000190734863,16.25,261200,16.28499984741211,15.680000305175781,11.547401428222656
16-05-2002,15.5,15.680000305175781,389000,15.975000381469727,15.875,11.691004753112793
17-05-2002,15.5649995803833,15.875,202400,15.875,15.739999771118164,11.59158706665039
20-05-2002,15.6850004196167,15.864999771118164,479000,16.0,15.899999618530273,11.7094144821167
21-05-2002,15.574999809265137,15.875,211000,15.984999656677246,15.734999656677246,11.587903022766113
22-05-2002,15.524999618530273,15.699999809265137,186600,15.824999809265137,15.729999542236328,11.584220886230469
23-05-2002,15.614999771118164,15.699999809265137,247800,16.25,16.2450008392334,11.963491439819336
24-05-2002,15.869999885559082,16.075000762939453,122800,16.135000228881836,15.899999618530273,11.7094144821167
28-05-2002,15.46500015258789,15.899999618530273,223400,15.899999618530273,15.574999809265137,11.470070838928223
29-05-2002,15.399999618530273,15.550000190734863,729800,15.619999885559082,15.505000114440918,11.418522834777832
30-05-2002,15.510000228881836,15.510000228881836,220600,15.949999809265137,15.885000228881836,11.698373794555664
31-05-2002,15.829999923706055,15.885000228881836,204000,16.145000457763672,15.9399995803833,11.738874435424805
03-06-2002,15.649999618530273,15.9399995803833,315000,16.114999771118164,15.755000114440918,11.602627754211426
04-06-2002,15.515000343322754,15.699999809265137,213400,15.75,15.680000305175781,11.547401428222656
05-06-2002,15.569999694824219,15.574999809265137,401200,16.149999618530273,16.125,11.875110626220703
06-06-2002,16.0,16.125,321800,16.350000381469727,16.024999618530273,11.801473617553711
07-06-2002,15.875,15.899999618530273,344600,16.264999389648438,16.25,11.967169761657715
10-06-2002,16.174999237060547,16.174999237060547,515400,16.5,16.44499969482422,12.110774040222168
11-06-2002,16.100000381469727,16.475000381469727,360400,16.4950008392334,16.190000534057617,11.922983169555664
12-06-2002,15.824999809265137,16.225000381469727,250600,16.235000610351562,15.925000190734863,11.775100708007812
13-06-2002,15.569999694824219,15.989999771118164,279800,15.989999771118164,15.569999694824219,11.512608528137207
14-06-2002,15.25,15.5600004196167,433600,16.079999923706055,16.079999923706055,11.889713287353516
17-06-2002,15.850000381469727,16.079999923706055,216200,16.270000457763672,16.1299991607666,11.926681518554688
18-06-2002,16.0049991607666,16.0049991607666,317200,16.25,16.174999237060547,11.959949493408203
19-06-2002,15.625,16.100000381469727,321000,16.125,15.760000228881836,11.65310001373291
20-06-2002,15.704999923706055,15.760000228881836,406200,15.875,15.755000114440918,11.649401664733887
21-06-2002,15.515000343322754,15.649999618530273,244000,15.770000457763672,15.739999771118164,11.638309478759766
24-06-2002,15.199999809265137,15.739999771118164,276400,15.800000190734863,15.614999771118164,11.54588794708252
25-06-2002,15.010000228881836,15.649999618530273,489600,15.65999984741211,15.225000381469727,11.257515907287598
26-06-2002,14.795000076293945,14.949999809265137,489800,15.045000076293945,14.944999694824219,11.050479888916016
27-06-2002,14.880000114440918,15.175000190734863,528600,15.300000190734863,15.100000381469727,11.16508674621582
28-06-2002,15.079999923706055,15.100000381469727,1125400,15.5,15.375,11.368425369262695
01-07-2002,15.454999923706055,15.550000190734863,415600,15.875,15.789999961853027,11.67528247833252
02-07-2002,15.470000267028809,15.739999771118164,380600,15.789999961853027,15.53499984741211,11.486733436584473
03-07-2002,15.199999809265137,15.425000190734863,318600,15.524999618530273,15.375,11.368425369262695
05-07-2002,15.380000114440918,15.425000190734863,161000,15.975000381469727,15.819999694824219,11.697463035583496
08-07-2002,15.680000305175781,15.725000381469727,244200,15.949999809265137,15.725000381469727,11.627219200134277
09-07-2002,15.25,15.725000381469727,291400,15.789999961853027,15.25,11.276000022888184
10-07-2002,14.925000190734863,15.255000114440918,182600,15.255000114440918,15.0,11.091145515441895
11-07-2002,14.654999732971191,15.0,309800,15.149999618530273,15.024999618530273,11.10963249206543
12-07-2002,14.899999618530273,15.015000343322754,261800,15.350000381469727,14.975000381469727,11.07266616821289
15-07-2002,14.614999771118164,14.949999809265137,514000,14.949999809265137,14.875,10.998717308044434
16-07-2002,14.515000343322754,14.864999771118164,249400,14.9350004196167,14.635000228881836,10.821264266967773
17-07-2002,14.449999809265137,14.635000228881836,276400,14.850000381469727,14.574999809265137,10.776901245117188
18-07-2002,14.350000381469727,14.574999809265137,234000,14.625,14.369999885559082,10.625320434570312
19-07-2002,13.899999618530273,14.369999885559082,231200,14.369999885559082,13.930000305175781,10.299978256225586
22-07-2002,13.3100004196167,13.899999618530273,212600,14.114999771118164,13.524999618530273,10.000516891479492
23-07-2002,13.170000076293945,13.475000381469727,214200,13.600000381469727,13.220000267028809,9.77499771118164
24-07-2002,12.850000381469727,13.21500015258789,653200,13.975000381469727,13.949999809265137,10.31477165222168
25-07-2002,13.850000381469727,13.975000381469727,332800,14.484999656677246,14.449999809265137,10.684473037719727
26-07-2002,13.875,14.475000381469727,180600,14.475000381469727,13.949999809265137,10.31477165222168
29-07-2002,13.899999618530273,13.899999618530273,213000,15.0,14.949999809265137,11.054177284240723
30-07-2002,14.399999618530273,14.954999923706055,173000,14.954999923706055,14.600000381469727,10.795384407043457
31-07-2002,14.46500015258789,14.550000190734863,202600,14.895000457763672,14.779999732971191,10.928479194641113
01-08-2002,14.729999542236328,14.899999618530273,216200,15.375,14.75,10.906296730041504
02-08-2002,14.130000114440918,14.755000114440918,164400,14.824999809265137,14.154999732971191,10.46634578704834
05-08-2002,14.149999618530273,14.154999732971191,232400,14.430000305175781,14.204999923706055,10.503316879272461
06-08-2002,14.524999618530273,14.524999618530273,168200,14.819999694824219,14.630000114440918,10.81756591796875
07-08-2002,14.680000305175781,14.75,155200,15.145000457763672,14.979999542236328,11.076360702514648
08-08-2002,14.854999542236328,14.854999542236328,98400,15.380000114440918,15.380000114440918,11.3721284866333
09-08-2002,15.125,15.324999809265137,126400,15.425000190734863,15.350000381469727,11.34994125366211
12-08-2002,15.095000267028809,15.300000190734863,102200,15.4350004196167,15.430000305175781,11.409096717834473
13-08-2002,15.175000190734863,15.414999961853027,156600,15.614999771118164,15.180000305175781,11.224239349365234
14-08-2002,14.75,15.1850004196167,211600,15.5649995803833,15.550000190734863,11.497820854187012
15-08-2002,15.265000343322754,15.5,151200,15.604999542236328,15.425000190734863,11.405394554138184
16-08-2002,15.375,15.399999618530273,105000,15.604999542236328,15.524999618530273,11.47933578491211
19-08-2002,15.345000267028809,15.5,172400,15.75,15.494999885559082,11.457154273986816
20-08-2002,15.270000457763672,15.494999885559082,182800,15.494999885559082,15.404999732971191,11.390609741210938
21-08-2002,15.270000457763672,15.40999984741211,451400,15.5,15.5,11.460853576660156
22-08-2002,15.300000190734863,15.550000190734863,163600,15.800000190734863,15.494999885559082,11.457154273986816
23-08-2002,15.149999618530273,15.494999885559082,145200,15.510000228881836,15.255000114440918,11.279699325561523
26-08-2002,15.095000267028809,15.265000343322754,146600,15.375,15.375,11.368425369262695
27-08-2002,15.164999961853027,15.425000190734863,163600,15.524999618530273,15.220000267028809,11.253823280334473
28-08-2002,14.835000038146973,15.199999809265137,101000,15.199999809265137,15.0,11.091145515441895
29-08-2002,14.944999694824219,15.0,151800,15.199999809265137,15.104999542236328,11.16878890991211
30-08-2002,15.125,15.125,104600,15.494999885559082,15.414999961853027,11.398002624511719
03-09-2002,14.949999809265137,15.300000190734863,128600,15.300000190734863,15.03499984741211,11.11702823638916
04-09-2002,14.975000381469727,15.024999618530273,234400,15.350000381469727,15.345000267028809,11.346245765686035
05-09-2002,14.350000381469727,14.975000381469727,687800,14.979999542236328,14.5,10.721444129943848
06-09-2002,14.274999618530273,14.5,432000,14.779999732971191,14.59000015258789,10.787991523742676
09-09-2002,14.524999618530273,14.625,334800,14.864999771118164,14.75,10.906296730041504
10-09-2002,14.725000381469727,14.755000114440918,165600,14.850000381469727,14.824999809265137,10.961748123168945
11-09-2002,14.704999923706055,14.8149995803833,121400,14.824999809265137,14.765000343322754,10.969181060791016
12-09-2002,14.449999809265137,14.75,120200,14.75,14.479999542236328,10.757448196411133
13-09-2002,14.175000190734863,14.449999809265137,202400,14.529999732971191,14.470000267028809,10.750018119812012
16-09-2002,14.399999618530273,14.449999809265137,185600,14.539999961853027,14.489999771118164,10.76487922668457
17-09-2002,14.225000381469727,14.550000190734863,179400,14.619999885559082,14.274999618530273,10.605152130126953
18-09-2002,13.994999885559082,14.175000190734863,211800,14.199999809265137,14.050000190734863,10.437994956970215
19-09-2002,13.430000305175781,14.0,392000,14.0,13.430000305175781,9.977386474609375
20-09-2002,13.300000190734863,13.430000305175781,598600,13.625,13.539999961853027,10.059107780456543
23-09-2002,13.399999618530273,13.550000190734863,314200,13.550000190734863,13.489999771118164,10.02195930480957
24-09-2002,12.90999984741211,13.300000190734863,194400,13.300000190734863,12.949999809265137,9.620782852172852
25-09-2002,12.805000305175781,12.954999923706055,293800,13.145000457763672,13.029999732971191,9.680216789245605
26-09-2002,13.100000381469727,13.100000381469727,168800,13.289999961853027,13.229999542236328,9.8287992477417
27-09-2002,12.75,13.199999809265137,163400,13.204999923706055,12.795000076293945,9.505631446838379
30-09-2002,12.399999618530273,12.550000190734863,359400,12.699999809265137,12.645000457763672,9.394194602966309
01-10-2002,12.850000381469727,12.850000381469727,562600,13.75,13.729999542236328,10.200258255004883
02-10-2002,13.125,13.734999656677246,652200,13.734999656677246,13.300000190734863,9.880805015563965
03-10-2002,13.0649995803833,13.274999618530273,335000,13.699999809265137,13.154999732971191,9.773080825805664
04-10-2002,12.664999961853027,13.25,224400,13.274999618530273,12.760000228881836,9.479631423950195
07-10-2002,12.375,12.725000381469727,123200,12.75,12.385000228881836,9.20103645324707
08-10-2002,12.270000457763672,12.399999618530273,282200,12.625,12.5,9.28647518157959
09-10-2002,11.800000190734863,12.5,284600,12.520000457763672,11.835000038146973,8.792430877685547
10-10-2002,11.885000228881836,11.885000228881836,441400,12.529999732971191,12.520000457763672,9.301328659057617
11-10-2002,12.75,12.800000190734863,184000,13.149999618530273,13.09000015258789,9.724796295166016
14-10-2002,12.770000457763672,13.050000190734863,170200,13.175000190734863,12.904999732971191,9.58735179901123
15-10-2002,13.020000457763672,13.020000457763672,145000,13.75,13.680000305175781,10.16311264038086
16-10-2002,13.234999656677246,13.649999618530273,151600,13.800000190734863,13.25,9.843658447265625
17-10-2002,13.489999771118164,13.494999885559082,90200,13.875,13.800000190734863,10.252264022827148
18-10-2002,13.40999984741211,13.800000190734863,87600,13.850000381469727,13.604999542236328,10.107394218444824
21-10-2002,13.375,13.595000267028809,221400,13.975000381469727,13.970000267028809,10.378558158874512
22-10-2002,13.574999809265137,13.920000076293945,251800,13.925000190734863,13.630000114440918,10.125967025756836
23-10-2002,13.425000190734863,14.050000190734863,326600,14.050000190734863,13.760000228881836,10.222550392150879
24-10-2002,13.369999885559082,13.774999618530273,328000,13.774999618530273,13.390000343322754,9.94766902923584
25-10-2002,13.300000190734863,13.390000343322754,222800,13.949999809265137,13.875,10.307985305786133
28-10-2002,13.755000114440918,13.949999809265137,161400,14.024999618530273,13.789999961853027,10.244834899902344
29-10-2002,13.619999885559082,13.78499984741211,259800,13.899999618530273,13.885000228881836,10.315413475036621
30-10-2002,13.789999961853027,13.890000343322754,179000,13.979999542236328,13.944999694824219,10.359990119934082
31-10-2002,13.805000305175781,13.944999694824219,166400,14.0600004196167,14.0600004196167,10.44542121887207
01-11-2002,13.96500015258789,14.199999809265137,185200,14.354999542236328,14.354999542236328,10.664581298828125
04-11-2002,14.25,14.399999618530273,89200,14.399999618530273,14.260000228881836,10.59400749206543
05-11-2002,14.260000228881836,14.274999618530273,172400,14.5,14.489999771118164,10.76487922668457
06-11-2002,14.345000267028809,14.489999771118164,176600,14.899999618530273,14.800000190734863,10.9951810836792
07-11-2002,14.529999732971191,14.75,191400,14.774999618530273,14.625,10.865168571472168
08-11-2002,14.274999618530273,14.574999809265137,143200,14.694999694824219,14.350000381469727,10.660865783691406
11-11-2002,14.024999618530273,14.399999618530273,146600,14.475000381469727,14.024999618530273,10.41942310333252
12-11-2002,13.949999809265137,14.029999732971191,137400,14.475000381469727,14.220000267028809,10.564290046691895
13-11-2002,14.149999618530273,14.220000267028809,117400,14.550000190734863,14.420000076293945,10.712878227233887
14-11-2002,14.46500015258789,14.475000381469727,123800,14.744999885559082,14.640000343322754,10.876315116882324
15-11-2002,14.5,14.524999618530273,191200,14.984999656677246,14.984999656677246,11.132617950439453
18-11-2002,14.864999771118164,14.984999656677246,394000,15.005000114440918,14.864999771118164,11.043472290039062
19-11-2002,14.859999656677246,14.949999809265137,493200,15.0,14.9350004196167,11.095478057861328
20-11-2002,14.835000038146973,14.899999618530273,458800,14.960000038146973,14.930000305175781,11.091764450073242
21-11-2002,14.9399995803833,15.0,294600,15.449999809265137,15.4399995803833,11.470653533935547
22-11-2002,15.029999732971191,15.375,349800,15.505000114440918,15.145000457763672,11.251489639282227
25-11-2002,14.970000267028809,15.149999618530273,208200,15.449999809265137,15.3149995803833,11.377786636352539
26-11-2002,14.805000305175781,15.274999618530273,175800,15.274999618530273,14.975000381469727,11.12519359588623
27-11-2002,15.050000190734863,15.050000190734863,139200,15.475000381469727,15.460000038146973,11.485509872436523
29-11-2002,15.5,15.5,41200,15.664999961853027,15.574999809265137,11.570940971374512
02-12-2002,15.4399995803833,15.675000190734863,196600,15.680000305175781,15.579999923706055,11.574661254882812
03-12-2002,15.225000381469727,15.600000381469727,240200,15.600000381469727,15.265000343322754,11.340641021728516
04-12-2002,15.0,15.25,239400,15.53499984741211,15.5,11.515225410461426
05-12-2002,15.024999618530273,15.505000114440918,138600,15.505000114440918,15.15999984741211,11.262630462646484
06-12-2002,15.055000305175781,15.0600004196167,137800,15.53499984741211,15.489999771118164,11.507796287536621
09-12-2002,15.1850004196167,15.489999771118164,266400,15.5,15.194999694824219,11.28863525390625
10-12-2002,15.225000381469727,15.225000381469727,138800,15.449999809265137,15.380000114440918,11.426077842712402
11-12-2002,15.024999618530273,15.274999618530273,363400,15.300000190734863,15.100000381469727,11.269351959228516
12-12-2002,14.90999984741211,15.125,142600,15.164999961853027,15.024999618530273,11.213375091552734
13-12-2002,14.6899995803833,14.949999809265137,237800,14.989999771118164,14.699999809265137,10.97082233428955
16-12-2002,14.600000381469727,14.725000381469727,647200,14.770000457763672,14.729999542236328,10.993210792541504
17-12-2002,14.59000015258789,14.604999542236328,382800,14.890000343322754,14.729999542236328,10.993210792541504
18-12-2002,14.3100004196167,14.604999542236328,256400,14.635000228881836,14.390000343322754,10.739463806152344
19-12-2002,14.0600004196167,14.390000343322754,437800,14.390000343322754,14.074999809265137,10.504377365112305
20-12-2002,13.930000305175781,14.100000381469727,1210400,14.234999656677246,13.930000305175781,10.396160125732422
23-12-2002,13.899999618530273,13.899999618530273,469200,14.03499984741211,14.015000343322754,10.459596633911133
24-12-2002,13.9399995803833,14.024999618530273,111000,14.09000015258789,13.960000038146973,10.418550491333008
26-12-2002,13.920000076293945,13.960000038146973,206200,14.244999885559082,14.204999923706055,10.601395606994629
27-12-2002,13.989999771118164,14.21500015258789,189400,14.28499984741211,14.010000228881836,10.455867767333984
30-12-2002,13.774999618530273,13.979999542236328,185000,14.119999885559082,14.119999885559082,10.537961959838867
31-12-2002,13.960000038146973,14.100000381469727,147000,14.375,14.225000381469727,10.616329193115234
02-01-2003,14.055000305175781,14.199999809265137,399800,14.600000381469727,14.300000190734863,10.672294616699219
03-01-2003,14.274999618530273,14.295000076293945,210800,14.595000267028809,14.4399995803833,10.776778221130371
06-01-2003,14.479999542236328,14.489999771118164,235400,14.9399995803833,14.800000190734863,11.045453071594238
07-01-2003,14.625,14.800000190734863,128000,14.84000015258789,14.625,10.914851188659668
08-01-2003,14.329999923706055,14.614999771118164,100600,14.614999771118164,14.350000381469727,10.709615707397461
09-01-2003,14.329999923706055,14.350000381469727,194000,14.779999732971191,14.725000381469727,10.989479064941406
10-01-2003,14.539999961853027,14.649999618530273,119400,14.725000381469727,14.539999961853027,10.851411819458008
13-01-2003,14.59000015258789,14.59000015258789,166600,14.78499984741211,14.725000381469727,10.989479064941406
14-01-2003,14.404999732971191,14.649999618530273,167400,14.649999618530273,14.5,10.821558952331543
15-01-2003,14.015000343322754,14.574999809265137,461000,14.574999809265137,14.024999618530273,10.467057228088379
16-01-2003,13.954999923706055,13.960000038146973,303800,14.604999542236328,14.604999542236328,10.899923324584961
17-01-2003,14.3100004196167,14.600000381469727,245800,14.699999809265137,14.425000190734863,10.765583992004395
21-01-2003,14.199999809265137,14.460000038146973,147000,14.524999618530273,14.199999809265137,10.597665786743164
22-01-2003,14.0,14.199999809265137,230000,14.329999923706055,14.039999961853027,10.478260040283203
23-01-2003,13.600000381469727,14.0,367400,14.119999885559082,14.114999771118164,10.534231185913086
24-01-2003,13.75,14.119999885559082,326600,14.119999885559082,13.90999984741211,10.381237983703613
27-01-2003,13.199999809265137,13.78499984741211,335200,13.78499984741211,13.210000038146973,9.85881519317627
28-01-2003,13.039999961853027,13.234999656677246,356000,13.260000228881836,13.079999923706055,9.761791229248047
29-01-2003,12.710000038146973,13.100000381469727,326200,13.28499984741211,13.270000457763672,9.903594017028809
30-01-2003,12.899999618530273,13.25,276000,13.255000114440918,12.914999961853027,9.638650894165039
31-01-2003,12.850000381469727,12.850000381469727,323800,13.1899995803833,13.125,9.795380592346191
03-02-2003,13.0600004196167,13.140000343322754,217200,13.40999984741211,13.40999984741211,10.008076667785645
04-02-2003,13.095000267028809,13.359999656677246,249200,13.364999771118164,13.279999732971191,9.911053657531738
05-02-2003,12.8149995803833,13.3100004196167,219400,13.4399995803833,12.829999923706055,9.575218200683594
06-02-2003,12.824999809265137,12.824999809265137,201400,13.149999618530273,12.954999923706055,9.66850471496582
07-02-2003,12.890000343322754,12.975000381469727,179400,13.045000076293945,12.904999732971191,9.631186485290527
10-02-2003,12.899999618530273,12.90999984741211,116800,13.0,12.9399995803833,9.657308578491211
11-02-2003,12.5649995803833,12.899999618530273,264000,12.9399995803833,12.5649995803833,9.37744140625
12-02-2003,12.449999809265137,12.515000343322754,372200,12.6899995803833,12.475000381469727,9.310271263122559
13-02-2003,12.430000305175781,12.449999809265137,165000,12.609999656677246,12.59000015258789,9.396102905273438
14-02-2003,12.395000457763672,12.59000015258789,307600,12.609999656677246,12.524999618530273,9.347588539123535
18-02-2003,12.390000343322754,12.550000190734863,456000,12.635000228881836,12.489999771118164,9.321470260620117
19-02-2003,12.350000381469727,12.46500015258789,423200,12.484999656677246,12.399999618530273,9.254298210144043
20-02-2003,12.09000015258789,12.399999618530273,364400,12.449999809265137,12.100000381469727,9.030407905578613
21-02-2003,12.109999656677246,12.140000343322754,343600,12.399999618530273,12.395000457763672,9.250570297241211
24-02-2003,12.0,12.395000457763672,324400,12.395000457763672,12.0,8.955780029296875
25-02-2003,11.8100004196167,11.949999809265137,248200,12.114999771118164,12.09000015258789,9.022941589355469
26-02-2003,11.895000457763672,12.100000381469727,220000,12.100000381469727,11.895000457763672,8.877411842346191
27-02-2003,11.800000190734863,11.800000190734863,351600,11.96500015258789,11.875,8.862486839294434
28-02-2003,11.9350004196167,11.949999809265137,350600,12.255000114440918,12.244999885559082,9.138620376586914
03-03-2003,12.045000076293945,12.295000076293945,187800,12.40999984741211,12.055000305175781,8.996820449829102
04-03-2003,11.619999885559082,12.055000305175781,279600,12.055000305175781,11.640000343322754,8.687102317810059
05-03-2003,11.550000190734863,11.640000343322754,410200,11.829999923706055,11.555000305175781,8.623665809631348
06-03-2003,11.515000343322754,11.524999618530273,373400,11.675000190734863,11.524999618530273,8.601275444030762
07-03-2003,11.414999961853027,11.425000190734863,202600,11.510000228881836,11.430000305175781,8.530374526977539
10-03-2003,11.175000190734863,11.399999618530273,303200,11.454999923706055,11.295000076293945,8.429622650146484
11-03-2003,11.225000381469727,11.350000381469727,218000,11.399999618530273,11.25,8.396040916442871
12-03-2003,11.050000190734863,11.149999618530273,226400,11.175000190734863,11.140000343322754,8.36600112915039
13-03-2003,11.164999961853027,11.21500015258789,186800,11.635000228881836,11.630000114440918,8.733983993530273
14-03-2003,11.444999694824219,11.579999923706055,335200,11.579999923706055,11.449999809265137,8.598803520202637
17-03-2003,11.335000038146973,11.460000038146973,323000,11.8100004196167,11.8100004196167,8.869161605834961
18-03-2003,11.9399995803833,12.0,375800,12.199999809265137,12.180000305175781,9.147024154663086
19-03-2003,12.005000114440918,12.199999809265137,546200,12.274999618530273,12.1850004196167,9.150778770446777
20-03-2003,11.96500015258789,12.100000381469727,213400,12.140000343322754,12.140000343322754,9.116984367370605
21-03-2003,12.180000305175781,12.199999809265137,337800,12.779999732971191,12.779999732971191,9.597620964050293
24-03-2003,12.135000228881836,12.779999732971191,266200,12.779999732971191,12.300000190734863,9.23714542388916
25-03-2003,11.970000267028809,12.324999809265137,403200,12.335000038146973,12.0,9.011847496032715
26-03-2003,12.050000190734863,12.050000190734863,201600,12.229999542236328,12.180000305175781,9.147024154663086
27-03-2003,11.800000190734863,12.180000305175781,206000,12.199999809265137,12.010000228881836,9.019356727600098
28-03-2003,11.869999885559082,12.0,206000,12.09000015258789,12.09000015258789,9.079438209533691
31-03-2003,11.805000305175781,11.925000190734863,412400,12.25,12.175000190734863,9.143267631530762
01-04-2003,11.859999656677246,12.274999618530273,263000,12.699999809265137,12.15999984741211,9.132002830505371
02-04-2003,12.300000190734863,12.350000381469727,164600,12.550000190734863,12.449999809265137,9.349794387817383
03-04-2003,12.260000228881836,12.574999809265137,214000,12.595000267028809,12.34000015258789,9.267178535461426
04-04-2003,12.104999542236328,12.46500015258789,164800,12.53499984741211,12.125,9.105720520019531
07-04-2003,12.345000267028809,12.375,223600,12.550000190734863,12.404999732971191,9.315998077392578
08-04-2003,12.199999809265137,12.515000343322754,184000,12.550000190734863,12.274999618530273,9.218371391296387
09-04-2003,12.074999809265137,12.25,164200,12.4399995803833,12.074999809265137,9.068172454833984
10-04-2003,12.074999809265137,12.074999809265137,105400,12.3100004196167,12.154999732971191,9.128251075744629
11-04-2003,11.975000381469727,12.300000190734863,103800,12.324999809265137,12.020000457763672,9.026866912841797
14-04-2003,12.0,12.050000190734863,156800,12.3100004196167,12.289999961853027,9.229634284973145
15-04-2003,12.029999732971191,12.289999961853027,121200,12.350000381469727,12.329999923706055,9.259674072265625
16-04-2003,12.300000190734863,12.329999923706055,300400,12.425000190734863,12.354999542236328,9.278447151184082
17-04-2003,12.260000228881836,12.364999771118164,115800,12.380000114440918,12.3149995803833,9.248411178588867
21-04-2003,12.295000076293945,12.34000015258789,196200,12.399999618530273,12.300000190734863,9.23714542388916
22-04-2003,12.104999542236328,12.300000190734863,355600,12.5649995803833,12.5600004196167,9.432402610778809
23-04-2003,12.354999542236328,12.609999656677246,228000,12.675000190734863,12.545000076293945,9.421136856079102
24-04-2003,12.550000190734863,12.550000190734863,1236600,13.050000190734863,12.930000305175781,9.7102632522583
25-04-2003,12.710000038146973,12.975000381469727,223600,12.975000381469727,12.829999923706055,9.635169982910156
28-04-2003,12.829999923706055,12.829999923706055,241400,13.364999771118164,13.225000381469727,9.931811332702637
29-04-2003,13.125,13.324999809265137,212600,13.324999809265137,13.234999656677246,9.939314842224121
30-04-2003,13.100000381469727,13.199999809265137,294200,13.585000038146973,13.5,10.138326644897461
01-05-2003,12.920000076293945,13.449999809265137,294400,13.449999809265137,13.069999694824219,9.815406799316406
02-05-2003,13.0649995803833,13.069999694824219,255600,13.375,13.3149995803833,9.999395370483398
05-05-2003,13.279999732971191,13.3149995803833,164600,13.5,13.399999618530273,10.06322956085205
06-05-2003,13.234999656677246,13.399999618530273,183600,13.399999618530273,13.350000381469727,10.025683403015137
07-05-2003,13.114999771118164,13.300000190734863,171800,13.350000381469727,13.239999771118164,9.943071365356445
08-05-2003,12.954999923706055,13.140000343322754,173000,13.25,12.975000381469727,9.744060516357422
09-05-2003,12.975000381469727,12.975000381469727,149200,13.279999732971191,13.225000381469727,9.931811332702637
12-05-2003,13.1850004196167,13.1850004196167,209600,13.515000343322754,13.475000381469727,10.119555473327637
13-05-2003,13.225000381469727,13.425000190734863,115600,13.425000190734863,13.279999732971191,9.973108291625977
14-05-2003,13.0649995803833,13.3149995803833,153000,13.319999694824219,13.100000381469727,9.837934494018555
15-05-2003,12.875,13.074999809265137,304800,13.234999656677246,13.010000228881836,9.770346641540527
16-05-2003,12.949999809265137,13.024999618530273,88400,13.0649995803833,12.984999656677246,9.751570701599121
19-05-2003,12.875,12.899999618530273,200400,12.9399995803833,12.885000228881836,9.676471710205078
20-05-2003,12.90999984741211,12.90999984741211,173400,13.055000305175781,12.954999923706055,9.729040145874023
21-05-2003,12.789999961853027,12.949999809265137,130600,12.949999809265137,12.805000305175781,9.616393089294434
22-05-2003,12.765000343322754,12.800000190734863,305000,12.949999809265137,12.90999984741211,9.695246696472168
23-05-2003,12.880000114440918,12.90999984741211,217800,12.975000381469727,12.9350004196167,9.714021682739258
27-05-2003,12.78499984741211,12.930000305175781,360400,13.140000343322754,13.140000343322754,9.867968559265137
28-05-2003,13.005000114440918,13.140000343322754,205200,13.244999885559082,13.1899995803833,9.905517578125
29-05-2003,13.074999809265137,13.15999984741211,135000,13.229999542236328,13.079999923706055,9.822915077209473
30-05-2003,13.0649995803833,13.100000381469727,171400,13.489999771118164,13.385000228881836,10.051966667175293
02-06-2003,13.414999961853027,13.5,173000,13.710000038146973,13.494999885559082,10.134573936462402
03-06-2003,13.420000076293945,13.489999771118164,187200,13.670000076293945,13.5649995803833,10.187143325805664
04-06-2003,13.614999771118164,13.630000114440918,196000,13.84000015258789,13.800000190734863,10.363624572753906
05-06-2003,13.725000381469727,13.8100004196167,222200,13.885000228881836,13.765000343322754,10.337345123291016
06-06-2003,13.555000305175781,13.765000343322754,211800,13.84000015258789,13.609999656677246,10.220935821533203
09-06-2003,13.274999618530273,13.5,217600,13.505000114440918,13.34000015258789,10.01817512512207
10-06-2003,13.300000190734863,13.300000190734863,179400,13.489999771118164,13.484999656677246,10.127063751220703
11-06-2003,13.324999809265137,13.399999618530273,152800,13.46500015258789,13.4350004196167,10.14216136932373
12-06-2003,13.385000228881836,13.449999809265137,208400,13.680000305175781,13.59000015258789,10.259172439575195
13-06-2003,13.524999618530273,13.625,211000,13.675000190734863,13.569999694824219,10.244077682495117
16-06-2003,13.635000228881836,13.635000228881836,499200,14.074999809265137,14.024999618530273,10.587557792663574
17-06-2003,13.904999732971191,14.024999618530273,582600,14.279999732971191,14.239999771118164,10.749862670898438
18-06-2003,14.050000190734863,14.239999771118164,574400,14.3100004196167,14.145000457763672,10.67814826965332
19-06-2003,13.9399995803833,14.15999984741211,277200,14.210000038146973,13.979999542236328,10.553586959838867
20-06-2003,13.9399995803833,14.024999618530273,988200,14.100000381469727,14.069999694824219,10.621526718139648
23-06-2003,13.819999694824219,14.069999694824219,383600,14.114999771118164,13.875,10.474323272705078
24-06-2003,13.875,13.875,284600,14.114999771118164,14.0649995803833,10.617753028869629
25-06-2003,13.880000114440918,14.114999771118164,318000,14.149999618530273,13.899999618530273,10.493189811706543
26-06-2003,13.859999656677246,13.925000190734863,254400,14.225000381469727,14.175000190734863,10.700794219970703
27-06-2003,14.074999809265137,14.225000381469727,325600,14.289999961853027,14.09000015258789,10.636627197265625
30-06-2003,13.979999542236328,14.199999809265137,996200,14.199999809265137,13.984999656677246,10.557358741760254
01-07-2003,13.739999771118164,13.984999656677246,430800,14.1850004196167,14.1850004196167,10.70833969116211
02-07-2003,14.175000190734863,14.244999885559082,378800,14.430000305175781,14.289999961853027,10.787606239318848
03-07-2003,14.130000114440918,14.289999961853027,164800,14.329999923706055,14.15999984741211,10.68946647644043
07-07-2003,14.199999809265137,14.199999809265137,255800,14.489999771118164,14.444999694824219,10.904618263244629
08-07-2003,14.295000076293945,14.3100004196167,209000,14.609999656677246,14.555000305175781,10.987658500671387
09-07-2003,14.270000457763672,14.524999618530273,283800,14.524999618530273,14.404999732971191,10.874417304992676
10-07-2003,14.074999809265137,14.28499984741211,258400,14.3149995803833,14.199999809265137,10.7196626663208
11-07-2003,14.225000381469727,14.225000381469727,213600,14.399999618530273,14.270000457763672,10.772509574890137
14-07-2003,14.199999809265137,14.375,389600,14.375,14.244999885559082,10.753637313842773
15-07-2003,14.125,14.210000038146973,204600,14.444999694824219,14.210000038146973,10.727216720581055
16-07-2003,14.010000228881836,14.229999542236328,156400,14.25,14.125,10.663043975830078
17-07-2003,14.0,14.0649995803833,177800,14.244999885559082,14.005000114440918,10.57245922088623
18-07-2003,13.994999885559082,14.005000114440918,197600,14.25,14.25,10.75740909576416
21-07-2003,13.944999694824219,14.25,162800,14.25,14.055000305175781,10.61020278930664
22-07-2003,14.0,14.024999618530273,319000,14.3100004196167,14.3100004196167,10.802705764770508
23-07-2003,13.550000190734863,14.050000190734863,541600,14.199999809265137,13.875,10.474323272705078
24-07-2003,13.539999961853027,13.875,475800,13.875,13.694999694824219,10.33843994140625
25-07-2003,13.399999618530273,13.770000457763672,374400,13.795000076293945,13.760000228881836,10.387508392333984
28-07-2003,13.625,13.765000343322754,315200,13.84000015258789,13.725000381469727,10.361087799072266
29-07-2003,13.425000190734863,13.800000190734863,291000,13.805000305175781,13.600000381469727,10.26672077178955
30-07-2003,13.350000381469727,13.649999618530273,273800,13.699999809265137,13.699999809265137,10.342208862304688
31-07-2003,13.630000114440918,13.75,294200,13.944999694824219,13.645000457763672,10.30069637298584
01-08-2003,13.265000343322754,13.600000381469727,223200,13.635000228881836,13.470000267028809,10.168584823608398
04-08-2003,13.100000381469727,13.470000267028809,314400,13.574999809265137,13.479999542236328,10.176130294799805
05-08-2003,13.265000343322754,13.449999809265137,197800,13.53499984741211,13.289999961853027,10.03270149230957
06-08-2003,13.104999542236328,13.324999809265137,326600,13.5600004196167,13.449999809265137,10.153484344482422
07-08-2003,12.994999885559082,13.399999618530273,282200,13.399999618530273,13.1899995803833,9.957209587097168
08-08-2003,13.130000114440918,13.25,294800,13.34000015258789,13.305000305175781,10.044023513793945
11-08-2003,13.1850004196167,13.274999618530273,272000,13.404999732971191,13.404999732971191,10.119516372680664
12-08-2003,13.3149995803833,13.364999771118164,177200,13.604999542236328,13.555000305175781,10.232749938964844
13-08-2003,13.425000190734863,13.574999809265137,327800,13.600000381469727,13.4350004196167,10.14216136932373
14-08-2003,13.375,13.449999809265137,181200,13.6899995803833,13.5649995803833,10.240300178527832
15-08-2003,13.460000038146973,13.649999618530273,107800,13.71500015258789,13.71500015258789,10.353532791137695
18-08-2003,13.625,13.739999771118164,225200,13.824999809265137,13.6899995803833,10.334662437438965
19-08-2003,13.6899995803833,13.6899995803833,218800,13.954999923706055,13.954999923706055,10.534713745117188
20-08-2003,13.78499984741211,13.90999984741211,193400,14.015000343322754,14.005000114440918,10.57245922088623
21-08-2003,13.899999618530273,14.010000228881836,251200,14.055000305175781,14.0,10.568682670593262
22-08-2003,13.920000076293945,14.024999618530273,307600,14.074999809265137,13.975000381469727,10.549811363220215
25-08-2003,13.739999771118164,13.899999618530273,182200,13.9399995803833,13.8149995803833,10.429027557373047
26-08-2003,13.640000343322754,13.774999618530273,203200,13.899999618530273,13.899999618530273,10.493189811706543
27-08-2003,13.789999961853027,13.899999618530273,149000,13.975000381469727,13.970000267028809,10.546035766601562
28-08-2003,13.824999809265137,13.949999809265137,311000,14.09000015258789,14.039999961853027,10.598883628845215
29-08-2003,13.975000381469727,14.050000190734863,348800,14.0649995803833,13.975000381469727,10.549811363220215
02-09-2003,13.914999961853027,13.984999656677246,245400,14.220000267028809,14.199999809265137,10.7196626663208
03-09-2003,14.114999771118164,14.199999809265137,283400,14.470000267028809,14.354999542236328,10.836678504943848
04-09-2003,14.3149995803833,14.354999542236328,295200,14.505000114440918,14.375,10.851775169372559
05-09-2003,14.104999542236328,14.300000190734863,228600,14.414999961853027,14.130000114440918,10.666824340820312
08-09-2003,14.0649995803833,14.114999771118164,199800,14.425000190734863,14.295000076293945,10.79137897491455
09-09-2003,14.255000114440918,14.295000076293945,344200,14.479999542236328,14.4399995803833,10.90084171295166
10-09-2003,14.109999656677246,14.399999618530273,288000,14.399999618530273,14.119999885559082,10.659271240234375
11-09-2003,13.8149995803833,14.005000114440918,404200,14.145000457763672,14.135000228881836,10.723760604858398
12-09-2003,13.8100004196167,14.050000190734863,453200,14.175000190734863,14.175000190734863,10.754107475280762
15-09-2003,13.949999809265137,14.170000076293945,377000,14.199999809265137,14.074999809265137,10.678240776062012
16-09-2003,14.039999961853027,14.050000190734863,300400,14.244999885559082,14.244999885559082,10.80721378326416
17-09-2003,13.994999885559082,14.175000190734863,347400,14.175000190734863,14.074999809265137,10.678240776062012
18-09-2003,13.925000190734863,14.069999694824219,419600,14.1850004196167,14.1850004196167,10.761691093444824
19-09-2003,14.055000305175781,14.175000190734863,280400,14.234999656677246,14.135000228881836,10.723760604858398
22-09-2003,13.859999656677246,14.010000228881836,297000,14.145000457763672,14.145000457763672,10.731348037719727
23-09-2003,14.039999961853027,14.125,167200,14.204999923706055,14.1850004196167,10.761691093444824
24-09-2003,13.895000457763672,14.1850004196167,438800,14.1850004196167,14.074999809265137,10.678240776062012
25-09-2003,13.829999923706055,14.149999618530273,312000,14.260000228881836,13.835000038146973,10.496163368225098
26-09-2003,13.739999771118164,13.800000190734863,577800,14.069999694824219,13.739999771118164,10.424084663391113
29-09-2003,13.600000381469727,13.795000076293945,491800,13.904999732971191,13.904999732971191,10.54926586151123
30-09-2003,13.675000190734863,13.8100004196167,435000,13.829999923706055,13.725000381469727,10.412710189819336
01-10-2003,13.734999656677246,13.744999885559082,461600,14.345000267028809,14.234999656677246,10.799627304077148
02-10-2003,14.100000381469727,14.234999656677246,290000,14.329999923706055,14.244999885559082,10.80721378326416
03-10-2003,14.329999923706055,14.380000114440918,362200,14.53499984741211,14.375,10.905839920043945
06-10-2003,14.279999732971191,14.375,254000,14.375,14.350000381469727,10.88686752319336
07-10-2003,14.25,14.350000381469727,302400,14.385000228881836,14.385000228881836,10.913424491882324
08-10-2003,14.045000076293945,14.385000228881836,393200,14.385000228881836,14.130000114440918,10.71996784210205
09-10-2003,13.954999923706055,14.225000381469727,379400,14.414999961853027,14.149999618530273,10.735143661499023
10-10-2003,13.970000267028809,14.140000343322754,255400,14.239999771118164,14.119999885559082,10.712379455566406
13-10-2003,14.085000038146973,14.104999542236328,197600,14.420000076293945,14.1899995803833,10.765486717224121
14-10-2003,13.975000381469727,14.225000381469727,265800,14.295000076293945,14.145000457763672,10.731348037719727
15-10-2003,14.050000190734863,14.225000381469727,196200,14.28499984741211,14.15999984741211,10.74272632598877
16-10-2003,14.055000305175781,14.125,151200,14.319999694824219,14.210000038146973,10.780661582946777
17-10-2003,14.114999771118164,14.274999618530273,273000,14.380000114440918,14.260000228881836,10.818595886230469
20-10-2003,14.029999732971191,14.25,228600,14.385000228881836,14.109999656677246,10.704792976379395
21-10-2003,13.729999542236328,14.109999656677246,583600,14.109999656677246,13.914999961853027,10.556856155395508
22-10-2003,13.1850004196167,13.789999961853027,767600,13.789999961853027,13.345000267028809,10.124410629272461
23-10-2003,12.930000305175781,13.260000228881836,647600,13.260000228881836,13.180000305175781,9.999231338500977
24-10-2003,12.8149995803833,13.079999923706055,413600,13.079999923706055,12.925000190734863,9.805773735046387
27-10-2003,12.895000457763672,13.024999618530273,421200,13.25,13.03499984741211,9.889223098754883
28-10-2003,12.954999923706055,13.050000190734863,448200,13.329999923706055,13.329999923706055,10.113032341003418
29-10-2003,13.135000228881836,13.274999618530273,264000,13.274999618530273,13.239999771118164,10.044750213623047
30-10-2003,13.199999809265137,13.25,522400,13.694999694824219,13.550000190734863,10.279935836791992
31-10-2003,13.345000267028809,13.574999809265137,179600,13.645000457763672,13.40999984741211,10.173726081848145
03-11-2003,13.40999984741211,13.40999984741211,220600,13.649999618530273,13.619999885559082,10.33304500579834
04-11-2003,13.425000190734863,13.579999923706055,226000,13.595000267028809,13.524999618530273,10.260972023010254
05-11-2003,13.449999809265137,13.5,249200,13.640000343322754,13.600000381469727,10.317872047424316
06-11-2003,13.5,13.625,209200,13.770000457763672,13.770000457763672,10.446846008300781
07-11-2003,13.699999809265137,13.795000076293945,383600,13.84000015258789,13.774999618530273,10.450637817382812
10-11-2003,13.460000038146973,13.770000457763672,378200,13.819999694824219,13.524999618530273,10.260972023010254
11-11-2003,13.324999809265137,13.475000381469727,195000,13.475000381469727,13.404999732971191,10.169934272766113
12-11-2003,13.399999618530273,13.399999618530273,201200,13.75,13.75,10.43167495727539
13-11-2003,13.625,13.725000381469727,192200,13.765000343322754,13.765000343322754,10.443052291870117
14-11-2003,13.654999732971191,13.824999809265137,309200,13.875,13.670000076293945,10.370979309082031
17-11-2003,13.354999542236328,13.649999618530273,410800,13.649999618530273,13.59000015258789,10.310283660888672
18-11-2003,13.385000228881836,13.649999618530273,199800,13.774999618530273,13.390000343322754,10.158554077148438
19-11-2003,13.3149995803833,13.399999618530273,201600,13.654999732971191,13.550000190734863,10.279935836791992
20-11-2003,13.279999732971191,13.5,165200,13.53499984741211,13.34000015258789,10.12061882019043
21-11-2003,13.369999885559082,13.399999618530273,151200,13.5,13.444999694824219,10.20028018951416
24-11-2003,13.470000267028809,13.5,392400,13.899999618530273,13.899999618530273,10.54547119140625
25-11-2003,13.739999771118164,13.899999618530273,336800,13.949999809265137,13.949999809265137,10.58340835571289
26-11-2003,14.0,14.0,352400,14.244999885559082,14.15999984741211,10.74272632598877
28-11-2003,14.100000381469727,14.21500015258789,182800,14.220000267028809,14.149999618530273,10.735143661499023
01-12-2003,14.229999542236328,14.25,244800,14.420000076293945,14.324999809265137,10.867905616760254
02-12-2003,14.199999809265137,14.350000381469727,350000,14.350000381469727,14.25,10.811004638671875
03-12-2003,14.005000114440918,14.125,524000,14.260000228881836,14.020000457763672,10.636514663696289
04-12-2003,13.9350004196167,14.020000457763672,406000,14.210000038146973,14.175000190734863,10.754107475280762
05-12-2003,13.96500015258789,14.130000114440918,211000,14.220000267028809,13.979999542236328,10.60616683959961
08-12-2003,13.994999885559082,13.994999885559082,483800,14.6850004196167,14.675000190734863,11.133441925048828
09-12-2003,14.484999656677246,14.675000190734863,506800,14.694999694824219,14.5,11.000672340393066
10-12-2003,14.399999618530273,14.5,345200,14.524999618530273,14.515000343322754,11.012055397033691
11-12-2003,14.390000343322754,14.430000305175781,365200,14.789999961853027,14.789999961853027,11.277012825012207
12-12-2003,14.539999961853027,14.725000381469727,559200,15.039999961853027,14.984999656677246,11.425699234008789
15-12-2003,14.829999923706055,15.204999923706055,481800,15.204999923706055,14.854999542236328,11.326573371887207
16-12-2003,14.744999885559082,14.875,179400,14.944999694824219,14.9399995803833,11.391389846801758
17-12-2003,14.630000114440918,14.899999618530273,288000,14.899999618530273,14.8149995803833,11.296072006225586
18-12-2003,14.664999961853027,14.774999618530273,196600,14.975000381469727,14.975000381469727,11.418069839477539
19-12-2003,14.774999618530273,14.925000190734863,284200,15.015000343322754,15.015000343322754,11.448572158813477
22-12-2003,14.864999771118164,14.975000381469727,185000,15.0649995803833,15.0649995803833,11.486695289611816
23-12-2003,15.0600004196167,15.0649995803833,205000,15.279999732971191,15.170000076293945,11.566750526428223
24-12-2003,15.010000228881836,15.024999618530273,60800,15.164999961853027,15.149999618530273,11.55150318145752
26-12-2003,15.175000190734863,15.199999809265137,77400,15.274999618530273,15.220000267028809,11.604875564575195
29-12-2003,15.145000457763672,15.170000076293945,274200,15.329999923706055,15.210000038146973,11.597250938415527
30-12-2003,15.104999542236328,15.225000381469727,228400,15.225000381469727,15.175000190734863,11.570565223693848
31-12-2003,14.984999656677246,15.225000381469727,504000,15.350000381469727,14.984999656677246,11.425699234008789
02-01-2004,15.050000190734863,15.050000190734863,478000,15.234999656677246,15.125,11.532445907592773
05-01-2004,15.145000457763672,15.199999809265137,242400,15.3100004196167,15.225000381469727,11.60869026184082
06-01-2004,15.1899995803833,15.239999771118164,301000,15.3149995803833,15.220000267028809,11.604875564575195
07-01-2004,15.100000381469727,15.239999771118164,196800,15.25,15.244999885559082,11.62393856048584
08-01-2004,15.175000190734863,15.239999771118164,245400,15.300000190734863,15.234999656677246,11.616313934326172
09-01-2004,14.875,15.175000190734863,393600,15.199999809265137,14.899999618530273,11.360884666442871
12-01-2004,14.899999618530273,14.920000076293945,284200,15.095000267028809,15.09000015258789,11.505756378173828
13-01-2004,15.010000228881836,15.09000015258789,234800,15.194999694824219,15.170000076293945,11.566750526428223
14-01-2004,15.199999809265137,15.199999809265137,203200,15.345000267028809,15.329999923706055,11.688751220703125
15-01-2004,15.074999809265137,15.279999732971191,189400,15.364999771118164,15.234999656677246,11.616313934326172
16-01-2004,15.104999542236328,15.199999809265137,223600,15.279999732971191,15.104999542236328,11.517190933227539
20-01-2004,15.09000015258789,15.104999542236328,320000,15.350000381469727,15.15999984741211,11.559125900268555
21-01-2004,15.164999961853027,15.175000190734863,214400,15.375,15.305000305175781,11.66968822479248
22-01-2004,15.140000343322754,15.274999618530273,271600,15.3149995803833,15.149999618530273,11.55150318145752
23-01-2004,15.145000457763672,15.149999618530273,359600,15.274999618530273,15.199999809265137,11.589629173278809
26-01-2004,15.079999923706055,15.25,174000,15.274999618530273,15.154999732971191,11.555319786071777
27-01-2004,15.119999885559082,15.154999732971191,230400,15.244999885559082,15.149999618530273,11.55150318145752
28-01-2004,15.104999542236328,15.149999618530273,393200,15.300000190734863,15.140000343322754,11.543880462646484
29-01-2004,14.949999809265137,15.1899995803833,547800,15.369999885559082,14.994999885559082,11.433321952819824
30-01-2004,14.75,15.024999618530273,479800,15.100000381469727,14.795000076293945,11.280827522277832
02-02-2004,14.625,14.795000076293945,374200,14.845000267028809,14.699999809265137,11.208391189575195
03-02-2004,14.5,14.699999809265137,389600,14.720000267028809,14.539999961853027,11.086393356323242
04-02-2004,14.300000190734863,14.5,548800,14.5,14.40999984741211,10.987273216247559
05-02-2004,14.375,14.414999961853027,369600,14.524999618530273,14.380000114440918,10.964399337768555
06-02-2004,14.425000190734863,14.484999656677246,602200,14.649999618530273,14.545000076293945,11.09020709991455
09-02-2004,14.515000343322754,14.579999923706055,545800,14.654999732971191,14.5649995803833,11.105453491210938
10-02-2004,14.399999618530273,14.550000190734863,632800,14.5649995803833,14.449999809265137,11.01777172088623
11-02-2004,14.34000015258789,14.46500015258789,669000,14.550000190734863,14.550000190734863,11.094021797180176
12-02-2004,14.399999618530273,14.5,242000,14.600000381469727,14.46500015258789,11.029212951660156
13-02-2004,14.350000381469727,14.5,415400,14.595000267028809,14.369999885559082,10.956770896911621
17-02-2004,14.364999771118164,14.399999618530273,360200,14.569999694824219,14.524999618530273,11.074960708618164
18-02-2004,14.149999618530273,14.5,507400,14.574999809265137,14.204999923706055,10.830965042114258
19-02-2004,13.975000381469727,14.289999961853027,533200,14.300000190734863,13.975000381469727,10.655593872070312
20-02-2004,13.6899995803833,13.925000190734863,411200,13.9399995803833,13.8149995803833,10.533598899841309
23-02-2004,13.630000114440918,13.854999542236328,283000,13.875,13.729999542236328,10.468786239624023
24-02-2004,13.600000381469727,13.71500015258789,253200,14.0,13.875,10.579349517822266
25-02-2004,13.774999618530273,13.859999656677246,303800,13.890000343322754,13.824999809265137,10.541226387023926
26-02-2004,13.614999771118164,13.829999923706055,408800,13.875,13.850000381469727,10.560285568237305
27-02-2004,13.789999961853027,13.850000381469727,546200,14.210000038146973,14.125,10.769964218139648
01-03-2004,14.140000343322754,14.149999618530273,490200,14.399999618530273,14.395000457763672,10.975836753845215
02-03-2004,14.414999961853027,14.430000305175781,495800,14.545000076293945,14.524999618530273,11.074960708618164
03-03-2004,14.34000015258789,14.475000381469727,343000,14.510000228881836,14.460000038146973,11.025397300720215
04-03-2004,14.350000381469727,14.399999618530273,197400,14.595000267028809,14.595000267028809,11.12833023071289
05-03-2004,14.520000457763672,14.53499984741211,207400,14.71500015258789,14.654999732971191,11.17407512664795
08-03-2004,14.5,14.699999809265137,191800,14.75,14.524999618530273,11.074960708618164
09-03-2004,14.364999771118164,14.524999618530273,216000,14.550000190734863,14.385000228881836,10.968212127685547
10-03-2004,14.104999542236328,14.4350004196167,270000,14.475000381469727,14.154999732971191,10.792837142944336
11-03-2004,14.09000015258789,14.154999732971191,321400,14.5,14.130000114440918,10.773777961730957
12-03-2004,14.079999923706055,14.25,171800,14.404999732971191,14.404999732971191,10.983458518981934
15-03-2004,13.960000038146973,14.28499984741211,240800,14.28499984741211,14.0,10.728653907775879
16-03-2004,13.880000114440918,14.074999809265137,257000,14.255000114440918,14.03499984741211,10.755474090576172
17-03-2004,14.125,14.125,210200,14.3149995803833,14.289999961853027,10.95089054107666
18-03-2004,13.960000038146973,14.199999809265137,224600,14.260000228881836,14.194999694824219,10.878087043762207
19-03-2004,14.005000114440918,14.199999809265137,193400,14.375,14.045000076293945,10.763141632080078
22-03-2004,13.619999885559082,14.045000076293945,238000,14.045000076293945,13.71500015258789,10.510250091552734
23-03-2004,13.699999809265137,13.800000190734863,215200,13.904999732971191,13.850000381469727,10.613703727722168
24-03-2004,13.710000038146973,13.819999694824219,197800,13.899999618530273,13.734999656677246,10.5255765914917
25-03-2004,13.800000190734863,13.850000381469727,289400,14.324999809265137,14.220000267028809,10.897247314453125
26-03-2004,14.020000457763672,14.180000305175781,263400,14.274999618530273,14.055000305175781,10.770803451538086
29-03-2004,14.149999618530273,14.180000305175781,227400,14.489999771118164,14.335000038146973,10.985374450683594
30-03-2004,14.335000038146973,14.335000038146973,186600,14.604999542236328,14.604999542236328,11.192283630371094
31-03-2004,14.295000076293945,14.550000190734863,162000,14.550000190734863,14.5,11.111818313598633
01-04-2004,14.539999961853027,14.550000190734863,257600,14.850000381469727,14.835000038146973,11.368544578552246
02-04-2004,14.875,15.010000228881836,318600,15.095000267028809,14.875,11.39919376373291
05-04-2004,14.8100004196167,14.9399995803833,171800,14.949999809265137,14.850000381469727,11.380038261413574
06-04-2004,14.619999885559082,14.774999618530273,196200,14.800000190734863,14.619999885559082,11.20378303527832
07-04-2004,14.46500015258789,14.65999984741211,203800,14.75,14.574999809265137,11.169300079345703
08-04-2004,14.454999923706055,14.75,173600,14.75,14.475000381469727,11.09266185760498
12-04-2004,14.524999618530273,14.524999618530273,157600,14.864999771118164,14.819999694824219,11.357048034667969
13-04-2004,14.539999961853027,14.9399995803833,266400,14.954999923706055,14.539999961853027,11.142474174499512
14-04-2004,14.234999656677246,14.550000190734863,343000,14.625,14.359999656677246,11.004532814025879
15-04-2004,14.40999984741211,14.40999984741211,220200,14.619999885559082,14.524999618530273,11.130975723266602
16-04-2004,14.484999656677246,14.524999618530273,331800,14.805000305175781,14.725000381469727,11.284246444702148
19-04-2004,14.625,14.774999618530273,451000,14.789999961853027,14.75,11.303403854370117
20-04-2004,14.505000114440918,14.699999809265137,243400,14.90999984741211,14.505000114440918,11.115650177001953
21-04-2004,14.270000457763672,14.399999618530273,178200,14.5,14.359999656677246,11.004532814025879
22-04-2004,14.329999923706055,14.359999656677246,277400,15.0,14.949999809265137,11.456674575805664
23-04-2004,14.649999618530273,14.925000190734863,248200,14.960000038146973,14.850000381469727,11.380038261413574
26-04-2004,14.875,14.925000190734863,256600,15.170000076293945,15.074999809265137,11.552467346191406
27-04-2004,15.0,15.0649995803833,325400,15.335000038146973,15.289999961853027,11.717223167419434
28-04-2004,14.875,15.25,330200,15.255000114440918,14.930000305175781,11.441343307495117
29-04-2004,14.609999656677246,14.949999809265137,257200,15.050000190734863,14.774999618530273,11.322561264038086
30-04-2004,14.550000190734863,14.774999618530273,282000,14.914999961853027,14.625,11.207612991333008
03-05-2004,14.449999809265137,14.600000381469727,411400,14.734999656677246,14.699999809265137,11.26508617401123
04-05-2004,14.425000190734863,14.675000190734863,419400,14.720000267028809,14.555000305175781,11.153970718383789
05-05-2004,14.40999984741211,14.574999809265137,252600,14.649999618530273,14.454999923706055,11.077337265014648
06-05-2004,14.104999542236328,14.350000381469727,319400,14.414999961853027,14.300000190734863,10.958556175231934
07-05-2004,13.925000190734863,14.305000305175781,298000,14.449999809265137,13.925000190734863,10.671181678771973
10-05-2004,13.78499984741211,13.875,255800,14.0649995803833,13.875,10.632862091064453
11-05-2004,13.925000190734863,13.9399995803833,220400,14.229999542236328,14.069999694824219,10.782297134399414
12-05-2004,13.84000015258789,14.114999771118164,315800,14.210000038146973,14.164999961853027,10.855098724365234
13-05-2004,13.984999656677246,14.125,156000,14.1899995803833,14.074999809265137,10.786126136779785
14-05-2004,13.779999732971191,14.024999618530273,266800,14.145000457763672,13.8149995803833,10.586883544921875
17-05-2004,13.484999656677246,13.8100004196167,334200,13.895000457763672,13.675000190734863,10.479595184326172
18-05-2004,13.649999618530273,13.725000381469727,229800,13.875,13.725000381469727,10.517914772033691
19-05-2004,13.625,13.854999542236328,277400,14.204999923706055,13.71500015258789,10.510250091552734
20-05-2004,13.675000190734863,13.739999771118164,189600,13.970000267028809,13.869999885559082,10.629030227661133
21-05-2004,13.800000190734863,13.925000190734863,139800,14.180000305175781,13.90999984741211,10.659683227539062
24-05-2004,13.805000305175781,13.9399995803833,245200,14.194999694824219,13.904999732971191,10.655853271484375
25-05-2004,13.854999542236328,13.949999809265137,440000,14.390000343322754,14.329999923706055,10.981544494628906
26-05-2004,14.135000228881836,14.28499984741211,99600,14.395000457763672,14.324999809265137,10.977713584899902
27-05-2004,14.15999984741211,14.324999809265137,183600,14.614999771118164,14.399999618530273,11.035189628601074
28-05-2004,14.375,14.385000228881836,167800,14.5,14.390000343322754,11.0275239944458
01-06-2004,14.300000190734863,14.324999809265137,153400,14.625,14.585000038146973,11.176959991455078
02-06-2004,14.404999732971191,14.625,160600,14.625,14.489999771118164,11.104155540466309
03-06-2004,14.3149995803833,14.425000190734863,200400,14.430000305175781,14.375,11.016029357910156
04-06-2004,14.425000190734863,14.5,160600,14.585000038146973,14.479999542236328,11.096492767333984
07-06-2004,14.484999656677246,14.484999656677246,143400,14.8149995803833,14.8100004196167,11.349381446838379
08-06-2004,14.550000190734863,14.574999809265137,279200,14.859999656677246,14.779999732971191,11.326395988464355
09-06-2004,14.430000305175781,14.725000381469727,229400,14.875,14.4399995803833,11.065841674804688
10-06-2004,14.425000190734863,14.4399995803833,217000,14.5649995803833,14.550000190734863,11.150141716003418
14-06-2004,14.225000381469727,14.399999618530273,286400,14.420000076293945,14.375,11.071194648742676
15-06-2004,14.425000190734863,14.425000190734863,231800,14.625,14.595000267028809,11.240631103515625
16-06-2004,14.324999809265137,14.640000343322754,247200,14.725000381469727,14.725000381469727,11.340755462646484
17-06-2004,14.5,14.675000190734863,297400,14.875,14.8149995803833,11.410070419311523
18-06-2004,14.875,14.875,434000,15.100000381469727,15.095000267028809,11.62571907043457
21-06-2004,14.789999961853027,15.069999694824219,279200,15.069999694824219,14.930000305175781,11.498639106750488
22-06-2004,14.795000076293945,14.930000305175781,226200,15.100000381469727,15.055000305175781,11.5949125289917
23-06-2004,15.0,15.0,543600,15.1899995803833,15.175000190734863,11.687329292297363
24-06-2004,15.109999656677246,15.199999809265137,239600,15.274999618530273,15.220000267028809,11.7219877243042
25-06-2004,15.180000305175781,15.234999656677246,495200,15.5,15.5,11.937634468078613
28-06-2004,15.420000076293945,15.5,433000,15.925000190734863,15.675000190734863,12.072415351867676
29-06-2004,15.574999809265137,15.680000305175781,267400,15.875,15.729999542236328,12.114776611328125
30-06-2004,15.625,15.75,244800,15.84000015258789,15.824999809265137,12.187941551208496
01-07-2004,15.595000267028809,15.824999809265137,286400,15.850000381469727,15.614999771118164,12.026206016540527
02-07-2004,15.449999809265137,15.649999618530273,135400,15.699999809265137,15.630000114440918,12.03775691986084
06-07-2004,15.270000457763672,15.550000190734863,256600,15.694999694824219,15.359999656677246,11.829813957214355
07-07-2004,15.375,15.375,202400,15.675000190734863,15.5,11.937634468078613
08-07-2004,15.25,15.399999618530273,167400,15.555000305175781,15.255000114440918,11.748945236206055
09-07-2004,15.255000114440918,15.28499984741211,80200,15.460000038146973,15.390000343322754,11.85291862487793
12-07-2004,15.130000114440918,15.390000343322754,135800,15.475000381469727,15.364999771118164,11.833661079406738
13-07-2004,15.350000381469727,15.414999961853027,102400,15.529999732971191,15.454999923706055,11.902975082397461
14-07-2004,15.164999961853027,15.380000114440918,237800,15.670000076293945,15.444999694824219,11.895276069641113
15-07-2004,15.414999961853027,15.494999885559082,105000,15.595000267028809,15.46500015258789,11.910676956176758
16-07-2004,15.1899995803833,15.46500015258789,228000,15.489999771118164,15.375,11.841362953186035
19-07-2004,15.164999961853027,15.4399995803833,172600,15.4399995803833,15.25,11.74509334564209
20-07-2004,15.199999809265137,15.225000381469727,177800,15.385000228881836,15.375,11.841362953186035
21-07-2004,15.0,15.399999618530273,345200,15.444999694824219,15.0,11.5525484085083
22-07-2004,14.75,15.024999618530273,437400,15.510000228881836,15.505000114440918,11.941486358642578
23-07-2004,15.210000038146973,15.449999809265137,288600,15.550000190734863,15.3100004196167,11.791304588317871
26-07-2004,15.180000305175781,15.359999656677246,284000,15.430000305175781,15.265000343322754,11.756646156311035
27-07-2004,15.234999656677246,15.300000190734863,313600,15.475000381469727,15.364999771118164,11.833661079406738
28-07-2004,15.104999542236328,15.369999885559082,302000,15.395000457763672,15.3149995803833,11.79515552520752
29-07-2004,15.350000381469727,15.425000190734863,349800,15.664999961853027,15.619999885559082,12.030056953430176
30-07-2004,15.369999885559082,15.574999809265137,200200,15.574999809265137,15.399999618530273,11.860617637634277
02-08-2004,15.300000190734863,15.324999809265137,482800,15.765000343322754,15.6899995803833,12.083970069885254
03-08-2004,15.645000457763672,15.84000015258789,582000,15.850000381469727,15.734999656677246,12.11862564086914
04-08-2004,15.520000457763672,15.675000190734863,398200,15.9350004196167,15.875,12.226451873779297
05-08-2004,15.279999732971191,15.835000038146973,281000,15.875,15.329999923706055,11.806705474853516
06-08-2004,15.050000190734863,15.255000114440918,306400,15.305000305175781,15.180000305175781,11.691181182861328
09-08-2004,15.244999885559082,15.260000228881836,401800,15.555000305175781,15.489999771118164,11.92993450164795
10-08-2004,15.555000305175781,15.59000015258789,565000,15.96500015258789,15.944999694824219,12.280364990234375
11-08-2004,15.484999656677246,15.875,651200,15.949999809265137,15.875,12.226451873779297
12-08-2004,15.569999694824219,15.850000381469727,296400,15.850000381469727,15.604999542236328,12.018505096435547
13-08-2004,15.479999542236328,15.699999809265137,170000,15.734999656677246,15.524999618530273,11.956891059875488
16-08-2004,15.5,15.5,167600,15.96500015258789,15.949999809265137,12.284208297729492
17-08-2004,15.800000190734863,16.0,193600,16.0,15.864999771118164,12.218749046325684
18-08-2004,15.649999618530273,15.774999618530273,138000,16.135000228881836,16.135000228881836,12.426695823669434
19-08-2004,15.75,16.075000762939453,259200,16.075000762939453,15.859999656677246,12.214896202087402
20-08-2004,15.864999771118164,15.930000305175781,262400,16.125,16.075000762939453,12.380484580993652
23-08-2004,15.864999771118164,16.110000610351562,202800,16.200000762939453,15.864999771118164,12.218749046325684
24-08-2004,15.954999923706055,15.979999542236328,219400,16.21500015258789,16.079999923706055,12.384336471557617
25-08-2004,15.920000076293945,16.145000457763672,348800,16.309999465942383,16.309999465942383,12.561470985412598
26-08-2004,16.344999313354492,16.364999771118164,390000,16.56999969482422,16.364999771118164,12.603835105895996
27-08-2004,16.25,16.405000686645508,513400,16.549999237060547,16.3700008392334,12.607684135437012
30-08-2004,16.309999465942383,16.364999771118164,434200,16.584999084472656,16.5,12.707807540893555
31-08-2004,16.450000762939453,16.549999237060547,241200,16.75,16.6299991607666,12.807923316955566
01-09-2004,16.5,16.6299991607666,526200,16.90999984741211,16.860000610351562,12.985069274902344
02-09-2004,16.739999771118164,16.799999237060547,345800,17.15999984741211,17.1299991607666,13.193011283874512
03-09-2004,17.024999618530273,17.040000915527344,275400,17.200000762939453,17.149999618530273,13.208416938781738
07-09-2004,17.274999618530273,17.350000381469727,522600,17.549999237060547,17.485000610351562,13.46642017364502
08-09-2004,17.024999618530273,17.485000610351562,486400,17.524999618530273,17.024999618530273,13.11214828491211
09-09-2004,17.049999237060547,17.075000762939453,439400,17.25,17.21500015258789,13.258477210998535
10-09-2004,16.985000610351562,17.174999237060547,214800,17.174999237060547,17.094999313354492,13.166059494018555
13-09-2004,16.985000610351562,17.100000381469727,235400,17.145000457763672,17.0,13.148653030395508
14-09-2004,16.725000381469727,17.0,234000,17.0,16.809999465942383,13.00169563293457
15-09-2004,16.725000381469727,16.774999618530273,234200,16.940000534057617,16.90999984741211,13.079039573669434
16-09-2004,17.0,17.0,179000,17.31999969482422,17.264999389648438,13.353620529174805
17-09-2004,17.094999313354492,17.3799991607666,320600,17.44499969482422,17.225000381469727,13.322685241699219
20-09-2004,17.079999923706055,17.125,121400,17.3700008392334,17.149999618530273,13.26467227935791
21-09-2004,17.174999237060547,17.174999237060547,215600,17.395000457763672,17.270000457763672,13.357483863830566
22-09-2004,16.905000686645508,17.225000381469727,237200,17.260000228881836,17.200000762939453,13.303343772888184
23-09-2004,17.079999923706055,17.174999237060547,129800,17.264999389648438,17.104999542236328,13.229867935180664
24-09-2004,17.049999237060547,17.049999237060547,169000,17.360000610351562,17.05500030517578,13.191189765930176
27-09-2004,16.46500015258789,17.05500030517578,351400,17.05500030517578,16.65999984741211,12.885684967041016
28-09-2004,16.625,16.625,257400,17.149999618530273,17.084999084472656,13.214395523071289
29-09-2004,17.0,17.049999237060547,218800,17.28499984741211,17.15999984741211,13.272403717041016
30-09-2004,17.149999618530273,17.18000030517578,349600,17.69499969482422,17.545000076293945,13.570184707641602
01-10-2004,17.3799991607666,17.575000762939453,323000,17.7549991607666,17.670000076293945,13.66687297821045
04-10-2004,17.59000015258789,17.774999618530273,185600,17.8799991607666,17.68000030517578,13.674600601196289
05-10-2004,17.40999984741211,17.68000030517578,172600,17.700000762939453,17.5,13.535381317138672
06-10-2004,17.325000762939453,17.5,303000,17.9950008392334,17.9950008392334,13.918237686157227
07-10-2004,17.299999237060547,17.924999237060547,222000,17.924999237060547,17.30500030517578,13.384559631347656
08-10-2004,17.014999389648438,17.25,204400,17.399999618530273,17.079999923706055,13.210529327392578
11-10-2004,17.100000381469727,17.100000381469727,100400,17.309999465942383,17.290000915527344,13.372958183288574
12-10-2004,16.8799991607666,17.209999084472656,157000,17.274999618530273,17.200000762939453,13.303343772888184
13-10-2004,16.55500030517578,17.31999969482422,258200,17.325000762939453,16.59000015258789,12.831541061401367
14-10-2004,16.56999969482422,16.594999313354492,214800,16.905000686645508,16.75,12.955294609069824
15-10-2004,16.75,16.75,218800,17.299999237060547,16.825000762939453,13.013304710388184
18-10-2004,16.475000381469727,16.725000381469727,225200,16.969999313354492,16.8700008392334,13.04810619354248
19-10-2004,16.920000076293945,16.920000076293945,665800,17.079999923706055,17.0,13.148653030395508
20-10-2004,16.809999465942383,16.950000762939453,228200,17.125,17.030000686645508,13.171854972839355
21-10-2004,16.899999618530273,17.049999237060547,219200,17.389999389648438,17.25,13.342018127441406
22-10-2004,17.114999771118164,17.274999618530273,252600,17.665000915527344,17.114999771118164,13.237598419189453
25-10-2004,17.100000381469727,17.149999618530273,216200,17.600000381469727,17.375,13.438701629638672
26-10-2004,16.93000030517578,17.364999771118164,243000,17.625,17.549999237060547,13.574052810668945
27-10-2004,17.5049991607666,17.549999237060547,337000,17.954999923706055,17.834999084472656,13.79448413848877
28-10-2004,17.774999618530273,17.975000381469727,789400,18.15999984741211,17.885000228881836,13.833159446716309
29-10-2004,17.719999313354492,17.875,305200,18.125,17.924999237060547,13.864099502563477
01-11-2004,17.760000228881836,17.93000030517578,193400,18.125,18.104999542236328,14.003313064575195
02-11-2004,17.844999313354492,18.200000762939453,372600,18.31999969482422,17.959999084472656,13.891162872314453
03-11-2004,18.174999237060547,18.174999237060547,333800,18.594999313354492,18.549999237060547,14.347501754760742
04-11-2004,18.440000534057617,18.549999237060547,381400,19.065000534057617,19.065000534057617,14.745831489562988
05-11-2004,18.670000076293945,19.049999237060547,384200,19.30500030517578,18.850000381469727,14.579537391662598
08-11-2004,18.405000686645508,18.799999237060547,409400,18.799999237060547,18.405000686645508,14.235352516174316
09-11-2004,18.204999923706055,18.325000762939453,411200,18.834999084472656,18.799999237060547,14.540865898132324
10-11-2004,18.725000381469727,18.739999771118164,212200,19.059999465942383,19.045000076293945,14.730358123779297
11-11-2004,19.0,19.045000076293945,288000,19.424999237060547,19.424999237060547,15.024273872375488
12-11-2004,19.209999084472656,19.424999237060547,150800,19.600000381469727,19.600000381469727,15.159627914428711
15-11-2004,19.28499984741211,19.600000381469727,260200,19.600000381469727,19.545000076293945,15.117088317871094
16-11-2004,19.104999542236328,19.5,244200,19.530000686645508,19.145000457763672,14.807696342468262
17-11-2004,19.239999771118164,19.25,266000,19.799999237060547,19.415000915527344,15.016544342041016
18-11-2004,18.959999084472656,19.375,255200,19.450000762939453,19.225000381469727,14.869580268859863
19-11-2004,18.709999084472656,19.174999237060547,244800,19.174999237060547,19.145000457763672,14.807696342468262
22-11-2004,19.059999465942383,19.15999984741211,209800,19.545000076293945,19.545000076293945,15.117088317871094
23-11-2004,19.0049991607666,19.540000915527344,225200,19.540000915527344,19.334999084472656,14.954665184020996
24-11-2004,19.200000762939453,19.325000762939453,263600,19.729999542236328,19.729999542236328,15.260167121887207
26-11-2004,19.549999237060547,19.75,67400,19.774999618530273,19.604999542236328,15.163493156433105
29-11-2004,19.174999237060547,19.649999618530273,346800,19.719999313354492,19.674999237060547,15.217628479003906
30-11-2004,19.44499969482422,19.600000381469727,486200,19.920000076293945,19.920000076293945,15.407126426696777
01-12-2004,19.9950008392334,20.0,370800,20.325000762939453,20.15999984741211,15.592753410339355
02-12-2004,19.739999771118164,20.100000381469727,256800,20.295000076293945,19.889999389648438,15.38392448425293
03-12-2004,19.719999313354492,19.864999771118164,238800,20.09000015258789,19.825000762939453,15.333647727966309
06-12-2004,19.530000686645508,19.725000381469727,244600,19.854999542236328,19.760000228881836,15.283382415771484
07-12-2004,19.475000381469727,19.799999237060547,355200,19.799999237060547,19.475000381469727,15.062944412231445
08-12-2004,19.450000762939453,19.475000381469727,221600,19.760000228881836,19.579999923706055,15.144156455993652
09-12-2004,19.25,19.524999618530273,263400,19.75,19.584999084472656,15.148022651672363
10-12-2004,19.360000610351562,19.524999618530273,209400,19.655000686645508,19.579999923706055,15.144156455993652
13-12-2004,19.420000076293945,19.600000381469727,170000,19.649999618530273,19.649999618530273,15.256735801696777
14-12-2004,19.674999237060547,19.674999237060547,258000,19.934999465942383,19.90999984741211,15.45860481262207
15-12-2004,19.795000076293945,19.899999618530273,215200,20.040000915527344,20.040000915527344,15.559537887573242
16-12-2004,19.7549991607666,19.950000762939453,315600,20.059999465942383,20.020000457763672,15.544020652770996
17-12-2004,19.514999389648438,20.06999969482422,358600,20.125,19.905000686645508,15.454723358154297
20-12-2004,19.75,19.905000686645508,174800,20.084999084472656,19.78499984741211,15.36155891418457
21-12-2004,19.545000076293945,19.899999618530273,377200,19.90999984741211,19.575000762939453,15.198512077331543
22-12-2004,19.674999237060547,19.690000534057617,204800,20.059999465942383,20.014999389648438,15.540131568908691
23-12-2004,19.75,19.899999618530273,234400,19.9950008392334,19.899999618530273,15.450841903686523
27-12-2004,19.600000381469727,20.0,186200,20.0049991607666,19.649999618530273,15.256735801696777
28-12-2004,19.625,19.625,236200,20.075000762939453,19.844999313354492,15.40814208984375
29-12-2004,19.655000686645508,19.875,154000,19.875,19.7549991607666,15.338269233703613
30-12-2004,19.40999984741211,19.600000381469727,334000,19.739999771118164,19.524999618530273,15.159680366516113
31-12-2004,19.309999465942383,19.565000534057617,242200,19.600000381469727,19.354999542236328,15.027693748474121
03-01-2005,18.959999084472656,19.5049991607666,365200,19.514999389648438,19.024999618530273,14.771470069885254
04-01-2005,18.200000762939453,19.024999618530273,463800,19.024999618530273,18.25,14.169745445251465
05-01-2005,17.809999465942383,18.149999618530273,594000,18.235000610351562,17.809999465942383,13.828113555908203
06-01-2005,17.15999984741211,17.809999465942383,1526600,18.18000030517578,18.155000686645508,14.095980644226074
07-01-2005,17.875,18.155000686645508,909400,18.424999237060547,18.219999313354492,14.146450996398926
10-01-2005,18.084999084472656,18.149999618530273,634000,18.5,18.084999084472656,14.041630744934082
11-01-2005,17.75,18.079999923706055,671200,18.079999923706055,17.899999618530273,13.897992134094238
12-01-2005,17.309999465942383,17.850000381469727,778800,17.979999542236328,17.8799991607666,13.882468223571777
13-01-2005,17.53499984741211,17.875,764800,17.875,17.649999618530273,13.703882217407227
14-01-2005,16.950000762939453,17.424999237060547,5539000,17.424999237060547,17.03499984741211,13.226390838623047
18-01-2005,16.899999618530273,17.0,1380200,17.2549991607666,17.21500015258789,13.3661470413208
19-01-2005,16.954999923706055,17.25,770000,17.290000915527344,17.040000915527344,13.230268478393555
20-01-2005,16.799999237060547,16.850000381469727,1042200,17.094999313354492,17.0049991607666,13.203097343444824
21-01-2005,16.950000762939453,17.0049991607666,765400,17.149999618530273,17.06999969482422,13.253567695617676
24-01-2005,16.959999084472656,17.059999465942383,1005000,17.110000610351562,17.0049991607666,13.203097343444824
25-01-2005,17.0,17.065000534057617,661800,17.170000076293945,17.065000534057617,13.24968433380127
26-01-2005,16.9950008392334,17.065000534057617,535800,17.149999618530273,17.100000381469727,13.276857376098633
27-01-2005,17.03499984741211,17.104999542236328,486200,17.19499969482422,17.110000610351562,13.28462028503418
28-01-2005,17.0,17.149999618530273,478200,17.165000915527344,17.084999084472656,13.265206336975098
31-01-2005,17.190000534057617,17.274999618530273,1008000,17.55500030517578,17.55500030517578,13.630130767822266
01-02-2005,17.520000457763672,17.55500030517578,818600,17.700000762939453,17.700000762939453,13.742706298828125
02-02-2005,17.5,17.700000762939453,485000,17.780000686645508,17.780000686645508,13.804827690124512
03-02-2005,17.399999618530273,17.799999237060547,752600,17.799999237060547,17.579999923706055,13.649534225463867
04-02-2005,17.56999969482422,17.59000015258789,788800,17.84000015258789,17.81999969482422,13.835886001586914
07-02-2005,17.825000762939453,17.850000381469727,1131400,18.094999313354492,18.020000457763672,13.991167068481445
08-02-2005,17.94499969482422,18.049999237060547,1179600,18.260000228881836,18.260000228881836,14.177511215209961
09-02-2005,17.969999313354492,18.290000915527344,661400,18.299999237060547,18.075000762939453,14.033873558044434
10-02-2005,17.954999923706055,18.100000381469727,385800,18.274999618530273,18.075000762939453,14.033873558044434
11-02-2005,17.850000381469727,18.084999084472656,608600,18.100000381469727,17.9950008392334,13.971758842468262
14-02-2005,17.78499984741211,17.959999084472656,361000,18.020000457763672,18.0,13.975638389587402
15-02-2005,17.709999084472656,17.975000381469727,474400,18.065000534057617,17.815000534057617,13.832000732421875
16-02-2005,17.700000762939453,17.799999237060547,328600,18.040000915527344,17.950000762939453,13.936823844909668
17-02-2005,17.5049991607666,17.94499969482422,654800,17.94499969482422,17.559999465942383,13.634010314941406
18-02-2005,17.475000381469727,17.610000610351562,437800,17.770000457763672,17.520000457763672,13.60295295715332
22-02-2005,17.104999542236328,17.475000381469727,437200,17.549999237060547,17.1200008392334,13.292387008666992
23-02-2005,17.18000030517578,17.2450008392334,537400,17.46500015258789,17.420000076293945,13.525311470031738
24-02-2005,17.934999465942383,18.450000762939453,1352000,18.690000534057617,18.59000015258789,14.43372917175293
25-02-2005,18.639999389648438,18.71500015258789,825800,19.170000076293945,19.15999984741211,14.876288414001465
28-02-2005,18.829999923706055,19.149999618530273,700000,19.190000534057617,19.0,14.752060890197754
01-03-2005,19.024999618530273,19.024999618530273,373200,19.354999542236328,19.19499969482422,14.903468132019043
02-03-2005,18.924999237060547,19.024999618530273,376200,19.344999313354492,19.084999084472656,14.818059921264648
03-03-2005,19.020000457763672,19.149999618530273,264400,19.31999969482422,19.110000610351562,14.837468147277832
04-03-2005,19.100000381469727,19.149999618530273,255400,19.545000076293945,19.454999923706055,15.10533618927002
07-03-2005,19.200000762939453,19.475000381469727,167000,19.514999389648438,19.280000686645508,14.969460487365723
08-03-2005,19.0,19.25,421000,19.3799991607666,19.325000762939453,15.004400253295898
09-03-2005,18.905000686645508,19.25,630600,19.489999771118164,18.920000076293945,14.689950942993164
10-03-2005,18.700000762939453,18.920000076293945,329800,19.065000534057617,18.860000610351562,14.643366813659668
11-03-2005,18.53499984741211,18.799999237060547,938600,18.875,18.575000762939453,14.479666709899902
14-03-2005,18.575000762939453,18.579999923706055,633400,19.030000686645508,18.834999084472656,14.682333946228027
15-03-2005,18.524999618530273,18.924999237060547,369400,19.049999237060547,18.649999618530273,14.538128852844238
16-03-2005,18.274999618530273,18.600000381469727,356400,18.604999542236328,18.385000228881836,14.331552505493164
17-03-2005,18.329999923706055,18.385000228881836,445200,18.850000381469727,18.764999389648438,14.62777328491211
18-03-2005,18.71500015258789,18.875,759600,18.969999313354492,18.950000762939453,14.771984100341797
21-03-2005,18.56999969482422,18.9950008392334,276400,18.9950008392334,18.639999389648438,14.530336380004883
22-03-2005,18.125,18.645000457763672,744600,18.65999984741211,18.1299991607666,14.13277530670166
23-03-2005,17.975000381469727,18.049999237060547,362400,18.3799991607666,18.15999984741211,14.156166076660156
24-03-2005,18.25,18.280000686645508,231000,18.510000228881836,18.290000915527344,14.257498741149902
28-03-2005,18.049999237060547,18.315000534057617,198800,18.385000228881836,18.135000228881836,14.136672973632812
29-03-2005,17.6299991607666,18.15999984741211,446200,18.299999237060547,17.68000030517578,13.781988143920898
30-03-2005,17.655000686645508,17.655000686645508,366800,18.204999923706055,18.204999923706055,14.191239356994629
31-03-2005,18.049999237060547,18.190000534057617,472200,18.219999313354492,18.18000030517578,14.1717529296875
01-04-2005,17.934999465942383,18.375,417400,18.475000381469727,17.989999771118164,14.023643493652344
04-04-2005,17.674999237060547,17.950000762939453,298200,18.145000457763672,18.079999923706055,14.093792915344238
05-04-2005,18.05500030517578,18.145000457763672,228400,18.229999542236328,18.209999084472656,14.195137023925781
06-04-2005,18.094999313354492,18.260000228881836,267000,18.395000457763672,18.100000381469727,14.109386444091797
07-04-2005,17.915000915527344,18.100000381469727,178400,18.200000762939453,18.139999389648438,14.1405668258667
08-04-2005,17.75,18.125,360600,18.125,17.78499984741211,13.86384105682373
11-04-2005,17.514999389648438,17.78499984741211,274600,17.815000534057617,17.674999237060547,13.778090476989746
12-04-2005,17.424999237060547,17.739999771118164,605000,17.924999237060547,17.7549991607666,13.840453147888184
13-04-2005,17.15999984741211,17.68000030517578,599600,17.690000534057617,17.239999771118164,13.438994407653809
14-04-2005,17.104999542236328,17.264999389648438,723600,17.424999237060547,17.15999984741211,13.376632690429688
15-04-2005,16.100000381469727,16.850000381469727,902000,16.854999542236328,16.229999542236328,12.6516752243042
18-04-2005,16.020000457763672,16.25,552600,16.475000381469727,16.405000686645508,12.788095474243164
19-04-2005,16.475000381469727,16.475000381469727,310600,16.725000381469727,16.655000686645508,12.982975959777832
20-04-2005,16.19499969482422,16.625,450400,16.71500015258789,16.235000610351562,12.655576705932617
21-04-2005,16.264999389648438,16.475000381469727,483400,16.725000381469727,16.719999313354492,13.03364372253418
22-04-2005,16.204999923706055,16.649999618530273,555000,16.649999618530273,16.329999923706055,12.729631423950195
25-04-2005,16.399999618530273,16.44499969482422,925600,16.985000610351562,16.875,13.15446949005127
26-04-2005,17.524999618530273,17.799999237060547,1427000,18.21500015258789,17.8700008392334,13.930103302001953
27-04-2005,17.2549991607666,17.825000762939453,813600,18.0,17.850000381469727,13.914506912231445
28-04-2005,17.700000762939453,17.860000610351562,620600,18.079999923706055,17.795000076293945,13.871634483337402
29-04-2005,17.905000686645508,17.924999237060547,723200,18.325000762939453,18.30500030517578,14.269187927246094
02-05-2005,18.065000534057617,18.274999618530273,621400,18.469999313354492,18.450000762939453,14.382220268249512
03-05-2005,18.399999618530273,18.399999618530273,628800,18.770000457763672,18.510000228881836,14.428991317749023
04-05-2005,18.649999618530273,18.674999237060547,359000,18.989999771118164,18.950000762939453,14.771984100341797
05-05-2005,18.549999237060547,18.924999237060547,655400,19.084999084472656,18.649999618530273,14.538128852844238
06-05-2005,18.614999771118164,18.774999618530273,344200,18.924999237060547,18.739999771118164,14.60828971862793
09-05-2005,18.459999084472656,18.674999237060547,403600,18.834999084472656,18.809999465942383,14.662849426269531
10-05-2005,18.260000228881836,18.700000762939453,413000,18.700000762939453,18.350000381469727,14.304265022277832
11-05-2005,18.040000915527344,18.350000381469727,631200,18.670000076293945,18.65999984741211,14.545919418334961
12-05-2005,18.350000381469727,18.649999618530273,925800,18.9950008392334,18.450000762939453,14.382220268249512
13-05-2005,17.885000228881836,18.524999618530273,668600,18.524999618530273,18.125,14.128875732421875
16-05-2005,18.040000915527344,18.125,539200,18.600000381469727,18.600000381469727,14.499147415161133
17-05-2005,18.489999771118164,18.559999465942383,726600,18.780000686645508,18.75,14.616077423095703
18-05-2005,18.899999618530273,18.899999618530273,423800,19.450000762939453,19.344999313354492,15.0798978805542
19-05-2005,18.915000915527344,19.329999923706055,412800,19.395000457763672,19.0,14.810958862304688
20-05-2005,18.799999237060547,19.0,272800,19.0049991607666,18.96500015258789,14.783679962158203
23-05-2005,18.985000610351562,19.010000228881836,335400,19.31999969482422,19.2450008392334,15.001940727233887
24-05-2005,18.96500015258789,19.174999237060547,466400,19.30500030517578,19.235000610351562,14.994149208068848
25-05-2005,18.6299991607666,19.235000610351562,561200,19.264999389648438,19.065000534057617,14.861631393432617
26-05-2005,19.09000015258789,19.225000381469727,355200,19.31999969482422,19.260000228881836,15.013630867004395
27-05-2005,19.059999465942383,19.225000381469727,281400,19.30500030517578,19.274999618530273,15.0253267288208
31-05-2005,19.0,19.274999618530273,289400,19.329999923706055,19.020000457763672,14.826549530029297
01-06-2005,19.075000762939453,19.110000610351562,441200,19.469999313354492,19.30500030517578,15.048710823059082
02-06-2005,18.739999771118164,19.225000381469727,538600,19.225000381469727,18.885000228881836,14.721318244934082
03-06-2005,18.40999984741211,18.875,578400,19.014999389648438,18.604999542236328,14.503042221069336
06-06-2005,18.415000915527344,18.604999542236328,530400,18.649999618530273,18.545000076293945,14.456278800964355
07-06-2005,18.450000762939453,18.549999237060547,606200,18.809999465942383,18.510000228881836,14.428991317749023
08-06-2005,18.110000610351562,18.524999618530273,407800,18.524999618530273,18.19499969482422,14.183441162109375
09-06-2005,17.905000686645508,18.19499969482422,353000,18.200000762939453,18.084999084472656,14.097692489624023
10-06-2005,17.850000381469727,18.125,699200,18.174999237060547,17.93000030517578,13.976866722106934
13-06-2005,17.790000915527344,17.860000610351562,628200,18.014999389648438,17.934999465942383,14.039494514465332
14-06-2005,17.924999237060547,17.934999465942383,414600,18.104999542236328,18.0,14.090375900268555
15-06-2005,17.80500030517578,18.049999237060547,561400,18.049999237060547,18.0,14.090375900268555
16-06-2005,17.905000686645508,18.0049991607666,494000,18.145000457763672,18.024999618530273,14.109944343566895
17-06-2005,18.024999618530273,18.125,889400,18.19499969482422,18.049999237060547,14.12951374053955
20-06-2005,17.760000228881836,17.850000381469727,458800,18.03499984741211,17.90999984741211,14.019925117492676
21-06-2005,17.645000457763672,17.885000228881836,686600,17.924999237060547,17.7549991607666,13.898591041564941
22-06-2005,17.700000762939453,17.825000762939453,435800,17.875,17.799999237060547,13.933812141418457
23-06-2005,17.299999237060547,17.80500030517578,523000,17.850000381469727,17.350000381469727,13.581559181213379
24-06-2005,17.219999313354492,17.334999084472656,2034200,17.524999618530273,17.5,13.69897174835205
27-06-2005,17.375,17.375,732000,17.774999618530273,17.639999389648438,13.808568000793457
28-06-2005,18.094999313354492,18.25,1127000,18.375,18.219999313354492,14.262590408325195
29-06-2005,18.229999542236328,18.264999389648438,501000,18.350000381469727,18.299999237060547,14.325215339660645
30-06-2005,18.235000610351562,18.350000381469727,396600,18.415000915527344,18.235000610351562,14.274334907531738
01-07-2005,18.174999237060547,18.225000381469727,354000,18.350000381469727,18.334999084472656,14.352607727050781
05-07-2005,17.8799991607666,18.25,614600,18.280000686645508,17.899999618530273,14.012093544006348
06-07-2005,17.625,17.899999618530273,465600,17.959999084472656,17.625,13.796826362609863
07-07-2005,17.424999237060547,17.5,234600,17.875,17.84000015258789,13.96512508392334
08-07-2005,17.829999923706055,17.834999084472656,221200,18.3700008392334,18.350000381469727,14.364350318908691
11-07-2005,18.325000762939453,18.325000762939453,362800,18.924999237060547,18.600000381469727,14.560050010681152
12-07-2005,18.399999618530273,18.584999084472656,310400,18.815000534057617,18.655000686645508,14.603106498718262
13-07-2005,18.475000381469727,18.625,252800,18.739999771118164,18.649999618530273,14.599196434020996
14-07-2005,18.334999084472656,18.645000457763672,401200,18.799999237060547,18.364999771118164,14.376093864440918
15-07-2005,18.274999618530273,18.364999771118164,153000,18.4950008392334,18.40999984741211,14.411322593688965
18-07-2005,18.375,18.375,756200,18.729999542236328,18.579999923706055,14.544398307800293
19-07-2005,18.700000762939453,18.725000381469727,703600,19.264999389648438,19.174999237060547,15.010160446166992
20-07-2005,18.174999237060547,19.049999237060547,1297400,19.05500030517578,18.5,14.48177433013916
21-07-2005,18.209999084472656,18.5,777400,18.59000015258789,18.5049991607666,14.485688209533691
22-07-2005,18.354999542236328,18.59000015258789,367000,18.69499969482422,18.6299991607666,14.583531379699707
25-07-2005,18.649999618530273,18.69499969482422,504800,18.934999465942383,18.799999237060547,14.716611862182617
26-07-2005,18.575000762939453,18.799999237060547,672200,18.979999542236328,18.899999618530273,14.794894218444824
27-07-2005,18.940000534057617,19.0,430400,19.139999389648438,19.059999465942383,14.920144081115723
28-07-2005,19.05500030517578,19.05500030517578,213400,19.209999084472656,19.18000030517578,15.014081954956055
29-07-2005,18.899999618530273,19.145000457763672,621000,19.19499969482422,19.049999237060547,14.912312507629395
01-08-2005,18.799999237060547,19.05500030517578,347400,19.075000762939453,18.81999969482422,14.732268333435059
02-08-2005,18.885000228881836,18.889999389648438,319800,19.059999465942383,18.985000610351562,14.861431121826172
03-08-2005,18.764999389648438,18.950000762939453,314000,19.0,18.979999542236328,14.857513427734375
04-08-2005,18.649999618530273,18.924999237060547,181200,18.924999237060547,18.760000228881836,14.685301780700684
05-08-2005,18.549999237060547,18.735000610351562,303600,18.75,18.639999389648438,14.591371536254883
08-08-2005,18.625,18.645000457763672,350000,18.799999237060547,18.684999465942383,14.626596450805664
09-08-2005,18.575000762939453,18.68000030517578,552200,18.735000610351562,18.700000762939453,14.638333320617676
10-08-2005,18.510000228881836,18.875,213400,18.875,18.625,14.579618453979492
11-08-2005,18.600000381469727,18.625,333800,18.924999237060547,18.674999237060547,14.618759155273438
12-08-2005,18.514999389648438,18.600000381469727,378600,18.725000381469727,18.655000686645508,14.603106498718262
15-08-2005,18.375,18.655000686645508,341200,18.690000534057617,18.46500015258789,14.454370498657227
16-08-2005,18.18000030517578,18.434999465942383,499400,18.434999465942383,18.225000381469727,14.266498565673828
17-08-2005,17.94499969482422,18.225000381469727,422800,18.225000381469727,18.094999313354492,14.164738655090332
18-08-2005,18.0,18.084999084472656,412800,18.174999237060547,18.03499984741211,14.117770195007324
19-08-2005,17.924999237060547,18.100000381469727,160800,18.100000381469727,17.979999542236328,14.07472038269043
22-08-2005,17.940000534057617,17.979999542236328,286200,18.239999771118164,18.21500015258789,14.258675575256348
23-08-2005,17.594999313354492,18.21500015258789,286400,18.21500015258789,17.649999618530273,13.816388130187988
24-08-2005,17.350000381469727,17.549999237060547,380200,17.770000457763672,17.43000030517578,13.644176483154297
25-08-2005,17.3700008392334,17.5,402000,17.799999237060547,17.7450008392334,13.890764236450195
26-08-2005,17.6299991607666,17.75,426800,17.795000076293945,17.725000381469727,13.875105857849121
29-08-2005,17.704999923706055,17.729999542236328,368800,17.959999084472656,17.959999084472656,14.059061050415039
30-08-2005,17.760000228881836,17.959999084472656,506000,17.959999084472656,17.924999237060547,14.031672477722168
31-08-2005,17.78499984741211,17.899999618530273,249400,18.155000686645508,18.155000686645508,14.211706161499023
01-09-2005,17.940000534057617,18.184999465942383,192400,18.295000076293945,17.94499969482422,14.047317504882812
02-09-2005,17.854999542236328,17.954999923706055,158800,18.024999618530273,17.885000228881836,14.000349044799805
06-09-2005,17.950000762939453,17.950000762939453,223600,18.235000610351562,18.045000076293945,14.125602722167969
07-09-2005,17.96500015258789,18.100000381469727,286800,18.219999313354492,17.9950008392334,14.086463928222656
08-09-2005,17.899999618530273,17.9950008392334,386000,18.040000915527344,18.010000228881836,14.0982027053833
09-09-2005,17.975000381469727,18.0,342200,18.100000381469727,18.065000534057617,14.141253471374512
12-09-2005,17.864999771118164,18.040000915527344,446400,18.100000381469727,17.889999389648438,14.004261016845703
13-09-2005,17.790000915527344,17.889999389648438,409400,18.020000457763672,17.864999771118164,14.047515869140625
14-09-2005,17.895000457763672,17.940000534057617,305400,18.06999969482422,17.979999542236328,14.137943267822266
15-09-2005,17.8700008392334,17.989999771118164,393400,18.014999389648438,18.0049991607666,14.157596588134766
16-09-2005,17.924999237060547,18.0049991607666,1225200,18.100000381469727,18.024999618530273,14.173325538635254
19-09-2005,17.94499969482422,18.03499984741211,447000,18.094999313354492,18.014999389648438,14.165461540222168
20-09-2005,16.975000381469727,18.020000457763672,3583600,18.110000610351562,17.325000762939453,13.622905731201172
21-09-2005,17.7549991607666,17.799999237060547,2276400,18.350000381469727,17.979999542236328,14.137943267822266
22-09-2005,17.829999923706055,17.979999542236328,499200,18.03499984741211,18.0,14.153668403625488
23-09-2005,17.975000381469727,18.0,678400,18.40999984741211,18.399999618530273,14.468193054199219
26-09-2005,18.209999084472656,18.5,323000,18.56999969482422,18.274999618530273,14.369902610778809
27-09-2005,18.020000457763672,18.274999618530273,344000,18.385000228881836,18.28499984741211,14.377765655517578
28-09-2005,18.0,18.25,239600,18.2549991607666,18.104999542236328,14.236228942871094
29-09-2005,18.040000915527344,18.125,363400,18.3799991607666,18.28499984741211,14.377765655517578
30-09-2005,18.260000228881836,18.28499984741211,526400,18.885000228881836,18.850000381469727,14.822033882141113
03-10-2005,18.889999389648438,18.889999389648438,584400,19.024999618530273,18.950000762939453,14.900665283203125
04-10-2005,18.735000610351562,18.950000762939453,580200,19.0,18.790000915527344,14.774859428405762
05-10-2005,18.174999237060547,18.7549991607666,449000,18.7549991607666,18.219999313354492,14.326655387878418
06-10-2005,18.149999618530273,18.274999618530273,760000,18.485000610351562,18.299999237060547,14.389562606811523
07-10-2005,18.155000686645508,18.375,347800,18.549999237060547,18.2450008392334,14.346309661865234
10-10-2005,18.165000915527344,18.325000762939453,481600,18.475000381469727,18.389999389648438,14.460330963134766
11-10-2005,18.295000076293945,18.385000228881836,616000,18.670000076293945,18.625,14.645108222961426
12-10-2005,17.90999984741211,18.625,1742200,18.700000762939453,18.010000228881836,14.161529541015625
13-10-2005,17.75,18.020000457763672,740200,18.094999313354492,18.065000534057617,14.2047758102417
14-10-2005,17.924999237060547,18.190000534057617,528000,18.299999237060547,18.174999237060547,14.291271209716797
17-10-2005,18.145000457763672,18.18000030517578,349800,18.30500030517578,18.264999389648438,14.362039566040039
18-10-2005,17.325000762939453,17.825000762939453,2306800,17.829999923706055,17.7549991607666,13.961020469665527
19-10-2005,17.375,17.700000762939453,1245000,17.735000610351562,17.71500015258789,13.929567337036133
20-10-2005,17.594999313354492,17.71500015258789,1049400,17.81999969482422,17.75,13.957085609436035
21-10-2005,17.725000381469727,17.75,625000,17.9950008392334,17.774999618530273,13.976743698120117
24-10-2005,17.709999084472656,17.850000381469727,526800,17.985000610351562,17.915000915527344,14.086825370788574
25-10-2005,17.0,17.75,1032200,17.7549991607666,17.385000228881836,13.670083045959473
26-10-2005,17.290000915527344,17.3799991607666,1133400,17.514999389648438,17.30500030517578,13.607182502746582
27-10-2005,16.700000762939453,17.225000381469727,908600,17.229999542236328,16.760000228881836,13.178637504577637
28-10-2005,16.795000076293945,16.844999313354492,731400,17.114999771118164,17.100000381469727,13.44598388671875
31-10-2005,17.350000381469727,17.5,723200,17.59000015258789,17.545000076293945,13.795893669128418
01-11-2005,17.479999542236328,17.4950008392334,956600,17.674999237060547,17.639999389648438,13.870594024658203
02-11-2005,17.549999237060547,17.639999389648438,466800,17.834999084472656,17.809999465942383,14.004260063171387
03-11-2005,17.90999984741211,18.049999237060547,1420800,18.049999237060547,17.969999313354492,14.130078315734863
04-11-2005,17.795000076293945,18.0049991607666,430600,18.0049991607666,17.905000686645508,14.078967094421387
07-11-2005,17.84000015258789,17.875,415600,18.03499984741211,17.954999923706055,14.118288040161133
08-11-2005,17.844999313354492,17.954999923706055,507200,18.209999084472656,18.165000915527344,14.283411979675293
09-11-2005,18.020000457763672,18.165000915527344,451000,18.229999542236328,18.204999923706055,14.314861297607422
10-11-2005,18.049999237060547,18.190000534057617,596800,18.510000228881836,18.3799991607666,14.45246410369873
11-11-2005,18.3799991607666,18.3799991607666,341400,18.600000381469727,18.59000015258789,14.617595672607422
14-11-2005,18.344999313354492,18.594999313354492,325200,18.6200008392334,18.56999969482422,14.601862907409668
15-11-2005,18.3799991607666,18.540000915527344,426600,18.625,18.43000030517578,14.491787910461426
16-11-2005,18.3799991607666,18.440000534057617,328400,18.5,18.46500015258789,14.519299507141113
17-11-2005,18.399999618530273,18.46500015258789,269000,18.655000686645508,18.600000381469727,14.625452041625977
18-11-2005,18.545000076293945,18.674999237060547,254200,18.75,18.674999237060547,14.684425354003906
21-11-2005,18.540000915527344,18.649999618530273,297800,18.7450008392334,18.690000534057617,14.696224212646484
22-11-2005,18.625,18.684999465942383,190600,18.7450008392334,18.69499969482422,14.700161933898926
23-11-2005,18.565000534057617,18.625,123800,18.725000381469727,18.625,14.645108222961426
25-11-2005,18.645000457763672,18.684999465942383,51000,18.75,18.735000610351562,14.731612205505371
28-11-2005,18.40999984741211,18.75,289600,18.774999618530273,18.549999237060547,14.58614444732666
29-11-2005,18.475000381469727,18.549999237060547,479800,18.760000228881836,18.59000015258789,14.617595672607422
30-11-2005,18.34000015258789,18.625,370400,18.780000686645508,18.399999618530273,14.468193054199219
01-12-2005,18.5,18.5,875800,18.690000534057617,18.684999465942383,14.692294120788574
02-12-2005,18.600000381469727,18.684999465942383,341000,18.93000030517578,18.905000686645508,14.86528491973877
05-12-2005,18.56999969482422,18.825000762939453,271800,18.84000015258789,18.795000076293945,14.778786659240723
06-12-2005,18.725000381469727,18.875,274200,19.049999237060547,19.0,14.939979553222656
07-12-2005,18.834999084472656,18.875,475400,19.18000030517578,19.03499984741211,14.967499732971191
08-12-2005,18.690000534057617,19.0,198000,19.049999237060547,18.81999969482422,14.798443794250488
09-12-2005,18.604999542236328,18.81999969482422,206000,18.84000015258789,18.75,14.743400573730469
12-12-2005,18.639999389648438,18.75,257600,18.78499984741211,18.719999313354492,14.71981430053711
13-12-2005,18.610000610351562,18.610000610351562,721600,19.309999465942383,19.135000228881836,15.110712051391602
14-12-2005,18.94499969482422,19.135000228881836,374400,19.235000610351562,19.094999313354492,15.079119682312012
15-12-2005,18.895000457763672,19.100000381469727,258800,19.110000610351562,19.0049991607666,15.008047103881836
16-12-2005,18.975000381469727,19.010000228881836,288000,19.05500030517578,18.975000381469727,14.984355926513672
19-12-2005,18.645000457763672,19.0,489800,19.010000228881836,18.655000686645508,14.731661796569824
20-12-2005,18.579999923706055,18.65999984741211,240800,18.815000534057617,18.649999618530273,14.727716445922852
21-12-2005,18.645000457763672,18.649999618530273,386000,18.799999237060547,18.649999618530273,14.727716445922852
22-12-2005,18.600000381469727,18.674999237060547,201800,19.059999465942383,19.059999465942383,15.051485061645508
23-12-2005,19.084999084472656,19.084999084472656,269600,19.459999084472656,19.43000030517578,15.34366512298584
27-12-2005,19.209999084472656,19.415000915527344,204000,19.545000076293945,19.299999237060547,15.241009712219238
28-12-2005,19.385000228881836,19.385000228881836,256200,19.475000381469727,19.454999923706055,15.363408088684082
29-12-2005,19.399999618530273,19.575000762939453,236200,19.75,19.440000534057617,15.351568222045898
30-12-2005,19.165000915527344,19.350000381469727,168800,19.46500015258789,19.174999237060547,15.142292022705078
03-01-2006,19.290000915527344,19.290000915527344,2859400,21.0,20.485000610351562,16.176790237426758
04-01-2006,19.780000686645508,20.03499984741211,1344000,20.364999771118164,20.075000762939453,15.85301399230957
05-01-2006,19.9950008392334,20.075000762939453,520800,20.184999465942383,20.075000762939453,15.85301399230957
06-01-2006,19.854999542236328,20.100000381469727,541600,20.110000610351562,19.934999465942383,15.742460250854492
09-01-2006,19.700000762939453,19.825000762939453,544800,20.0,19.954999923706055,15.758260726928711
10-01-2006,19.78499984741211,19.899999618530273,353800,20.0,19.90999984741211,15.722712516784668
11-01-2006,19.809999465942383,19.90999984741211,235000,19.93000030517578,19.829999923706055,15.6595458984375
12-01-2006,19.764999389648438,19.834999084472656,242600,19.9950008392334,19.80500030517578,15.639802932739258
13-01-2006,19.795000076293945,19.809999465942383,143800,19.985000610351562,19.815000534057617,15.647700309753418
17-01-2006,19.700000762939453,19.75,194000,19.950000762939453,19.905000686645508,15.718769073486328
18-01-2006,19.614999771118164,19.850000381469727,214000,19.90999984741211,19.770000457763672,15.612164497375488
19-01-2006,19.7549991607666,19.809999465942383,173000,20.0,19.975000381469727,15.774044036865234
20-01-2006,19.415000915527344,19.969999313354492,234600,19.969999313354492,19.415000915527344,15.331822395324707
23-01-2006,19.43000030517578,19.43000030517578,253000,19.899999618530273,19.7549991607666,15.60031795501709
24-01-2006,19.780000686645508,19.780000686645508,411200,20.200000762939453,20.1200008392334,15.888558387756348
25-01-2006,19.684999465942383,20.125,322400,20.325000762939453,19.764999389648438,15.608219146728516
26-01-2006,20.28499984741211,20.5,2363000,21.424999237060547,21.219999313354492,16.75720977783203
27-01-2006,20.799999237060547,21.2450008392334,1186800,22.084999084472656,22.075000762939453,17.432401657104492
30-01-2006,21.68000030517578,22.075000762939453,962800,22.075000762939453,21.684999465942383,17.124418258666992
31-01-2006,21.670000076293945,21.674999237060547,717200,21.885000228881836,21.885000228881836,17.28235626220703
01-02-2006,21.774999618530273,21.78499984741211,725600,22.079999923706055,22.0,17.373178482055664
02-02-2006,22.0,22.0,1365600,23.225000381469727,22.56999969482422,17.823287963867188
03-02-2006,20.875,21.625,1451200,21.844999313354492,21.635000228881836,17.084938049316406
06-02-2006,21.625,21.635000228881836,747600,22.100000381469727,22.030000686645508,17.396869659423828
07-02-2006,21.594999313354492,21.959999084472656,488200,22.014999389648438,21.665000915527344,17.108625411987305
08-02-2006,21.424999237060547,21.690000534057617,533000,21.729999542236328,21.65999984741211,17.10468101501465
09-02-2006,21.329999923706055,21.6299991607666,586200,21.885000228881836,21.3799991607666,16.883567810058594
10-02-2006,21.219999313354492,21.350000381469727,335000,21.735000610351562,21.625,17.0770320892334
13-02-2006,20.875,21.549999237060547,1157400,21.549999237060547,21.375,16.879621505737305
14-02-2006,21.235000610351562,21.389999389648438,468000,21.71500015258789,21.565000534057617,17.029661178588867
15-02-2006,21.31999969482422,21.514999389648438,299800,21.545000076293945,21.485000610351562,16.966489791870117
16-02-2006,21.44499969482422,21.549999237060547,204600,21.639999389648438,21.524999618530273,16.998064041137695
17-02-2006,21.389999389648438,21.549999237060547,256800,21.604999542236328,21.5,16.978322982788086
21-02-2006,21.389999389648438,21.5,268400,21.59000015258789,21.59000015258789,17.049394607543945
22-02-2006,21.1299991607666,21.600000381469727,554200,21.75,21.190000534057617,16.733530044555664
23-02-2006,20.825000762939453,21.125,719600,21.3700008392334,21.125,16.682191848754883
24-02-2006,20.799999237060547,21.125,770000,21.174999237060547,21.030000686645508,16.607177734375
27-02-2006,20.975000381469727,21.030000686645508,265000,21.364999771118164,21.225000381469727,16.761157989501953
28-02-2006,21.075000762939453,21.165000915527344,348200,21.3700008392334,21.225000381469727,16.761157989501953
01-03-2006,21.225000381469727,21.225000381469727,599000,21.889999389648438,21.889999389648438,17.286296844482422
02-03-2006,21.78499984741211,21.84000015258789,499200,22.114999771118164,21.979999542236328,17.357378005981445
03-03-2006,21.885000228881836,21.924999237060547,308600,22.165000915527344,21.905000686645508,17.29814910888672
06-03-2006,21.579999923706055,21.825000762939453,297800,21.915000915527344,21.75,17.175745010375977
07-03-2006,21.350000381469727,21.674999237060547,200200,21.80500030517578,21.415000915527344,16.911203384399414
08-03-2006,20.899999618530273,21.299999237060547,222400,21.31999969482422,21.229999542236328,16.76511001586914
09-03-2006,21.0,21.225000381469727,400000,21.364999771118164,21.094999313354492,16.658498764038086
10-03-2006,20.895000457763672,21.125,380800,21.21500015258789,21.014999389648438,16.595325469970703
13-03-2006,20.844999313354492,21.0,460800,21.145000457763672,20.975000381469727,16.62902069091797
14-03-2006,20.860000610351562,20.985000610351562,759400,21.395000457763672,21.364999771118164,16.938213348388672
15-03-2006,21.5,21.524999618530273,279400,22.059999465942383,22.049999237060547,17.481281280517578
16-03-2006,21.735000610351562,22.174999237060547,308400,22.299999237060547,21.80500030517578,17.28704833984375
17-03-2006,21.530000686645508,21.700000762939453,931800,21.764999389648438,21.684999465942383,17.191909790039062
20-03-2006,21.2549991607666,21.684999465942383,802200,21.735000610351562,21.334999084472656,16.91443634033203
21-03-2006,21.229999542236328,21.299999237060547,369000,21.700000762939453,21.30500030517578,16.89064598083496
22-03-2006,21.21500015258789,21.34000015258789,336000,21.549999237060547,21.420000076293945,16.981815338134766
23-03-2006,21.350000381469727,21.350000381469727,343000,21.530000686645508,21.420000076293945,16.981815338134766
24-03-2006,21.280000686645508,21.46500015258789,437800,21.5,21.450000762939453,17.005603790283203
27-03-2006,21.350000381469727,21.5,309600,21.514999389648438,21.424999237060547,16.98578453063965
28-03-2006,21.200000762939453,21.475000381469727,392400,21.575000762939453,21.350000381469727,16.926315307617188
29-03-2006,21.360000610351562,21.475000381469727,569800,21.739999771118164,21.635000228881836,17.152273178100586
30-03-2006,21.655000686645508,21.674999237060547,466800,22.209999084472656,22.165000915527344,17.57245635986328
31-03-2006,22.200000762939453,22.25,612000,22.799999237060547,22.674999237060547,17.97677993774414
03-04-2006,22.6299991607666,22.674999237060547,556800,23.030000686645508,22.889999389648438,18.14723014831543
04-04-2006,22.774999618530273,22.950000762939453,351800,23.104999542236328,23.049999237060547,18.274085998535156
05-04-2006,22.709999084472656,23.024999618530273,297400,23.110000610351562,23.0049991607666,18.238405227661133
06-04-2006,22.575000762939453,23.174999237060547,635800,23.375,22.6200008392334,17.933183670043945
07-04-2006,22.375,22.649999618530273,310600,22.7450008392334,22.69499969482422,17.992637634277344
10-04-2006,22.334999084472656,22.68000030517578,369800,22.68000030517578,22.510000228881836,17.845972061157227
11-04-2006,22.40999984741211,22.524999618530273,229000,22.56999969482422,22.450000762939453,17.79840087890625
12-04-2006,22.375,22.5,172000,22.600000381469727,22.549999237060547,17.8776798248291
13-04-2006,22.489999771118164,22.545000076293945,189000,22.65999984741211,22.614999771118164,17.929214477539062
17-04-2006,22.524999618530273,22.575000762939453,268600,22.8799991607666,22.69499969482422,17.992637634277344
18-04-2006,22.725000381469727,22.75,330600,23.049999237060547,22.950000762939453,18.194805145263672
19-04-2006,22.844999313354492,22.899999618530273,1023000,23.1200008392334,22.950000762939453,18.194805145263672
20-04-2006,22.924999237060547,22.924999237060547,411800,23.53499984741211,23.399999618530273,18.551563262939453
21-04-2006,22.954999923706055,23.450000762939453,475200,23.5,23.235000610351562,18.420761108398438
24-04-2006,23.0049991607666,23.200000762939453,290200,23.354999542236328,23.354999542236328,18.515893936157227
25-04-2006,23.344999313354492,23.354999542236328,512400,23.81999969482422,23.575000762939453,18.6903133392334
26-04-2006,24.149999618530273,24.375,1600200,25.399999618530273,24.454999923706055,19.387968063354492
27-04-2006,23.84000015258789,24.459999084472656,429200,24.46500015258789,23.889999389648438,18.94003677368164
28-04-2006,23.71500015258789,23.905000686645508,417600,24.100000381469727,23.90999984741211,18.955883026123047
01-05-2006,23.704999923706055,24.360000610351562,550600,24.360000610351562,23.799999237060547,18.86867904663086
02-05-2006,23.90999984741211,23.924999237060547,250800,24.09000015258789,24.09000015258789,19.098594665527344
03-05-2006,24.014999389648438,24.125,734800,24.434999465942383,24.34000015258789,19.29679298400879
04-05-2006,24.260000228881836,24.375,388400,24.625,24.274999618530273,19.245258331298828
05-05-2006,24.09000015258789,24.375,703400,24.719999313354492,24.709999084472656,19.590131759643555
08-05-2006,24.530000686645508,24.704999923706055,253600,24.729999542236328,24.565000534057617,19.475177764892578
09-05-2006,24.454999923706055,24.549999237060547,285000,24.719999313354492,24.565000534057617,19.475177764892578
10-05-2006,24.385000228881836,24.46500015258789,175600,24.700000762939453,24.520000457763672,19.43950653076172
11-05-2006,24.309999465942383,24.469999313354492,219000,24.549999237060547,24.325000762939453,19.284914016723633
12-05-2006,23.94499969482422,24.350000381469727,302000,24.350000381469727,23.9950008392334,19.023284912109375
15-05-2006,23.454999923706055,24.024999618530273,362400,24.1200008392334,23.78499984741211,18.856788635253906
16-05-2006,23.1299991607666,23.700000762939453,323200,23.790000915527344,23.639999389648438,18.74183464050293
17-05-2006,22.954999923706055,23.540000915527344,414400,23.565000534057617,22.9950008392334,18.230480194091797
18-05-2006,22.56999969482422,22.969999313354492,409600,23.204999923706055,22.56999969482422,17.893537521362305
19-05-2006,22.024999618530273,22.670000076293945,1260600,22.7450008392334,22.09000015258789,17.513002395629883
22-05-2006,21.604999542236328,22.0,1062800,22.065000534057617,21.790000915527344,17.275157928466797
23-05-2006,21.860000610351562,21.889999389648438,547800,22.25,22.0,17.441646575927734
24-05-2006,21.825000762939453,21.975000381469727,529000,22.280000686645508,22.2450008392334,17.63587760925293
25-05-2006,22.684999465942383,22.700000762939453,638000,23.415000915527344,22.795000076293945,18.071918487548828
26-05-2006,22.78499984741211,22.78499984741211,638200,23.459999084472656,23.204999923706055,18.396961212158203
30-05-2006,23.219999313354492,23.25,589200,23.709999084472656,23.25,18.432645797729492
31-05-2006,23.2450008392334,23.2450008392334,1085400,24.045000076293945,24.0,19.02724838256836
01-06-2006,24.020000457763672,24.049999237060547,916000,24.6200008392334,24.30500030517578,19.26905059814453
02-06-2006,24.19499969482422,24.25,548200,24.700000762939453,24.375,19.324548721313477
05-06-2006,23.790000915527344,24.375,357600,24.450000762939453,23.8700008392334,18.924177169799805
06-06-2006,23.450000762939453,23.895000457763672,269000,23.899999618530273,23.725000381469727,18.809223175048828
07-06-2006,23.170000076293945,23.375,327000,23.65999984741211,23.25,18.432645797729492
08-06-2006,22.274999618530273,23.174999237060547,420600,23.25,23.06999969482422,18.28993034362793
09-06-2006,22.684999465942383,22.75,518000,23.125,22.850000381469727,18.115524291992188
12-06-2006,22.30500030517578,22.75,316400,22.844999313354492,22.30500030517578,17.68344497680664
13-06-2006,21.920000076293945,22.149999618530273,620000,22.56999969482422,22.274999618530273,17.72522735595703
14-06-2006,22.0049991607666,22.280000686645508,473400,22.5,22.46500015258789,17.876413345336914
15-06-2006,22.375,22.469999313354492,556800,23.524999618530273,23.485000610351562,18.688074111938477
16-06-2006,23.25,23.600000381469727,489200,23.815000534057617,23.360000610351562,18.58860969543457
19-06-2006,22.690000534057617,23.350000381469727,339000,23.350000381469727,22.799999237060547,18.142986297607422
20-06-2006,22.649999618530273,22.899999618530273,458000,22.915000915527344,22.809999465942383,18.15094566345215
21-06-2006,22.665000915527344,22.725000381469727,292800,23.399999618530273,23.170000076293945,18.43741798400879
22-06-2006,22.799999237060547,23.100000381469727,351000,23.145000457763672,22.959999084472656,18.270301818847656
23-06-2006,22.625,22.875,456000,23.514999389648438,23.299999237060547,18.54085922241211
26-06-2006,23.274999618530273,23.450000762939453,433000,23.514999389648438,23.454999923706055,18.664203643798828
27-06-2006,23.0,23.450000762939453,441000,23.665000915527344,23.084999084472656,18.369779586791992
28-06-2006,22.979999542236328,23.350000381469727,642400,23.350000381469727,22.9950008392334,18.298166275024414
29-06-2006,23.010000228881836,23.010000228881836,489000,23.790000915527344,23.790000915527344,18.930784225463867
30-06-2006,23.610000610351562,23.674999237060547,408600,23.989999771118164,23.940000534057617,19.050132751464844
03-07-2006,23.854999542236328,23.940000534057617,120200,24.075000762939453,24.020000457763672,19.113798141479492
05-07-2006,23.309999465942383,24.020000457763672,416000,24.020000457763672,23.475000381469727,18.680112838745117
06-07-2006,23.40999984741211,23.524999618530273,222400,23.704999923706055,23.579999923706055,18.7636661529541
07-07-2006,23.375,23.5,207000,23.709999084472656,23.40999984741211,18.628393173217773
10-07-2006,23.440000534057617,23.450000762939453,223000,23.71500015258789,23.530000686645508,18.723876953125
11-07-2006,22.975000381469727,23.549999237060547,534000,23.625,23.184999465942383,18.4493465423584
12-07-2006,23.100000381469727,23.274999618530273,234200,23.524999618530273,23.149999618530273,18.421499252319336
13-07-2006,22.485000610351562,23.049999237060547,350200,23.155000686645508,22.575000762939453,17.96394157409668
14-07-2006,22.204999923706055,22.625,214000,22.635000228881836,22.475000381469727,17.88437271118164
17-07-2006,22.100000381469727,22.565000534057617,185600,22.59000015258789,22.139999389648438,17.617799758911133
18-07-2006,22.229999542236328,22.25,382000,22.8700008392334,22.774999618530273,18.12308692932129
19-07-2006,22.78499984741211,22.850000381469727,730800,23.424999237060547,23.34000015258789,18.572690963745117
20-07-2006,22.799999237060547,23.34000015258789,423200,23.424999237060547,22.809999465942383,18.15094566345215
21-07-2006,22.325000762939453,22.774999618530273,362400,22.829999923706055,22.549999237060547,17.944061279296875
24-07-2006,22.375,22.55500030517578,474400,22.915000915527344,22.825000762939453,18.16288185119629
25-07-2006,23.280000686645508,23.350000381469727,2347800,25.405000686645508,25.104999542236328,19.977188110351562
26-07-2006,25.05500030517578,25.125,1562200,25.825000762939453,25.450000762939453,20.251720428466797
27-07-2006,24.719999313354492,25.44499969482422,814000,25.5,24.75,19.6946964263916
28-07-2006,24.760000228881836,24.760000228881836,611600,25.295000076293945,24.969999313354492,19.8697509765625
31-07-2006,24.829999923706055,24.899999618530273,646400,25.25,25.209999084472656,20.060731887817383
01-08-2006,25.010000228881836,25.204999923706055,364600,25.4950008392334,25.155000686645508,20.0169677734375
02-08-2006,24.94499969482422,25.149999618530273,628400,25.75,25.625,20.39097023010254
03-08-2006,25.174999237060547,25.6299991607666,478800,26.030000686645508,25.924999237060547,20.629690170288086
04-08-2006,26.075000762939453,26.100000381469727,1112000,26.584999084472656,26.350000381469727,20.967876434326172
07-08-2006,26.09000015258789,26.100000381469727,508400,26.434999465942383,26.3700008392334,20.983795166015625
08-08-2006,26.084999084472656,26.399999618530273,473600,26.4950008392334,26.18000030517578,20.83260726928711
09-08-2006,25.8799991607666,26.204999923706055,507400,26.40999984741211,26.024999618530273,20.709266662597656
10-08-2006,25.899999618530273,25.975000381469727,636000,26.145000457763672,26.049999237060547,20.729162216186523
11-08-2006,25.614999771118164,26.049999237060547,393200,26.049999237060547,25.850000381469727,20.570011138916016
14-08-2006,25.594999313354492,25.899999618530273,520000,26.264999389648438,25.709999084472656,20.458599090576172
15-08-2006,25.899999618530273,25.950000762939453,585600,26.204999923706055,26.030000686645508,20.7132511138916
16-08-2006,26.149999618530273,26.149999618530273,725200,26.940000534057617,26.69499969482422,21.242414474487305
17-08-2006,26.530000686645508,26.69499969482422,569000,26.8700008392334,26.670000076293945,21.222518920898438
18-08-2006,26.395000457763672,26.549999237060547,400800,26.959999084472656,26.649999618530273,21.20661163330078
21-08-2006,26.514999389648438,26.625,812200,26.975000381469727,26.850000381469727,21.365753173828125
22-08-2006,26.424999237060547,26.899999618530273,488800,26.924999237060547,26.53499984741211,21.115097045898438
23-08-2006,25.969999313354492,26.700000762939453,1021000,26.760000228881836,26.299999237060547,20.928096771240234
24-08-2006,25.940000534057617,26.424999237060547,983400,26.530000686645508,26.139999389648438,20.80078125
25-08-2006,26.135000228881836,26.149999618530273,601000,26.510000228881836,26.395000457763672,21.00369644165039
28-08-2006,26.5,26.5,809600,27.229999542236328,27.079999923706055,21.548784255981445
29-08-2006,26.94499969482422,27.200000762939453,1228400,27.44499969482422,27.315000534057617,21.735782623291016
30-08-2006,27.3799991607666,27.434999465942383,1211200,27.895000457763672,27.545000076293945,21.918798446655273
31-08-2006,26.549999237060547,26.56999969482422,1267400,27.530000686645508,27.450000762939453,21.84320640563965
01-09-2006,27.3799991607666,27.450000762939453,577800,27.75,27.545000076293945,21.918798446655273
05-09-2006,27.5,27.700000762939453,568400,27.84000015258789,27.799999237060547,22.121707916259766
06-09-2006,27.354999542236328,27.795000076293945,399600,27.795000076293945,27.475000381469727,21.86309814453125
07-09-2006,26.985000610351562,27.399999618530273,466400,27.454999923706055,27.049999237060547,21.52490997314453
08-09-2006,26.729999542236328,27.100000381469727,451000,27.450000762939453,27.2450008392334,21.680078506469727
11-09-2006,26.415000915527344,27.25,541000,27.25,26.5,21.087247848510742
12-09-2006,25.6200008392334,26.09000015258789,1349800,26.96500015258789,26.799999237060547,21.325973510742188
13-09-2006,26.475000381469727,26.700000762939453,699000,26.875,26.610000610351562,21.24612808227539
14-09-2006,26.489999771118164,26.625,479200,27.165000915527344,27.010000228881836,21.565502166748047
15-09-2006,26.905000686645508,27.075000762939453,563800,27.260000228881836,27.049999237060547,21.597434997558594
18-09-2006,26.815000534057617,26.975000381469727,773200,27.43000030517578,27.309999465942383,21.80502700805664
19-09-2006,27.03499984741211,27.299999237060547,981600,27.600000381469727,27.56999969482422,22.01261329650879
20-09-2006,27.399999618530273,27.674999237060547,616000,28.079999923706055,28.040000915527344,22.387876510620117
21-09-2006,27.649999618530273,28.25,847600,28.2549991607666,27.674999237060547,22.09644889831543
22-09-2006,27.454999923706055,27.600000381469727,552200,27.774999618530273,27.649999618530273,22.076488494873047
25-09-2006,26.985000610351562,27.649999618530273,666200,27.864999771118164,27.71500015258789,22.12838363647461
26-09-2006,27.15999984741211,27.780000686645508,530200,27.780000686645508,27.549999237060547,21.996654510498047
27-09-2006,27.434999465942383,27.524999618530273,551600,27.770000457763672,27.625,22.056520462036133
28-09-2006,27.2549991607666,27.6299991607666,840600,27.65999984741211,27.334999084472656,21.824983596801758
29-09-2006,27.084999084472656,27.334999084472656,609000,27.399999618530273,27.165000915527344,21.689252853393555
02-10-2006,26.799999237060547,27.024999618530273,457800,27.4950008392334,27.270000457763672,21.773086547851562
03-10-2006,27.0,27.274999618530273,352400,27.389999389648438,27.0049991607666,21.56150245666504
04-10-2006,26.799999237060547,26.975000381469727,649000,27.389999389648438,27.200000762939453,21.717199325561523
05-10-2006,27.100000381469727,27.100000381469727,406400,27.635000228881836,27.6200008392334,22.052539825439453
06-10-2006,27.46500015258789,27.625,602400,28.075000762939453,27.885000228881836,22.264123916625977
09-10-2006,27.625,27.885000228881836,383800,28.09000015258789,28.010000228881836,22.363922119140625
10-10-2006,27.729999542236328,28.049999237060547,330000,28.174999237060547,27.899999618530273,22.276103973388672
11-10-2006,27.5,27.799999237060547,380800,27.959999084472656,27.700000762939453,22.11640739440918
12-10-2006,27.799999237060547,27.799999237060547,382800,28.334999084472656,28.225000381469727,22.535594940185547
13-10-2006,27.915000915527344,28.125,357800,28.329999923706055,28.149999618530273,22.47569465637207
16-10-2006,28.229999542236328,28.25,394200,28.450000762939453,28.350000381469727,22.63538932800293
17-10-2006,27.68000030517578,28.299999237060547,632600,28.31999969482422,27.774999618530273,22.17629623413086
18-10-2006,27.43000030517578,27.799999237060547,1052200,28.030000686645508,27.959999084472656,22.323999404907227
19-10-2006,29.850000381469727,30.530000686645508,4569600,32.75,30.635000228881836,24.45979118347168
20-10-2006,30.200000762939453,30.674999237060547,879000,31.049999237060547,30.875,24.651418685913086
23-10-2006,30.954999923706055,31.0,1485600,31.704999923706055,31.03499984741211,24.77916717529297
24-10-2006,30.780000686645508,30.924999237060547,946400,31.1299991607666,30.954999923706055,24.715282440185547
25-10-2006,30.6299991607666,30.975000381469727,596000,31.024999618530273,30.799999237060547,24.591533660888672
26-10-2006,30.93000030517578,30.975000381469727,1032800,31.274999618530273,31.149999618530273,24.870981216430664
27-10-2006,30.975000381469727,31.145000457763672,1151600,32.38999938964844,31.530000686645508,25.17438507080078
30-10-2006,31.75,31.75,1832400,32.97999954223633,32.5,25.948854446411133
31-10-2006,32.21500015258789,32.625,1271400,33.224998474121094,32.51499938964844,25.96083641052246
01-11-2006,31.81999969482422,32.95000076293945,801400,33.07500076293945,31.850000381469727,25.429880142211914
02-11-2006,31.799999237060547,31.799999237060547,694000,32.29999923706055,31.96500015258789,25.52170181274414
03-11-2006,31.90999984741211,32.224998474121094,593400,32.400001525878906,32.04999923706055,25.589567184448242
06-11-2006,31.975000381469727,32.125,538000,32.70000076293945,32.619998931884766,26.0446720123291
07-11-2006,32.45500183105469,32.75,580000,33.15999984741211,32.5,25.948854446411133
08-11-2006,32.20000076293945,32.5,786000,32.79999923706055,32.404998779296875,25.873008728027344
09-11-2006,32.474998474121094,32.5,718000,33.08000183105469,32.75,26.148466110229492
10-11-2006,32.875,32.875,739400,33.29999923706055,33.029998779296875,26.37201499938965
13-11-2006,33.26499938964844,33.26499938964844,1079600,33.810001373291016,33.755001068115234,26.950891494750977
14-11-2006,33.44499969482422,33.7599983215332,572400,33.79999923706055,33.65999984741211,26.875043869018555
15-11-2006,33.7400016784668,33.775001525878906,423200,34.20000076293945,34.0,27.146486282348633
16-11-2006,33.2599983215332,33.875,618400,33.880001068115234,33.56999969482422,26.803173065185547
17-11-2006,33.61000061035156,33.61000061035156,575800,34.16999816894531,34.16999816894531,27.2822265625
20-11-2006,34.28499984741211,34.44499969482422,1177800,35.064998626708984,34.7599983215332,27.753307342529297
21-11-2006,34.224998474121094,34.76499938964844,490800,34.85499954223633,34.82500076293945,27.80519676208496
22-11-2006,34.625,34.900001525878906,423000,35.040000915527344,34.880001068115234,27.8491153717041
24-11-2006,34.69499969482422,34.755001068115234,104000,34.94499969482422,34.915000915527344,27.877056121826172
27-11-2006,34.20500183105469,34.95000076293945,986400,34.95000076293945,34.290000915527344,27.378042221069336
28-11-2006,33.86000061035156,34.27000045776367,654600,34.31999969482422,34.150001525878906,27.266260147094727
29-11-2006,34.244998931884766,34.275001525878906,534200,34.80500030517578,34.709999084472656,27.7133731842041
30-11-2006,34.494998931884766,34.75,528800,34.95000076293945,34.869998931884766,27.841136932373047
01-12-2006,34.9900016784668,35.0,1437000,36.04999923706055,35.48500061035156,28.332155227661133
04-12-2006,35.54499816894531,35.875,919800,35.95000076293945,35.64500045776367,28.45990562438965
05-12-2006,35.654998779296875,35.75,460600,36.18000030517578,35.94499969482422,28.699434280395508
06-12-2006,35.75,35.75,427400,36.13999938964844,35.875,28.64354705810547
07-12-2006,35.8849983215332,35.8849983215332,427200,36.16999816894531,36.01499938964844,28.755334854125977
08-12-2006,35.779998779296875,36.0,794000,36.59000015258789,36.55500030517578,29.186487197875977
11-12-2006,36.48500061035156,37.125,934800,37.345001220703125,36.650001525878906,29.262338638305664
12-12-2006,36.05500030517578,36.650001525878906,537200,36.650001525878906,36.310001373291016,28.99086570739746
13-12-2006,36.345001220703125,36.345001220703125,703600,36.59000015258789,36.470001220703125,29.19097137451172
14-12-2006,36.54999923706055,36.55500030517578,702800,36.779998779296875,36.650001525878906,29.33504295349121
15-12-2006,36.1349983215332,36.625,729000,36.625,36.154998779296875,28.938840866088867
18-12-2006,35.685001373291016,36.154998779296875,551800,36.290000915527344,35.775001525878906,28.634681701660156
19-12-2006,35.435001373291016,35.599998474121094,961600,36.18000030517578,35.9900016784668,28.80677032470703
20-12-2006,36.0,36.025001525878906,514400,36.310001373291016,36.04499816894531,28.850793838500977
21-12-2006,35.790000915527344,36.150001525878906,357800,36.224998474121094,35.790000915527344,28.646690368652344
22-12-2006,35.345001220703125,35.79999923706055,288000,35.849998474121094,35.650001525878906,28.534631729125977
26-12-2006,35.71500015258789,35.900001525878906,307200,36.470001220703125,36.334999084472656,29.082902908325195
27-12-2006,36.06999969482422,36.18000030517578,272000,36.73500061035156,36.63999938964844,29.32703971862793
28-12-2006,36.07500076293945,36.70000076293945,373400,36.70000076293945,36.16999816894531,28.950843811035156
29-12-2006,35.8650016784668,36.04999923706055,321800,36.4900016784668,35.900001525878906,28.734731674194336
03-01-2007,35.79999923706055,36.5,1000600,37.005001068115234,35.9900016784668,28.80677032470703
04-01-2007,35.6349983215332,36.0,666400,36.0,35.82500076293945,28.674697875976562
05-01-2007,35.189998626708984,35.3849983215332,980000,35.900001525878906,35.20000076293945,28.174448013305664
08-01-2007,34.02000045776367,35.025001525878906,1388200,35.04999923706055,35.02000045776367,28.03037452697754
09-01-2007,34.845001220703125,35.150001525878906,520000,35.255001068115234,35.224998474121094,28.1944522857666
10-01-2007,34.95500183105469,35.125,409600,35.525001525878906,35.400001525878906,28.33452606201172
11-01-2007,35.474998474121094,35.5,520400,36.310001373291016,36.13999938964844,28.926830291748047
12-01-2007,36.064998626708984,36.13999938964844,354200,36.65999984741211,36.630001068115234,29.31903839111328
16-01-2007,36.43000030517578,36.92499923706055,434800,37.1349983215332,36.619998931884766,29.311038970947266
17-01-2007,36.51499938964844,36.564998626708984,393200,36.744998931884766,36.68000030517578,29.359050750732422
18-01-2007,36.279998779296875,36.70000076293945,871200,36.720001220703125,36.404998779296875,29.138935089111328
19-01-2007,36.099998474121094,36.310001373291016,403400,36.494998931884766,36.349998474121094,29.094911575317383
22-01-2007,35.849998474121094,36.625,716400,36.625,36.119998931884766,28.91082000732422
23-01-2007,35.88999938964844,35.95000076293945,898400,36.45000076293945,36.119998931884766,28.91082000732422
24-01-2007,37.150001525878906,37.150001525878906,2271600,39.029998779296875,38.505001068115234,30.81981658935547
25-01-2007,38.53499984741211,38.619998931884766,1392600,39.21500015258789,38.73500061035156,31.00390625
26-01-2007,38.52000045776367,38.95000076293945,615200,39.0,38.72999954223633,30.99989128112793
29-01-2007,38.63999938964844,38.72999954223633,799400,39.165000915527344,39.09000015258789,31.288036346435547
30-01-2007,38.94499969482422,39.189998626708984,600400,39.459999084472656,39.2599983215332,31.42411231994629
31-01-2007,38.64500045776367,39.32500076293945,580600,39.32500076293945,38.9900016784668,31.207998275756836
01-02-2007,39.005001068115234,39.25,654800,39.63999938964844,39.625,31.716259002685547
02-02-2007,38.95500183105469,39.45000076293945,502000,39.564998626708984,39.474998474121094,31.59619140625
05-02-2007,39.3650016784668,39.57500076293945,627000,39.8849983215332,39.8849983215332,31.924365997314453
06-02-2007,39.91999816894531,39.91999816894531,1139200,40.650001525878906,40.53499984741211,32.444637298583984
07-02-2007,40.69499969482422,40.744998931884766,1169200,41.20000076293945,41.20000076293945,32.976898193359375
08-02-2007,41.25,41.5,1339400,41.89500045776367,41.744998931884766,33.41312789916992
09-02-2007,40.84000015258789,41.744998931884766,839600,41.744998931884766,40.88999938964844,32.72877502441406
12-02-2007,40.95500183105469,41.0,654400,41.22999954223633,41.064998626708984,32.86884689331055
13-02-2007,40.70500183105469,40.974998474121094,857000,41.68000030517578,41.67499923706055,33.35709762573242
14-02-2007,41.619998931884766,41.845001220703125,678800,42.3849983215332,41.744998931884766,33.41312789916992
15-02-2007,41.38999938964844,41.67499923706055,720000,41.880001068115234,41.4900016784668,33.209022521972656
16-02-2007,41.44499969482422,41.505001068115234,705800,41.76499938964844,41.689998626708984,33.36911392211914
20-02-2007,41.42499923706055,41.57500076293945,693400,42.125,42.08000183105469,33.6812744140625
21-02-2007,42.17499923706055,42.17499923706055,994200,43.04999923706055,43.04999923706055,34.45765686035156
22-02-2007,42.27000045776367,43.150001525878906,547000,43.244998931884766,42.599998474121094,34.09748077392578
23-02-2007,42.04999923706055,42.5,770800,42.8849983215332,42.709999084472656,34.18552017211914
26-02-2007,42.584999084472656,42.994998931884766,702400,43.2599983215332,42.71500015258789,34.18952941894531
27-02-2007,39.875,41.92499923706055,1251600,41.92499923706055,40.869998931884766,32.7127685546875
28-02-2007,40.439998626708984,40.869998931884766,854000,41.40999984741211,40.97999954223633,32.80082321166992
01-03-2007,39.380001068115234,40.92499923706055,1348200,41.32500076293945,40.974998474121094,32.796791076660156
02-03-2007,40.61000061035156,40.959999084472656,932400,41.56999969482422,40.90999984741211,32.744781494140625
05-03-2007,39.77000045776367,40.25,1276200,41.279998779296875,39.77000045776367,31.83232879638672
06-03-2007,39.38999938964844,39.779998779296875,1227500,40.90999984741211,40.58000183105469,32.48065185546875
07-03-2007,40.4900016784668,40.599998474121094,1084500,41.349998474121094,40.65999984741211,32.544681549072266
08-03-2007,40.880001068115234,41.099998474121094,662900,41.63999938964844,41.040000915527344,32.848846435546875
09-03-2007,40.459999084472656,41.20000076293945,588600,41.25,41.22999954223633,33.00092697143555
12-03-2007,41.45000076293945,41.45000076293945,1039900,42.939998626708984,42.619998931884766,34.11347198486328
13-03-2007,41.04999923706055,42.5099983215332,937700,42.709999084472656,41.060001373291016,32.94601821899414
14-03-2007,40.2599983215332,41.25,972300,41.79999923706055,40.97999954223633,32.8818244934082
15-03-2007,40.9900016784668,41.0,453200,41.970001220703125,41.72999954223633,33.483612060546875
16-03-2007,41.20000076293945,41.83000183105469,409700,42.029998779296875,41.310001373291016,33.14661407470703
19-03-2007,41.56999969482422,41.66999816894531,417300,42.029998779296875,41.810001373291016,33.547813415527344
20-03-2007,41.290000915527344,41.79999923706055,1009900,41.79999923706055,41.43000030517578,33.242889404296875
21-03-2007,40.880001068115234,41.310001373291016,1273200,41.58000183105469,41.40999984741211,33.22684097290039
22-03-2007,40.81999969482422,41.400001525878906,997100,41.5,40.970001220703125,32.87380599975586
23-03-2007,40.63999938964844,40.810001373291016,632400,41.04999923706055,40.709999084472656,32.66519546508789
26-03-2007,40.33000183105469,40.90999984741211,917100,41.18000030517578,40.93000030517578,32.841697692871094
27-03-2007,40.650001525878906,40.88999938964844,1163100,41.869998931884766,41.75,33.499656677246094
28-03-2007,41.29999923706055,41.75,694000,41.81999969482422,41.380001068115234,33.202781677246094
29-03-2007,41.33000183105469,41.61000061035156,805900,41.95000076293945,41.72999954223633,33.483612060546875
30-03-2007,40.91999816894531,41.900001525878906,754000,42.040000915527344,41.34000015258789,33.17067337036133
02-04-2007,41.52000045776367,41.52000045776367,702100,42.18000030517578,42.02000045776367,33.716312408447266
03-04-2007,42.20000076293945,42.20000076293945,474800,42.689998626708984,42.459999084472656,34.069358825683594
04-04-2007,42.470001220703125,42.599998474121094,674000,42.869998931884766,42.66999816894531,34.23786926269531
05-04-2007,42.68000030517578,42.70000076293945,303100,42.970001220703125,42.810001373291016,34.35020065307617
09-04-2007,42.849998474121094,43.0,332000,43.31999969482422,43.060001373291016,34.55078887939453
10-04-2007,42.790000915527344,43.13999938964844,501700,43.40999984741211,42.95000076293945,34.46253204345703
11-04-2007,42.29999923706055,43.040000915527344,387200,43.13999938964844,42.68000030517578,34.24586868286133
12-04-2007,42.54999923706055,42.54999923706055,424300,43.22999954223633,43.220001220703125,34.67917251586914
13-04-2007,42.619998931884766,43.38999938964844,370100,43.75,43.040000915527344,34.534751892089844
16-04-2007,43.040000915527344,43.189998626708984,310700,43.68000030517578,43.56999969482422,34.96001434326172
17-04-2007,43.54999923706055,43.75,453400,43.959999084472656,43.959999084472656,35.272918701171875
18-04-2007,43.2599983215332,44.810001373291016,562800,44.810001373291016,43.459999084472656,34.87175369262695
19-04-2007,42.79999923706055,43.290000915527344,659800,43.47999954223633,43.15999984741211,34.63103485107422
20-04-2007,43.16999816894531,43.45000076293945,345800,43.7400016784668,43.70000076293945,35.06431198120117
23-04-2007,43.400001525878906,43.70000076293945,476000,44.15999984741211,44.08000183105469,35.36923599243164
24-04-2007,39.29999923706055,44.08000183105469,3501700,44.08000183105469,40.41999816894531,32.43248748779297
25-04-2007,41.099998474121094,42.5,1777400,42.88999938964844,42.79999923706055,34.3421745300293
26-04-2007,42.08000183105469,42.43000030517578,688200,42.689998626708984,42.33000183105469,33.96504211425781
27-04-2007,42.0,42.029998779296875,712200,42.5,42.38999938964844,34.01318359375
30-04-2007,42.11000061035156,42.27000045776367,842100,42.709999084472656,42.45000076293945,34.061344146728516
01-05-2007,42.04999923706055,42.400001525878906,633700,42.70000076293945,42.4900016784668,34.09343338012695
02-05-2007,42.09000015258789,42.349998474121094,747400,42.88999938964844,42.150001525878906,33.820613861083984
03-05-2007,42.25,42.29999923706055,833100,43.08000183105469,42.58000183105469,34.1656379699707
04-05-2007,42.150001525878906,42.75,537800,42.75,42.33000183105469,33.96504211425781
07-05-2007,41.77000045776367,42.33000183105469,891800,42.54999923706055,42.0,33.70025634765625
08-05-2007,41.119998931884766,41.900001525878906,643700,42.0,42.0,33.70025634765625
09-05-2007,41.7400016784668,41.939998626708984,498500,42.63999938964844,42.59000015258789,34.17366027832031
10-05-2007,41.220001220703125,42.31999969482422,660300,42.31999969482422,41.25,33.09846496582031
11-05-2007,41.20000076293945,41.31999969482422,458400,41.66999816894531,41.66999816894531,33.435482025146484
14-05-2007,41.220001220703125,41.5,389400,42.099998474121094,41.459999084472656,33.266971588134766
15-05-2007,41.36000061035156,41.41999816894531,508900,42.189998626708984,41.380001068115234,33.202781677246094
16-05-2007,41.099998474121094,41.38999938964844,509300,41.790000915527344,41.790000915527344,33.53175354003906
17-05-2007,41.56999969482422,41.7599983215332,617500,42.25,42.02000045776367,33.716312408447266
18-05-2007,42.150001525878906,42.20000076293945,778700,42.68000030517578,42.68000030517578,34.24586868286133
21-05-2007,42.619998931884766,42.880001068115234,855700,43.279998779296875,42.689998626708984,34.25389862060547
22-05-2007,42.650001525878906,42.75,590700,43.13999938964844,42.810001373291016,34.35020065307617
23-05-2007,42.09000015258789,43.0,511300,43.150001525878906,42.22999954223633,33.88480758666992
24-05-2007,40.470001220703125,42.150001525878906,925700,42.310001373291016,40.5,32.496681213378906
25-05-2007,39.29999923706055,39.75,810000,40.880001068115234,40.77000045776367,32.713314056396484
29-05-2007,40.689998626708984,40.720001220703125,735100,41.2599983215332,41.119998931884766,32.99415588378906
30-05-2007,40.619998931884766,41.0,836800,41.79999923706055,41.79999923706055,33.539772033691406
31-05-2007,40.63999938964844,42.0,1920400,42.0,40.63999938964844,32.609012603759766
01-06-2007,40.849998474121094,40.849998474121094,955300,41.52000045776367,41.43000030517578,33.242889404296875
04-06-2007,41.2400016784668,41.25,596200,41.75,41.709999084472656,33.467567443847656
05-06-2007,41.36000061035156,41.36000061035156,374000,41.959999084472656,41.70000076293945,33.45954895019531
06-06-2007,40.810001373291016,41.5,546700,41.68000030517578,41.13999938964844,33.01020812988281
07-06-2007,40.02000045776367,40.869998931884766,866600,41.18000030517578,40.27000045776367,32.31212615966797
08-06-2007,39.790000915527344,40.08000183105469,702200,40.40999984741211,40.20000076293945,32.255958557128906
11-06-2007,39.84000015258789,40.04999923706055,519100,40.31999969482422,40.16999816894531,32.231910705566406
12-06-2007,39.16999816894531,39.869998931884766,732300,40.060001373291016,39.349998474121094,31.57392692565918
13-06-2007,39.43000030517578,39.540000915527344,968900,39.959999084472656,39.7599983215332,31.98827362060547
14-06-2007,39.33000183105469,39.75,916100,40.099998474121094,39.70000076293945,31.94001007080078
15-06-2007,39.77000045776367,39.95000076293945,835800,40.16999816894531,39.869998931884766,32.076759338378906
18-06-2007,38.2599983215332,39.79999923706055,1639000,39.79999923706055,38.58000183105469,31.0389347076416
19-06-2007,36.5,37.599998474121094,2921400,38.08000183105469,37.41999816894531,30.10565948486328
20-06-2007,37.150001525878906,37.20000076293945,2211900,38.099998474121094,37.2400016784668,29.96084213256836
21-06-2007,37.0,37.70000076293945,1567500,38.0,37.689998626708984,30.32288360595703
22-06-2007,38.130001068115234,38.5,1931900,39.529998779296875,38.34000015258789,30.845827102661133
25-06-2007,37.619998931884766,38.0099983215332,1086800,38.36000061035156,37.720001220703125,30.347015380859375
26-06-2007,37.470001220703125,37.810001373291016,1073600,38.20000076293945,37.79999923706055,30.411376953125
27-06-2007,37.41999816894531,37.45000076293945,971100,38.41999816894531,38.31999969482422,30.829736709594727
28-06-2007,38.310001373291016,38.90999984741211,995400,38.93000030517578,38.5099983215332,30.982595443725586
29-06-2007,38.310001373291016,38.56999969482422,853800,39.099998474121094,38.529998779296875,30.998693466186523
02-07-2007,38.41999816894531,38.869998931884766,647800,39.40999984741211,38.84000015258789,31.248098373413086
03-07-2007,38.68000030517578,38.86000061035156,456000,39.33000183105469,39.22999954223633,31.561874389648438
05-07-2007,40.11000061035156,41.15999984741211,1262200,41.15999984741211,40.369998931884766,32.47903823852539
06-07-2007,39.880001068115234,40.130001068115234,793400,40.400001525878906,40.33000183105469,32.44685363769531
09-07-2007,40.29999923706055,40.38999938964844,878700,40.900001525878906,40.79999923706055,32.82498550415039
10-07-2007,40.34000015258789,40.79999923706055,1244800,40.86000061035156,40.619998931884766,32.6801643371582
11-07-2007,40.5,40.5,1218800,40.90999984741211,40.86000061035156,32.873260498046875
12-07-2007,40.810001373291016,40.91999816894531,895700,41.72999954223633,41.72999954223633,33.573211669921875
13-07-2007,41.25,41.529998779296875,1155500,42.63999938964844,42.560001373291016,34.24095916748047
16-07-2007,41.54999923706055,42.369998931884766,760300,42.43000030517578,41.70000076293945,33.549072265625
17-07-2007,41.58000183105469,41.79999923706055,969700,42.439998626708984,42.220001220703125,33.967430114746094
18-07-2007,41.66999816894531,42.11000061035156,828300,42.529998779296875,42.36000061035156,34.08004379272461
19-07-2007,41.939998626708984,42.43000030517578,575600,42.61000061035156,42.029998779296875,33.81456756591797
20-07-2007,41.310001373291016,41.900001525878906,638100,42.40999984741211,42.11000061035156,33.878929138183594
23-07-2007,41.33000183105469,42.209999084472656,888800,42.25,41.400001525878906,33.307708740234375
24-07-2007,40.36000061035156,40.95000076293945,769100,41.27000045776367,40.66999816894531,32.72039031982422
25-07-2007,40.61000061035156,40.75,1772900,42.119998931884766,41.619998931884766,33.484703063964844
26-07-2007,40.2400016784668,41.70000076293945,1449200,41.70000076293945,40.79999923706055,32.82498550415039
27-07-2007,39.720001220703125,40.709999084472656,1159500,40.75,39.880001068115234,32.08482360839844
30-07-2007,39.0,39.75,1465300,40.119998931884766,39.959999084472656,32.1491813659668
31-07-2007,39.970001220703125,40.20000076293945,966800,41.209999084472656,40.22999954223633,32.36640548706055
01-08-2007,39.56999969482422,40.02000045776367,935500,40.65999984741211,40.34000015258789,32.45490264892578
02-08-2007,39.56999969482422,40.45000076293945,821500,40.470001220703125,39.810001373291016,32.02848434448242
03-08-2007,38.06999969482422,39.88999938964844,828300,39.900001525878906,38.06999969482422,30.628610610961914
06-08-2007,37.290000915527344,38.349998474121094,701300,38.470001220703125,38.349998474121094,30.85387420654297
07-08-2007,37.400001525878906,38.06999969482422,1404900,38.2400016784668,37.83000183105469,30.43552589416504
08-08-2007,34.2400016784668,37.599998474121094,2644900,39.290000915527344,37.150001525878906,29.888446807861328
09-08-2007,34.540000915527344,36.20000076293945,2257200,36.29999923706055,35.11000061035156,28.247188568115234
10-08-2007,32.91999816894531,34.599998474121094,2068500,38.77000045776367,37.709999084472656,30.338972091674805
13-08-2007,38.0,38.0,1253300,39.779998779296875,38.27000045776367,30.789514541625977
14-08-2007,36.84000015258789,38.290000915527344,896800,38.84000015258789,36.90999984741211,29.69535255432129
15-08-2007,35.86000061035156,36.75,817300,37.36000061035156,35.900001525878906,28.882770538330078
16-08-2007,34.130001068115234,35.599998474121094,1118300,35.880001068115234,35.150001525878906,28.27937126159668
17-08-2007,35.16999816894531,37.0,1076500,37.5,35.83000183105469,28.82644271850586
20-08-2007,35.47999954223633,35.75,684500,37.43000030517578,37.09000015258789,29.840171813964844
21-08-2007,36.470001220703125,36.7599983215332,489300,37.33000183105469,37.040000915527344,29.79994010925293
22-08-2007,37.099998474121094,37.41999816894531,647500,38.22999954223633,37.97999954223633,30.556201934814453
23-08-2007,37.599998474121094,37.97999954223633,535200,38.220001220703125,38.0,30.57229232788086
24-08-2007,37.599998474121094,37.88999938964844,335400,38.779998779296875,38.779998779296875,31.199817657470703
27-08-2007,37.970001220703125,38.5099983215332,547800,38.84000015258789,38.630001068115234,31.079160690307617
28-08-2007,38.18000030517578,38.45000076293945,540400,38.619998931884766,38.20000076293945,30.733205795288086
29-08-2007,38.5099983215332,38.5099983215332,845500,40.04999923706055,39.880001068115234,32.08482360839844
30-08-2007,39.40999984741211,39.58000183105469,1001600,40.02000045776367,39.79999923706055,32.02045822143555
31-08-2007,39.91999816894531,40.220001220703125,760500,41.0,40.470001220703125,32.55949020385742
04-09-2007,39.939998626708984,40.25,503200,41.040000915527344,40.52000045776367,32.5997200012207
05-09-2007,39.880001068115234,39.880001068115234,706200,40.849998474121094,40.61000061035156,32.67213439941406
06-09-2007,40.5,40.650001525878906,685600,41.56999969482422,41.560001373291016,33.43643569946289
07-09-2007,40.08000183105469,40.900001525878906,826300,41.0099983215332,40.5,32.583621978759766
10-09-2007,38.040000915527344,40.5,1274900,40.599998474121094,38.040000915527344,30.604476928710938
11-09-2007,38.15999984741211,38.27000045776367,896100,39.709999084472656,39.5099983215332,31.78713607788086
12-09-2007,38.4900016784668,39.36000061035156,658500,39.61000061035156,38.61000061035156,31.14581871032715
13-09-2007,37.40999984741211,38.70000076293945,1044500,38.95000076293945,37.939998626708984,30.605348587036133
14-09-2007,37.560001373291016,37.650001525878906,864100,39.310001373291016,39.060001373291016,31.50882911682129
17-09-2007,38.459999084472656,38.72999954223633,1180900,39.779998779296875,39.310001373291016,31.710506439208984
18-09-2007,39.099998474121094,39.5,1118600,41.68000030517578,41.25,33.275455474853516
19-09-2007,41.369998931884766,41.650001525878906,1198800,42.93000030517578,41.95000076293945,33.84013748168945
20-09-2007,41.52000045776367,41.79999923706055,1252100,42.900001525878906,42.599998474121094,34.36448287963867
21-09-2007,42.400001525878906,43.16999816894531,1256200,43.18000030517578,42.66999816894531,34.42095184326172
24-09-2007,41.59000015258789,42.33000183105469,617200,42.38999938964844,41.81999969482422,33.735260009765625
25-09-2007,40.95000076293945,41.22999954223633,766800,41.849998474121094,41.72999954223633,33.66265869140625
26-09-2007,42.029998779296875,42.209999084472656,1488300,45.400001525878906,45.0,36.30049514770508
27-09-2007,44.90999984741211,46.5,2098600,48.84000015258789,45.18000030517578,36.44568634033203
28-09-2007,43.9900016784668,45.22999954223633,816100,45.22999954223633,44.20000076293945,35.6551628112793
01-10-2007,43.93000030517578,44.20000076293945,937500,45.040000915527344,44.08000183105469,35.55837631225586
02-10-2007,44.16999816894531,44.5,783200,45.220001220703125,44.36000061035156,35.78422164916992
03-10-2007,43.81999969482422,44.29999923706055,643900,44.54999923706055,44.09000015258789,35.5664176940918
04-10-2007,43.599998474121094,44.29999923706055,717100,44.720001220703125,44.0,35.49381637573242
05-10-2007,43.849998474121094,44.4900016784668,696700,44.88999938964844,44.66999816894531,36.034297943115234
08-10-2007,43.70000076293945,44.66999816894531,351200,44.689998626708984,43.84000015258789,35.36474609375
09-10-2007,43.86000061035156,44.06999969482422,553100,44.5,44.4900016784668,35.88909149169922
10-10-2007,44.459999084472656,44.4900016784668,1343100,47.2400016784668,47.02000045776367,37.929996490478516
11-10-2007,46.79999923706055,47.27000045776367,1065500,48.2400016784668,47.66999816894531,38.45431900024414
12-10-2007,47.189998626708984,47.81999969482422,1504700,48.25,47.56999969482422,38.37366485595703
15-10-2007,46.58000183105469,47.900001525878906,788200,48.369998931884766,47.029998779296875,37.93806076049805
16-10-2007,45.209999084472656,47.029998779296875,1172000,47.189998626708984,45.349998474121094,36.582847595214844
17-10-2007,46.04999923706055,46.45000076293945,869800,47.310001373291016,46.560001373291016,37.55891418457031
18-10-2007,46.04999923706055,46.290000915527344,573400,46.900001525878906,46.56999969482422,37.566986083984375
19-10-2007,46.13999938964844,46.4900016784668,948100,46.900001525878906,46.529998779296875,37.53471374511719
22-10-2007,45.25,45.86000061035156,1471300,47.68000030517578,47.619998931884766,38.41398620605469
23-10-2007,44.13999938964844,44.75,3618300,46.36000061035156,45.70000076293945,36.865169525146484
24-10-2007,45.0099983215332,45.13999938964844,1540000,46.33000183105469,46.22999954223633,37.292728424072266
25-10-2007,45.709999084472656,46.189998626708984,1218400,46.79999923706055,46.650001525878906,37.63152313232422
26-10-2007,45.95000076293945,47.060001373291016,594700,47.119998931884766,46.209999084472656,37.27657699584961
29-10-2007,46.29999923706055,46.58000183105469,561700,46.9900016784668,46.7599983215332,37.72024154663086
30-10-2007,46.709999084472656,46.720001220703125,570900,47.630001068115234,46.83000183105469,37.776729583740234
31-10-2007,46.20000076293945,47.150001525878906,868800,47.880001068115234,47.7599983215332,38.52693557739258
01-11-2007,45.91999816894531,47.130001068115234,1210800,47.15999984741211,46.02000045776367,37.12331771850586
02-11-2007,46.11000061035156,46.47999954223633,1139800,47.61000061035156,47.5,38.317195892333984
05-11-2007,45.70000076293945,46.75,868500,47.41999816894531,46.09000015258789,37.179779052734375
06-11-2007,44.95000076293945,46.04999923706055,747200,46.599998474121094,46.599998474121094,37.5911750793457
07-11-2007,44.7599983215332,46.099998474121094,857300,46.61000061035156,45.0,36.30049514770508
08-11-2007,43.779998779296875,44.939998626708984,1563800,45.619998931884766,44.900001525878906,36.2198371887207
09-11-2007,43.22999954223633,43.97999954223633,852600,44.310001373291016,43.22999954223633,34.87267303466797
12-11-2007,42.29999923706055,43.099998474121094,1058700,44.58000183105469,42.400001525878906,34.20313262939453
13-11-2007,41.88999938964844,42.54999923706055,997800,43.529998779296875,43.02000045776367,34.703269958496094
14-11-2007,42.95000076293945,43.15999984741211,919400,43.810001373291016,43.099998474121094,34.767799377441406
15-11-2007,41.61000061035156,42.86000061035156,1054000,43.0,42.060001373291016,33.92887878417969
16-11-2007,40.779998779296875,42.279998779296875,872500,42.47999954223633,42.0099983215332,33.8885383605957
19-11-2007,40.08000183105469,41.790000915527344,618700,41.790000915527344,40.11000061035156,32.35585021972656
20-11-2007,39.4900016784668,40.2400016784668,866900,41.189998626708984,40.349998474121094,32.549434661865234
21-11-2007,38.75,40.0,664900,40.189998626708984,39.290000915527344,31.69437026977539
23-11-2007,39.2400016784668,39.689998626708984,171400,40.16999816894531,39.849998474121094,32.1461181640625
26-11-2007,38.099998474121094,39.77000045776367,1104000,40.0099983215332,38.15999984741211,30.782825469970703
27-11-2007,38.060001373291016,38.310001373291016,963600,39.150001525878906,38.65999984741211,31.1861572265625
28-11-2007,38.95000076293945,39.150001525878906,1997700,41.86000061035156,41.689998626708984,33.63039779663086
29-11-2007,41.369998931884766,41.380001068115234,2134300,43.310001373291016,42.900001525878906,34.60647201538086
30-11-2007,43.209999084472656,43.31999969482422,1278000,44.13999938964844,44.13999938964844,35.606754302978516
03-12-2007,43.619998931884766,44.31999969482422,1856600,45.11000061035156,44.849998474121094,36.179481506347656
04-12-2007,44.09000015258789,44.40999984741211,1269900,45.09000015258789,44.720001220703125,36.07463073730469
05-12-2007,43.099998474121094,45.220001220703125,1308300,45.2400016784668,43.689998626708984,35.24375534057617
06-12-2007,43.2400016784668,43.540000915527344,1212600,44.34000015258789,43.900001525878906,35.413150787353516
07-12-2007,43.52000045776367,44.06999969482422,556700,44.40999984741211,44.099998474121094,35.57448959350586
10-12-2007,43.150001525878906,44.310001373291016,661900,44.689998626708984,44.25,35.695499420166016
11-12-2007,42.939998626708984,44.400001525878906,592500,44.40999984741211,43.0,34.687129974365234
12-12-2007,42.25,43.689998626708984,685600,44.31999969482422,42.900001525878906,34.69118118286133
13-12-2007,42.16999816894531,42.540000915527344,615500,43.119998931884766,42.84000015258789,34.642669677734375
14-12-2007,41.68000030517578,41.84000015258789,605300,42.58000183105469,42.0099983215332,33.97148895263672
17-12-2007,40.900001525878906,41.83000183105469,636400,41.880001068115234,40.939998626708984,33.10622024536133
18-12-2007,40.20000076293945,41.279998779296875,718900,41.459999084472656,40.779998779296875,32.976844787597656
19-12-2007,40.43000030517578,40.630001068115234,407100,41.18000030517578,40.7599983215332,32.960662841796875
20-12-2007,40.38999938964844,40.97999954223633,479300,41.22999954223633,40.970001220703125,33.1304931640625
21-12-2007,41.66999816894531,41.68000030517578,722800,42.68000030517578,42.29999923706055,34.20600128173828
24-12-2007,41.90999984741211,42.279998779296875,169300,43.060001373291016,42.970001220703125,34.74779510498047
26-12-2007,42.02000045776367,42.70000076293945,234800,42.7400016784668,42.45000076293945,34.32728958129883
27-12-2007,41.290000915527344,42.400001525878906,447800,42.47999954223633,41.58000183105469,33.62376022338867
28-12-2007,41.630001068115234,42.06999969482422,628800,43.459999084472656,42.09000015258789,34.03617477416992
31-12-2007,41.22999954223633,42.119998931884766,426100,42.220001220703125,41.25,33.356903076171875
02-01-2008,40.58000183105469,41.13999938964844,444600,41.150001525878906,40.779998779296875,32.976844787597656
03-01-2008,39.97999954223633,40.70000076293945,809900,40.83000183105469,40.310001373291016,32.59678649902344
04-01-2008,39.560001373291016,39.849998474121094,780500,40.349998474121094,39.63999938964844,32.05497360229492
07-01-2008,39.279998779296875,39.619998931884766,841800,40.83000183105469,39.75,32.14393615722656
08-01-2008,38.380001068115234,39.970001220703125,864800,40.060001373291016,38.61000061035156,31.222064971923828
09-01-2008,36.40999984741211,38.4900016784668,1331000,38.599998474121094,37.400001525878906,30.243600845336914
10-01-2008,36.59000015258789,37.08000183105469,1033700,38.4900016784668,38.040000915527344,30.761144638061523
11-01-2008,37.0,37.790000915527344,610500,38.0,37.349998474121094,30.203163146972656
14-01-2008,37.34000015258789,37.650001525878906,847500,37.97999954223633,37.7400016784668,30.5185489654541
15-01-2008,36.630001068115234,37.2400016784668,852900,37.59000015258789,37.02000045776367,29.936309814453125
16-01-2008,35.939998626708984,36.68000030517578,1209200,36.81999969482422,35.959999084472656,29.07914161682129
17-01-2008,33.70000076293945,36.029998779296875,1771200,36.150001525878906,34.5,27.898509979248047
18-01-2008,33.59000015258789,34.68000030517578,1316700,34.83000183105469,34.119998931884766,27.59122657775879
22-01-2008,31.989999771118164,32.75,1007200,34.70000076293945,34.220001220703125,27.672082901000977
23-01-2008,32.380001068115234,33.45000076293945,1226400,34.060001373291016,33.81999969482422,27.34862518310547
24-01-2008,33.5099983215332,33.970001220703125,2867800,34.529998779296875,34.150001525878906,27.615478515625
25-01-2008,34.650001525878906,34.650001525878906,2194500,37.779998779296875,37.29999923706055,30.1627140045166
28-01-2008,36.81999969482422,37.0,2328900,39.279998779296875,39.09000015258789,31.610210418701172
29-01-2008,33.72999954223633,36.470001220703125,5084200,36.9900016784668,35.36000061035156,28.593950271606445
30-01-2008,35.540000915527344,36.77000045776367,2213700,36.939998626708984,35.599998474121094,28.788015365600586
31-01-2008,34.79999923706055,35.13999938964844,1289800,36.88999938964844,36.25,29.313661575317383
01-02-2008,36.0,36.18000030517578,1059500,37.4900016784668,37.380001068115234,30.227420806884766
04-02-2008,36.849998474121094,37.369998931884766,1975800,39.0,38.29999923706055,30.971389770507812
05-02-2008,36.86000061035156,38.7400016784668,1365500,38.7400016784668,37.099998474121094,30.001005172729492
06-02-2008,37.0,38.20000076293945,1144400,38.20000076293945,37.5099983215332,30.33255386352539
07-02-2008,36.709999084472656,37.54999923706055,1328600,38.11000061035156,38.040000915527344,30.761144638061523
08-02-2008,37.59000015258789,37.970001220703125,1301700,38.15999984741211,38.060001373291016,30.77729034423828
11-02-2008,37.290000915527344,37.95000076293945,832600,38.400001525878906,38.16999816894531,30.866260528564453
12-02-2008,38.439998626708984,38.439998626708984,1793600,40.5099983215332,39.7400016784668,32.1358642578125
13-02-2008,39.63999938964844,40.150001525878906,1059000,40.150001525878906,39.880001068115234,32.24906921386719
14-02-2008,39.150001525878906,39.75,667400,40.2599983215332,39.369998931884766,31.836631774902344
15-02-2008,38.650001525878906,39.08000183105469,668500,39.66999816894531,39.560001373291016,31.990280151367188
19-02-2008,39.720001220703125,40.20000076293945,644400,40.56999969482422,39.93000030517578,32.289485931396484
20-02-2008,39.02000045776367,39.65999984741211,821100,40.2400016784668,40.150001525878906,32.467411041259766
21-02-2008,39.11000061035156,40.400001525878906,479200,40.439998626708984,39.25,31.73961067199707
22-02-2008,37.790000915527344,39.290000915527344,1584000,39.439998626708984,38.20000076293945,30.890525817871094
25-02-2008,38.11000061035156,38.29999923706055,729600,40.349998474121094,40.209999084472656,32.51591873168945
26-02-2008,39.459999084472656,40.119998931884766,786300,40.43000030517578,40.25,32.548255920410156
27-02-2008,39.560001373291016,39.77000045776367,558500,40.599998474121094,39.810001373291016,32.19245147705078
28-02-2008,38.779998779296875,39.68000030517578,463300,40.150001525878906,39.29999923706055,31.780048370361328
29-02-2008,37.75,38.959999084472656,782000,39.18000030517578,37.939998626708984,30.68027114868164
03-03-2008,36.880001068115234,37.630001068115234,791500,37.84000015258789,37.5,30.324459075927734
04-03-2008,36.209999084472656,36.900001525878906,661600,37.45000076293945,37.040000915527344,29.95248794555664
05-03-2008,36.790000915527344,37.060001373291016,466000,37.599998474121094,37.31999969482422,30.17890167236328
06-03-2008,36.5,37.08000183105469,502600,37.560001373291016,36.540000915527344,29.548160552978516
07-03-2008,35.349998474121094,36.43000030517578,633800,36.77000045776367,35.560001373291016,28.75568199157715
10-03-2008,35.13999938964844,35.560001373291016,833900,35.959999084472656,35.27000045776367,28.521167755126953
11-03-2008,36.0099983215332,36.029998779296875,1187500,37.06999969482422,37.06999969482422,29.97674560546875
12-03-2008,36.77000045776367,37.06999969482422,456300,37.83000183105469,37.099998474121094,30.098438262939453
13-03-2008,35.68000030517578,36.61000061035156,607600,37.25,36.97999954223633,30.00107765197754
14-03-2008,34.959999084472656,37.209999084472656,884000,37.209999084472656,35.34000015258789,28.67058753967285
17-03-2008,34.09000015258789,34.52000045776367,1148500,35.45000076293945,34.84000015258789,28.264934539794922
18-03-2008,35.11000061035156,35.349998474121094,532300,36.43000030517578,36.38999938964844,29.522430419921875
19-03-2008,34.63999938964844,36.619998931884766,1099000,37.060001373291016,34.63999938964844,28.102685928344727
20-03-2008,34.119998931884766,34.599998474121094,1219300,34.91999816894531,34.31999969482422,27.843076705932617
24-03-2008,34.099998474121094,34.2599983215332,1257700,35.63999938964844,34.97999954223633,28.3785400390625
25-03-2008,34.40999984741211,34.91999816894531,1675500,35.880001068115234,35.779998779296875,29.027544021606445
26-03-2008,35.20000076293945,35.38999938964844,645100,35.97999954223633,35.810001373291016,29.0518856048584
27-03-2008,35.45000076293945,35.880001068115234,677400,36.58000183105469,36.029998779296875,29.23036766052246
28-03-2008,35.209999084472656,35.970001220703125,426200,36.279998779296875,35.349998474121094,28.678686141967773
31-03-2008,35.4900016784668,35.529998779296875,1043800,36.70000076293945,36.52000045776367,29.62789535522461
01-04-2008,36.349998474121094,37.13999938964844,1050200,37.13999938964844,36.9900016784668,30.009191513061523
02-04-2008,36.650001525878906,36.81999969482422,873300,37.689998626708984,37.0,30.017311096191406
03-04-2008,36.189998626708984,36.81999969482422,915000,37.22999954223633,36.310001373291016,29.45752716064453
04-04-2008,35.540000915527344,36.2400016784668,1267400,36.599998474121094,35.790000915527344,29.035655975341797
07-04-2008,35.439998626708984,36.06999969482422,1458500,36.689998626708984,35.70000076293945,28.96263885498047
08-04-2008,35.439998626708984,35.52000045776367,513600,36.349998474121094,36.25,29.408857345581055
09-04-2008,35.40999984741211,36.25,317900,36.40999984741211,35.59000015258789,28.8734188079834
10-04-2008,35.029998779296875,35.52000045776367,561300,35.709999084472656,35.25,28.597566604614258
11-04-2008,34.72999954223633,34.81999969482422,551800,35.40999984741211,34.93000030517578,28.337963104248047
14-04-2008,34.900001525878906,35.09000015258789,521300,35.560001373291016,35.13999938964844,28.50833511352539
15-04-2008,35.20000076293945,35.279998779296875,736500,35.880001068115234,35.650001525878906,28.922080993652344
16-04-2008,35.880001068115234,35.880001068115234,671400,37.06999969482422,37.029998779296875,30.041645050048828
17-04-2008,36.470001220703125,36.810001373291016,798600,37.15999984741211,36.900001525878906,29.936182022094727
18-04-2008,37.36000061035156,37.369998931884766,625300,38.04999923706055,37.75,30.62577247619629
21-04-2008,38.439998626708984,38.75,1393200,39.439998626708984,39.0,31.639869689941406
22-04-2008,37.29999923706055,39.189998626708984,1623100,39.189998626708984,37.630001068115234,30.528409957885742
23-04-2008,37.65999984741211,37.810001373291016,1178200,38.869998931884766,38.369998931884766,31.12875747680664
24-04-2008,37.11000061035156,38.29999923706055,999200,38.529998779296875,38.209999084472656,30.998950958251953
25-04-2008,37.86000061035156,38.16999816894531,664300,38.58000183105469,38.36000061035156,31.120647430419922
28-04-2008,37.70000076293945,38.189998626708984,461600,38.290000915527344,38.11000061035156,30.91781997680664
29-04-2008,37.06999969482422,37.97999954223633,447800,38.09000015258789,37.400001525878906,30.341821670532227
30-04-2008,37.29999923706055,37.40999984741211,547600,38.060001373291016,37.40999984741211,30.349943161010742
01-05-2008,36.61000061035156,37.400001525878906,553100,37.970001220703125,37.7599983215332,30.63387107849121
02-05-2008,37.459999084472656,37.90999984741211,417300,38.20000076293945,37.75,30.62577247619629
05-05-2008,37.5099983215332,37.5099983215332,601500,38.33000183105469,38.33000183105469,31.09630584716797
06-05-2008,38.02000045776367,38.310001373291016,423800,38.59000015258789,38.25,31.031400680541992
07-05-2008,37.650001525878906,37.65999984741211,1043600,39.13999938964844,38.47999954223633,31.21799087524414
08-05-2008,38.349998474121094,38.7400016784668,785700,39.65999984741211,39.65999984741211,32.17531967163086
09-05-2008,38.540000915527344,39.29999923706055,1662100,40.0,39.83000183105469,32.313228607177734
12-05-2008,40.310001373291016,41.75,1244900,41.75,41.599998474121094,33.74919128417969
13-05-2008,41.81999969482422,41.869998931884766,1198300,42.619998931884766,42.59000015258789,34.55235290527344
14-05-2008,42.4900016784668,42.540000915527344,1962000,44.349998474121094,43.900001525878906,35.61511993408203
15-05-2008,43.439998626708984,44.029998779296875,687700,44.34000015258789,44.29999923706055,35.939640045166016
16-05-2008,42.75,43.849998474121094,1642700,43.939998626708984,43.52000045776367,35.30685043334961
19-05-2008,42.689998626708984,43.59000015258789,1051600,43.59000015258789,42.9900016784668,34.876888275146484
20-05-2008,42.22999954223633,42.86000061035156,679500,43.0,42.7400016784668,34.67404556274414
21-05-2008,42.61000061035156,43.31999969482422,1068100,44.040000915527344,42.72999954223633,34.66592788696289
22-05-2008,42.86000061035156,42.91999816894531,616500,43.939998626708984,43.689998626708984,35.44475555419922
23-05-2008,42.41999816894531,43.630001068115234,423500,43.630001068115234,42.90999984741211,34.81196212768555
27-05-2008,42.279998779296875,42.88999938964844,353400,43.04999923706055,43.0,34.88496780395508
28-05-2008,42.81999969482422,43.209999084472656,366000,43.86000061035156,43.79999923706055,35.534000396728516
29-05-2008,43.79999923706055,43.900001525878906,737300,44.939998626708984,44.400001525878906,36.02075958251953
30-05-2008,44.119998931884766,44.56999969482422,530600,44.63999938964844,44.470001220703125,36.07756423950195
02-06-2008,43.439998626708984,44.20000076293945,475700,44.470001220703125,43.560001373291016,35.33928680419922
03-06-2008,43.11000061035156,43.5,737700,44.0,43.56999969482422,35.347408294677734
04-06-2008,43.40999984741211,43.529998779296875,657000,44.849998474121094,44.58000183105469,36.166805267333984
05-06-2008,44.560001373291016,44.599998474121094,953000,45.900001525878906,45.790000915527344,37.148441314697266
06-06-2008,44.29999923706055,45.36000061035156,967000,45.810001373291016,44.34000015258789,35.97209548950195
09-06-2008,43.5099983215332,44.7599983215332,658200,44.91999816894531,43.79999923706055,35.534000396728516
10-06-2008,42.59000015258789,43.22999954223633,614500,43.40999984741211,42.970001220703125,34.86064529418945
11-06-2008,42.560001373291016,42.77000045776367,484200,43.5099983215332,42.58000183105469,34.640987396240234
12-06-2008,42.900001525878906,42.939998626708984,628400,43.90999984741211,43.380001068115234,35.291831970214844
13-06-2008,43.58000183105469,43.779998779296875,383400,44.529998779296875,44.470001220703125,36.1786003112793
16-06-2008,44.279998779296875,44.349998474121094,585500,44.84000015258789,44.400001525878906,36.12164306640625
17-06-2008,43.7599983215332,44.61000061035156,423900,44.689998626708984,44.4900016784668,36.194862365722656
18-06-2008,43.54999923706055,44.18000030517578,564000,44.63999938964844,44.119998931884766,35.89384078979492
19-06-2008,43.7599983215332,44.0,197800,44.709999084472656,44.380001068115234,36.10537338256836
20-06-2008,43.099998474121094,44.08000183105469,669900,44.34000015258789,43.369998931884766,35.28369140625
23-06-2008,43.58000183105469,43.65999984741211,913200,44.56999969482422,44.34000015258789,36.072837829589844
24-06-2008,42.790000915527344,44.220001220703125,766200,44.540000915527344,42.83000183105469,34.8443717956543
25-06-2008,42.61000061035156,42.900001525878906,1265700,44.310001373291016,44.11000061035156,35.885719299316406
26-06-2008,41.61000061035156,43.40999984741211,1036100,43.5099983215332,41.720001220703125,33.941322326660156
27-06-2008,40.880001068115234,41.560001373291016,1270400,42.099998474121094,40.97999954223633,33.33929443359375
30-06-2008,39.79999923706055,40.279998779296875,1083200,41.0,39.90999984741211,32.46881866455078
01-07-2008,38.83000183105469,39.400001525878906,1086800,40.15999984741211,39.95000076293945,32.501338958740234
02-07-2008,38.83000183105469,39.900001525878906,1148900,40.54999923706055,38.83000183105469,31.59016227722168
03-07-2008,38.0,38.689998626708984,339600,39.130001068115234,38.720001220703125,31.50067710876465
07-07-2008,38.0,39.02000045776367,688500,39.400001525878906,38.279998779296875,31.14271354675293
08-07-2008,37.369998931884766,38.2400016784668,937900,38.77000045776367,38.709999084472656,31.492544174194336
09-07-2008,38.369998931884766,38.95000076293945,745700,39.400001525878906,38.650001525878906,31.443729400634766
10-07-2008,38.65999984741211,38.709999084472656,1464400,42.45000076293945,38.970001220703125,31.704076766967773
11-07-2008,38.25,38.7400016784668,941500,39.70000076293945,38.81999969482422,31.58203125
14-07-2008,38.5099983215332,39.060001373291016,844000,39.43000030517578,38.709999084472656,31.492544174194336
15-07-2008,38.09000015258789,39.220001220703125,825100,40.20000076293945,39.40999984741211,32.0620231628418
16-07-2008,37.849998474121094,39.349998474121094,1016900,39.349998474121094,38.95000076293945,31.687788009643555
17-07-2008,38.93000030517578,39.220001220703125,694000,39.529998779296875,39.20000076293945,31.89117431640625
18-07-2008,38.2599983215332,39.36000061035156,1095000,39.810001373291016,38.79999923706055,31.565773010253906
21-07-2008,35.709999084472656,37.58000183105469,1901900,38.41999816894531,38.380001068115234,31.224063873291016
22-07-2008,36.59000015258789,37.93000030517578,1481200,38.04999923706055,36.849998474121094,29.97933578491211
23-07-2008,36.119998931884766,36.66999816894531,1468500,37.209999084472656,36.75,29.897979736328125
24-07-2008,35.939998626708984,36.72999954223633,676900,37.04999923706055,36.04999923706055,29.328495025634766
25-07-2008,35.79999923706055,36.18000030517578,801300,36.68000030517578,36.599998474121094,29.775941848754883
28-07-2008,35.959999084472656,36.459999084472656,703000,36.810001373291016,36.59000015258789,29.767818450927734
29-07-2008,36.47999954223633,36.61000061035156,889200,37.70000076293945,37.59000015258789,30.581363677978516
30-07-2008,37.7400016784668,37.88999938964844,785000,38.900001525878906,38.81999969482422,31.58203125
31-07-2008,38.45000076293945,38.61000061035156,914000,39.150001525878906,38.93000030517578,31.671527862548828
01-08-2008,38.380001068115234,38.72999954223633,794400,39.16999816894531,38.40999984741211,31.24847984313965
04-08-2008,37.68000030517578,38.4900016784668,813600,38.63999938964844,37.70000076293945,30.670854568481445
05-08-2008,37.81999969482422,38.0,967000,39.7599983215332,39.689998626708984,32.289817810058594
06-08-2008,39.150001525878906,39.58000183105469,629200,40.31999969482422,39.880001068115234,32.44440841674805
07-08-2008,38.869998931884766,39.709999084472656,465900,39.939998626708984,39.220001220703125,31.90744972229004
08-08-2008,38.84000015258789,38.84000015258789,401400,40.349998474121094,40.2599983215332,32.75355529785156
11-08-2008,39.630001068115234,40.40999984741211,573600,40.970001220703125,40.849998474121094,33.23353958129883
12-08-2008,40.27000045776367,40.869998931884766,458100,41.0,40.58000183105469,33.013885498046875
13-08-2008,40.06999969482422,40.5,593900,40.93000030517578,40.79999923706055,33.19285583496094
14-08-2008,40.27000045776367,40.68000030517578,638500,41.02000045776367,40.93000030517578,33.298622131347656
15-08-2008,40.189998626708984,40.81999969482422,353000,40.9900016784668,40.560001373291016,32.99761962890625
18-08-2008,40.290000915527344,40.70000076293945,495200,41.34000015258789,40.40999984741211,32.875579833984375
19-08-2008,38.5099983215332,40.279998779296875,750500,40.279998779296875,38.869998931884766,31.62271499633789
20-08-2008,38.790000915527344,39.060001373291016,447000,39.65999984741211,39.040000915527344,31.76101303100586
21-08-2008,38.66999816894531,38.97999954223633,299700,39.209999084472656,39.02000045776367,31.74475860595703
22-08-2008,39.22999954223633,39.22999954223633,294500,40.04999923706055,40.0,32.542030334472656
25-08-2008,38.65999984741211,39.849998474121094,300400,39.849998474121094,39.11000061035156,31.817970275878906
26-08-2008,38.81999969482422,39.189998626708984,336800,39.439998626708984,39.439998626708984,32.0864372253418
27-08-2008,39.2599983215332,39.369998931884766,758400,40.0,39.7400016784668,32.33052062988281
28-08-2008,40.0099983215332,40.0099983215332,483400,40.83000183105469,40.79999923706055,33.19285583496094
29-08-2008,39.7400016784668,40.66999816894531,351700,40.790000915527344,39.7400016784668,32.33052062988281
02-09-2008,38.959999084472656,39.83000183105469,602600,40.630001068115234,39.099998474121094,31.809831619262695
03-09-2008,37.93000030517578,39.0,661500,39.45000076293945,38.470001220703125,31.29728889465332
04-09-2008,36.939998626708984,38.189998626708984,909700,38.189998626708984,37.189998626708984,30.25594139099121
05-09-2008,35.9900016784668,36.900001525878906,873400,37.189998626708984,37.0099983215332,30.109512329101562
08-09-2008,37.099998474121094,37.63999938964844,669300,38.15999984741211,37.34000015258789,30.37798309326172
09-09-2008,33.790000915527344,37.09000015258789,1846100,37.36000061035156,34.06999969482422,27.717666625976562
10-09-2008,33.75,34.20000076293945,1616100,34.61000061035156,34.380001068115234,27.969871520996094
11-09-2008,34.7400016784668,35.81999969482422,2194100,35.95000076293945,35.439998626708984,28.9332218170166
12-09-2008,35.060001373291016,35.18000030517578,763500,36.11000061035156,36.029998779296875,29.414894104003906
15-09-2008,34.33000183105469,34.65999984741211,776000,36.119998931884766,34.4900016784668,28.15764045715332
16-09-2008,33.349998474121094,34.0099983215332,1289800,36.029998779296875,35.90999984741211,29.316919326782227
17-09-2008,33.34000015258789,35.34000015258789,1072300,35.72999954223633,33.34000015258789,27.218778610229492
18-09-2008,32.02000045776367,33.75,1518600,34.2599983215332,32.900001525878906,26.859569549560547
19-09-2008,34.47999954223633,34.81999969482422,2029500,36.29999923706055,36.150001525878906,29.512868881225586
22-09-2008,34.290000915527344,36.150001525878906,666600,36.29999923706055,34.459999084472656,28.133148193359375
23-09-2008,33.790000915527344,34.5,725900,34.83000183105469,34.09000015258789,27.831079483032227
24-09-2008,33.720001220703125,34.279998779296875,962500,35.34000015258789,34.810001373291016,28.41887855529785
25-09-2008,34.560001373291016,35.040000915527344,750900,35.470001220703125,35.20000076293945,28.73728370666504
26-09-2008,33.7599983215332,34.61000061035156,528700,34.880001068115234,34.29999923706055,28.002517700195312
29-09-2008,29.729999542236328,33.689998626708984,1304100,33.70000076293945,29.920000076293945,24.42669105529785
30-09-2008,29.709999084472656,30.549999237060547,1131800,31.469999313354492,30.84000015258789,25.177778244018555
01-10-2008,29.790000915527344,30.600000381469727,836200,30.8799991607666,30.0,24.492002487182617
02-10-2008,27.920000076293945,30.899999618530273,1325000,30.899999618530273,28.260000228881836,23.071470260620117
03-10-2008,27.950000762939453,28.729999542236328,820900,29.719999313354492,28.110000610351562,22.949010848999023
06-10-2008,24.229999542236328,27.25,1617400,27.56999969482422,26.43000030517578,21.57745361328125
07-10-2008,23.950000762939453,26.6299991607666,1315000,26.760000228881836,23.950000762939453,19.55277442932129
08-10-2008,23.0,23.600000381469727,2175700,26.530000686645508,25.040000915527344,20.442663192749023
09-10-2008,23.299999237060547,25.239999771118164,1562200,26.309999465942383,23.399999618530273,19.103763580322266
10-10-2008,20.989999771118164,23.899999618530273,1922000,25.270000457763672,22.510000228881836,18.377168655395508
13-10-2008,23.479999542236328,23.610000610351562,1204000,25.81999969482422,25.81999969482422,21.079448699951172
14-10-2008,24.670000076293945,26.540000915527344,1130200,27.81999969482422,25.479999542236328,20.80187225341797
15-10-2008,22.739999771118164,25.479999542236328,848400,25.479999542236328,22.770000457763672,18.589426040649414
16-10-2008,21.510000228881836,22.90999984741211,758200,24.299999237060547,24.209999084472656,19.765043258666992
17-10-2008,23.1299991607666,23.290000915527344,1031300,24.790000915527344,23.469999313354492,19.16090965270996
20-10-2008,23.59000015258789,23.59000015258789,622100,24.719999313354492,24.719999313354492,20.181413650512695
21-10-2008,22.719999313354492,24.209999084472656,904900,24.31999969482422,23.25,18.98129653930664
22-10-2008,21.5,22.510000228881836,1314500,23.010000228881836,21.899999618530273,17.879161834716797
23-10-2008,20.959999084472656,22.139999389648438,1302800,22.8700008392334,21.649999618530273,17.675064086914062
24-10-2008,20.110000610351562,20.110000610351562,1010300,21.790000915527344,20.920000076293945,17.079086303710938
27-10-2008,19.059999465942383,20.0,1268400,20.610000610351562,19.059999465942383,15.560582160949707
28-10-2008,18.969999313354492,19.600000381469727,1953200,20.8700008392334,20.690000534057617,16.891311645507812
29-10-2008,20.520000457763672,20.600000381469727,1481000,22.43000030517578,21.899999618530273,17.879161834716797
30-10-2008,22.040000915527344,22.520000457763672,1001300,23.65999984741211,23.579999923706055,19.250713348388672
31-10-2008,22.75,23.40999984741211,900600,24.690000534057617,24.350000381469727,19.879343032836914
03-11-2008,24.100000381469727,24.280000686645508,990900,25.8799991607666,24.920000076293945,20.34468650817871
04-11-2008,24.950000762939453,25.459999084472656,623900,26.18000030517578,26.1299991607666,21.33253288269043
05-11-2008,24.3700008392334,25.850000381469727,637300,26.280000686645508,24.420000076293945,19.936494827270508
06-11-2008,23.8700008392334,24.260000228881836,879800,24.760000228881836,23.920000076293945,19.528289794921875
07-11-2008,23.969999313354492,24.020000457763672,523300,25.079999923706055,24.739999771118164,20.19773292541504
10-11-2008,24.1299991607666,25.329999923706055,621600,25.530000686645508,24.479999542236328,19.985475540161133
11-11-2008,23.239999771118164,24.200000762939453,980400,24.809999465942383,23.6200008392334,19.28337287902832
12-11-2008,21.68000030517578,22.8799991607666,738100,23.280000686645508,21.68000030517578,17.699554443359375
13-11-2008,21.18000030517578,21.90999984741211,972000,24.360000610351562,24.360000610351562,19.887500762939453
14-11-2008,22.489999771118164,24.010000228881836,524800,24.309999465942383,22.600000381469727,18.450639724731445
17-11-2008,22.25,22.40999984741211,637300,23.510000228881836,22.520000457763672,18.385332107543945
18-11-2008,20.190000534057617,21.610000610351562,1337700,22.219999313354492,21.040000915527344,17.177061080932617
19-11-2008,18.860000610351562,20.979999542236328,1040800,21.559999465942383,18.8799991607666,15.413627624511719
20-11-2008,16.3700008392334,18.530000686645508,1384000,18.760000228881836,16.459999084472656,13.437948226928711
21-11-2008,16.15999984741211,16.90999984741211,1181000,18.31999969482422,18.290000915527344,14.931961059570312
24-11-2008,18.31999969482422,18.510000228881836,1311700,19.770000457763672,19.219999313354492,15.691205024719238
25-11-2008,17.850000381469727,19.3799991607666,1631700,19.549999237060547,18.3799991607666,15.00543212890625
26-11-2008,18.0,18.1299991607666,1079500,19.790000915527344,19.739999771118164,16.115739822387695
28-11-2008,19.690000534057617,20.040000915527344,471700,20.489999771118164,20.329999923706055,16.5974178314209
01-12-2008,17.399999618530273,19.979999542236328,862900,19.979999542236328,17.450000762939453,14.24617862701416
02-12-2008,17.65999984741211,17.770000457763672,649800,18.530000686645508,18.510000228881836,15.111565589904785
03-12-2008,17.610000610351562,18.010000228881836,750900,19.299999237060547,19.18000030517578,15.658550262451172
04-12-2008,17.43000030517578,18.709999084472656,663000,19.100000381469727,17.8799991607666,14.597232818603516
05-12-2008,16.75,17.739999771118164,724700,18.459999084472656,18.40999984741211,15.029928207397461
08-12-2008,18.950000762939453,19.110000610351562,834400,20.420000076293945,20.200000762939453,16.491283416748047
09-12-2008,19.850000381469727,19.899999618530273,643500,21.06999969482422,20.0,16.328006744384766
10-12-2008,20.1299991607666,20.190000534057617,585300,21.31999969482422,20.969999313354492,17.119911193847656
11-12-2008,19.200000762939453,20.90999984741211,561100,21.5,19.43000030517578,15.95395278930664
12-12-2008,18.649999618530273,19.09000015258789,660800,20.6200008392334,20.280000686645508,16.65188980102539
15-12-2008,18.670000076293945,20.43000030517578,896000,20.780000686645508,18.940000534057617,15.551612854003906
16-12-2008,19.200000762939453,19.200000762939453,1355400,20.229999542236328,19.690000534057617,16.167438507080078
17-12-2008,18.969999313354492,19.329999923706055,1429600,19.6200008392334,19.34000015258789,15.880050659179688
18-12-2008,17.850000381469727,19.510000228881836,1875600,19.510000228881836,18.350000381469727,15.067163467407227
19-12-2008,17.93000030517578,18.260000228881836,2404000,19.6299991607666,19.280000686645508,15.830780029296875
22-12-2008,18.979999542236328,19.450000762939453,1495000,19.729999542236328,19.6299991607666,16.118165969848633
23-12-2008,19.170000076293945,19.950000762939453,908700,20.1299991607666,19.450000762939453,15.970379829406738
24-12-2008,18.959999084472656,19.479999542236328,240200,19.479999542236328,19.25,15.806151390075684
26-12-2008,19.139999389648438,19.40999984741211,238500,19.739999771118164,19.700000762939453,16.17565155029297
29-12-2008,18.969999313354492,19.639999389648438,458700,19.68000030517578,19.3700008392334,15.904683113098145
30-12-2008,19.450000762939453,19.5,666100,20.950000762939453,20.670000076293945,16.972108840942383
31-12-2008,20.709999084472656,21.0,1122000,22.5,22.299999237060547,18.310504913330078
02-01-2009,21.760000228881836,22.239999771118164,687100,23.18000030517578,23.100000381469727,18.967382431030273
05-01-2009,22.530000686645508,22.920000076293945,898900,23.280000686645508,23.0,18.885271072387695
06-01-2009,23.100000381469727,23.280000686645508,886900,24.559999465942383,24.1299991607666,19.813106536865234
07-01-2009,23.219999313354492,23.940000534057617,563800,24.079999923706055,23.389999389648438,19.205501556396484
08-01-2009,23.209999084472656,23.280000686645508,621200,24.139999389648438,23.989999771118164,19.69816017150879
09-01-2009,22.559999465942383,23.889999389648438,494300,23.989999771118164,23.139999389648438,19.000228881835938
12-01-2009,22.020000457763672,22.989999771118164,465600,23.219999313354492,22.309999465942383,18.318710327148438
13-01-2009,21.790000915527344,21.790000915527344,495400,22.780000686645508,22.399999618530273,18.392610549926758
14-01-2009,21.459999084472656,21.899999618530273,790700,22.270000457763672,21.989999771118164,18.05596351623535
15-01-2009,21.270000457763672,21.940000534057617,674500,22.950000762939453,22.739999771118164,18.67178726196289
16-01-2009,22.049999237060547,23.25,632200,23.399999618530273,22.6299991607666,18.581466674804688
20-01-2009,21.079999923706055,22.15999984741211,868300,22.600000381469727,21.139999389648438,17.3580265045166
21-01-2009,21.219999313354492,21.479999542236328,739800,22.3799991607666,22.350000381469727,18.351566314697266
22-01-2009,21.420000076293945,21.979999542236328,710900,22.489999771118164,22.059999465942383,18.113439559936523
23-01-2009,21.049999237060547,21.420000076293945,545900,22.75,22.40999984741211,18.40082359313965
26-01-2009,22.239999771118164,22.3700008392334,1103100,23.6299991607666,22.5,18.474720001220703
27-01-2009,20.31999969482422,21.510000228881836,1592400,22.81999969482422,21.260000228881836,17.456560134887695
28-01-2009,21.59000015258789,22.059999465942383,1239100,23.209999084472656,23.0,18.885271072387695
29-01-2009,22.030000686645508,22.549999237060547,1301900,23.110000610351562,22.5,18.474720001220703
30-01-2009,21.940000534057617,22.780000686645508,968800,23.100000381469727,22.25,18.269451141357422
02-02-2009,21.65999984741211,21.8700008392334,978600,22.90999984741211,21.979999542236328,18.047752380371094
03-02-2009,21.989999771118164,22.149999618530273,931100,22.959999084472656,22.770000457763672,18.69641876220703
04-02-2009,22.770000457763672,22.920000076293945,889700,23.739999771118164,23.190000534057617,19.041284561157227
05-02-2009,22.920000076293945,23.059999465942383,749500,24.25,23.899999618530273,19.6242618560791
06-02-2009,23.889999389648438,24.030000686645508,940600,24.770000457763672,24.459999084472656,20.084074020385742
09-02-2009,23.959999084472656,24.31999969482422,625600,24.959999084472656,24.3700008392334,20.010177612304688
10-02-2009,22.989999771118164,24.049999237060547,816300,24.6200008392334,23.1299991607666,18.992013931274414
11-02-2009,22.709999084472656,23.290000915527344,594600,23.84000015258789,23.270000457763672,19.10696792602539
12-02-2009,22.389999389648438,22.799999237060547,951300,23.610000610351562,23.540000915527344,19.328670501708984
13-02-2009,22.940000534057617,23.670000076293945,1062400,24.040000915527344,22.950000762939453,18.84421157836914
17-02-2009,21.43000030517578,22.790000915527344,1489500,22.790000915527344,21.530000686645508,17.678260803222656
18-02-2009,20.8700008392334,21.75,1149600,21.790000915527344,21.0,17.24307632446289
19-02-2009,20.59000015258789,21.549999237060547,720300,21.549999237060547,20.690000534057617,16.988527297973633
20-02-2009,19.510000228881836,20.229999542236328,1982600,20.489999771118164,20.200000762939453,16.58619499206543
23-02-2009,18.600000381469727,20.350000381469727,1155700,20.649999618530273,18.770000457763672,15.412026405334473
24-02-2009,18.719999313354492,19.0,1570200,20.030000686645508,19.920000076293945,16.356285095214844
25-02-2009,18.8700008392334,19.780000686645508,731700,19.829999923706055,19.1200008392334,15.69941234588623
26-02-2009,18.670000076293945,19.389999389648438,745300,19.8700008392334,18.739999771118164,15.387393951416016
27-02-2009,18.18000030517578,18.280000686645508,1930700,19.770000457763672,19.350000381469727,15.888262748718262
02-03-2009,18.219999313354492,18.850000381469727,1581900,19.260000228881836,18.309999465942383,15.034317016601562
03-03-2009,17.18000030517578,18.700000762939453,3037200,19.0,17.450000762939453,14.328174591064453
04-03-2009,17.110000610351562,18.34000015258789,2985600,18.34000015258789,17.200000762939453,14.122899055480957
05-03-2009,15.65999984741211,16.850000381469727,1812200,17.170000076293945,15.8100004196167,12.981571197509766
06-03-2009,15.539999961853027,16.040000915527344,1164900,16.350000381469727,16.170000076293945,13.277166366577148
09-03-2009,15.920000076293945,15.920000076293945,1150700,16.559999465942383,16.09000015258789,13.211483001708984
10-03-2009,16.360000610351562,16.469999313354492,1148000,17.209999084472656,17.139999389648438,14.073633193969727
11-03-2009,16.760000228881836,17.239999771118164,1052000,17.780000686645508,17.610000610351562,14.565773010253906
12-03-2009,17.190000534057617,17.520000457763672,1573500,18.170000076293945,18.0,14.88835334777832
13-03-2009,17.790000915527344,18.1200008392334,960100,18.34000015258789,18.209999084472656,15.062053680419922
16-03-2009,18.18000030517578,18.399999618530273,893100,18.979999542236328,18.25,15.09514331817627
17-03-2009,18.139999389648438,18.290000915527344,1133600,19.459999084472656,19.459999084472656,16.095970153808594
18-03-2009,19.020000457763672,19.399999618530273,1456900,20.510000228881836,20.389999389648438,16.865201950073242
19-03-2009,19.93000030517578,20.670000076293945,1241200,20.860000610351562,20.420000076293945,16.8900203704834
20-03-2009,19.809999465942383,20.510000228881836,955600,20.760000228881836,20.079999923706055,16.60879135131836
23-03-2009,20.34000015258789,20.34000015258789,869800,21.979999542236328,21.979999542236328,18.18033790588379
24-03-2009,21.559999465942383,21.6299991607666,967700,22.469999313354492,21.959999084472656,18.16379737854004
25-03-2009,21.059999465942383,22.1299991607666,967700,22.709999084472656,21.940000534057617,18.147254943847656
26-03-2009,22.110000610351562,22.239999771118164,1160600,22.690000534057617,22.649999618530273,18.734514236450195
27-03-2009,21.6200008392334,22.329999923706055,865100,22.43000030517578,21.81999969482422,18.04800033569336
30-03-2009,20.649999618530273,20.93000030517578,635900,21.40999984741211,21.34000015258789,17.650964736938477
31-03-2009,21.3799991607666,21.65999984741211,908600,22.149999618530273,21.770000457763672,18.006635665893555
01-04-2009,20.989999771118164,21.290000915527344,855600,22.6299991607666,22.450000762939453,18.569089889526367
02-04-2009,23.030000686645508,23.399999618530273,1289700,24.3700008392334,23.950000762939453,19.80979347229004
03-04-2009,23.719999313354492,23.899999618530273,1088100,24.889999389648438,24.8700008392334,20.570755004882812
06-04-2009,24.229999542236328,24.520000457763672,1069700,24.829999923706055,24.739999771118164,20.463218688964844
07-04-2009,23.700000762939453,24.190000534057617,601900,24.479999542236328,23.760000228881836,19.652629852294922
08-04-2009,23.56999969482422,23.93000030517578,659700,24.780000686645508,24.639999389648438,20.380510330200195
09-04-2009,25.34000015258789,25.399999618530273,937600,26.040000915527344,25.809999465942383,21.348247528076172
13-04-2009,25.15999984741211,25.860000610351562,407500,26.06999969482422,25.940000534057617,21.455780029296875
14-04-2009,26.219999313354492,26.600000381469727,1214400,27.719999313354492,26.290000915527344,21.74527359008789
15-04-2009,23.65999984741211,25.290000915527344,1252200,25.440000534057617,25.3700008392334,20.98431396484375
16-04-2009,25.329999923706055,25.420000076293945,765500,26.809999465942383,26.549999237060547,21.960323333740234
17-04-2009,25.940000534057617,26.510000228881836,702500,26.68000030517578,26.520000457763672,21.935518264770508
20-04-2009,24.639999389648438,26.18000030517578,698000,26.290000915527344,24.729999542236328,20.45494270324707
21-04-2009,24.40999984741211,24.43000030517578,1113700,25.450000762939453,25.450000762939453,21.050485610961914
22-04-2009,24.719999313354492,24.979999542236328,592500,26.280000686645508,25.5,21.091842651367188
23-04-2009,25.139999389648438,25.530000686645508,508000,25.940000534057617,25.75,21.298622131347656
24-04-2009,25.989999771118164,25.989999771118164,903600,27.309999465942383,27.200000762939453,22.497968673706055
27-04-2009,26.739999771118164,26.81999969482422,1100300,27.450000762939453,27.0,22.332530975341797
28-04-2009,25.360000610351562,26.610000610351562,1181100,26.610000610351562,25.809999465942383,21.348247528076172
29-04-2009,25.56999969482422,25.809999465942383,656600,26.549999237060547,26.34000015258789,21.7866268157959
30-04-2009,26.40999984741211,26.549999237060547,1035000,27.809999465942383,26.81999969482422,22.183656692504883
01-05-2009,26.600000381469727,27.020000457763672,741400,27.190000534057617,26.920000076293945,22.2663631439209
04-05-2009,27.190000534057617,27.190000534057617,672300,28.43000030517578,28.43000030517578,23.51533317565918
05-05-2009,27.729999542236328,28.3700008392334,620600,28.610000610351562,27.969999313354492,23.134849548339844
06-05-2009,27.290000915527344,28.43000030517578,830900,28.440000534057617,27.65999984741211,22.878446578979492
07-05-2009,26.25,28.309999465942383,630400,28.309999465942383,26.559999465942383,21.96859359741211
08-05-2009,26.790000915527344,26.8700008392334,377600,27.860000610351562,27.799999237060547,22.99424171447754
11-05-2009,26.6200008392334,27.100000381469727,392700,27.3700008392334,26.790000915527344,22.158832550048828
12-05-2009,26.149999618530273,27.059999465942383,574000,27.190000534057617,26.760000228881836,22.134021759033203
13-05-2009,25.079999923706055,26.239999771118164,628900,26.440000534057617,25.350000381469727,20.967771530151367
14-05-2009,25.06999969482422,25.56999969482422,596500,26.43000030517578,26.190000534057617,21.66255760192871
15-05-2009,25.600000381469727,25.829999923706055,1147200,26.719999313354492,26.65999984741211,22.051311492919922
18-05-2009,26.489999771118164,26.8700008392334,796700,27.329999923706055,27.31999969482422,22.597217559814453
19-05-2009,26.860000610351562,27.09000015258789,657600,27.59000015258789,27.059999465942383,22.38216209411621
20-05-2009,27.399999618530273,27.450000762939453,1867900,29.459999084472656,28.559999465942383,23.622859954833984
21-05-2009,27.25,28.049999237060547,948300,28.09000015258789,27.549999237060547,22.787458419799805
22-05-2009,27.110000610351562,27.610000610351562,617900,27.649999618530273,27.299999237060547,22.580677032470703
26-05-2009,26.790000915527344,26.959999084472656,842400,28.329999923706055,28.040000915527344,23.192750930786133
27-05-2009,27.31999969482422,27.899999618530273,655400,28.15999984741211,27.40999984741211,22.671661376953125
28-05-2009,27.200000762939453,27.540000915527344,597500,28.1200008392334,27.8700008392334,23.05213737487793
29-05-2009,27.719999313354492,28.040000915527344,564800,28.309999465942383,28.219999313354492,23.34163475036621
01-06-2009,28.649999618530273,28.729999542236328,736800,29.809999465942383,29.709999084472656,24.574052810668945
02-06-2009,29.3700008392334,29.3700008392334,1004100,30.0,29.479999542236328,24.38382339477539
03-06-2009,28.260000228881836,29.190000534057617,708700,29.31999969482422,28.670000076293945,23.713844299316406
04-06-2009,28.40999984741211,28.809999465942383,596300,29.110000610351562,29.059999465942383,24.036426544189453
05-06-2009,28.719999313354492,29.270000457763672,677900,29.489999771118164,29.0,23.986793518066406
08-06-2009,27.84000015258789,28.860000610351562,1001400,28.860000610351562,27.90999984741211,23.085233688354492
09-06-2009,27.670000076293945,28.1299991607666,614000,28.290000915527344,28.040000915527344,23.192750930786133
10-06-2009,27.219999313354492,28.260000228881836,500600,28.479999542236328,27.799999237060547,22.99424171447754
11-06-2009,27.760000228881836,27.809999465942383,604900,28.84000015258789,28.670000076293945,23.820959091186523
12-06-2009,27.670000076293945,28.34000015258789,320200,28.43000030517578,28.100000381469727,23.34735870361328
15-06-2009,26.540000915527344,27.75,345800,27.75,26.920000076293945,22.366931915283203
16-06-2009,26.1299991607666,27.049999237060547,450600,27.229999542236328,26.139999389648438,21.71885871887207
17-06-2009,25.450000762939453,26.079999923706055,448400,26.600000381469727,26.1299991607666,21.710548400878906
18-06-2009,25.84000015258789,26.079999923706055,342300,26.510000228881836,26.360000610351562,21.901649475097656
19-06-2009,26.010000228881836,26.65999984741211,346800,26.959999084472656,26.280000686645508,21.835182189941406
22-06-2009,24.639999389648438,25.8799991607666,576300,25.899999618530273,24.649999618530273,20.480867385864258
23-06-2009,24.360000610351562,24.68000030517578,375900,24.979999542236328,24.649999618530273,20.480867385864258
24-06-2009,24.450000762939453,24.93000030517578,585300,25.229999542236328,24.600000381469727,20.439327239990234
25-06-2009,24.31999969482422,24.549999237060547,595600,25.280000686645508,25.149999618530273,20.896303176879883
26-06-2009,24.6200008392334,24.889999389648438,1580400,25.440000534057617,25.31999969482422,21.03754997253418
29-06-2009,25.100000381469727,25.309999465942383,471100,25.969999313354492,25.84000015258789,21.469602584838867
30-06-2009,25.469999313354492,25.729999542236328,720400,26.059999465942383,25.56999969482422,21.245264053344727
01-07-2009,25.65999984741211,25.739999771118164,737200,26.420000076293945,25.719999313354492,21.36989402770996
02-07-2009,24.65999984741211,25.290000915527344,337300,25.290000915527344,24.81999969482422,20.622108459472656
06-07-2009,24.09000015258789,24.510000228881836,422100,24.920000076293945,24.8799991607666,20.671966552734375
07-07-2009,23.790000915527344,24.780000686645508,526200,24.84000015258789,23.799999237060547,19.774625778198242
08-07-2009,23.309999465942383,23.920000076293945,610300,24.059999465942383,23.559999465942383,19.575225830078125
09-07-2009,23.389999389648438,23.700000762939453,434600,23.979999542236328,23.68000030517578,19.674928665161133
10-07-2009,23.389999389648438,23.389999389648438,410300,24.010000228881836,23.75,19.73308563232422
13-07-2009,23.469999313354492,24.010000228881836,626600,24.520000457763672,24.40999984741211,20.28145980834961
14-07-2009,24.139999389648438,24.31999969482422,384000,24.56999969482422,24.56999969482422,20.414398193359375
15-07-2009,24.979999542236328,24.979999542236328,656400,25.940000534057617,25.90999984741211,21.527759552001953
16-07-2009,25.739999771118164,25.809999465942383,507500,26.739999771118164,26.579999923706055,22.084442138671875
17-07-2009,26.1299991607666,26.56999969482422,340700,26.579999923706055,26.209999084472656,21.77701759338379
20-07-2009,26.09000015258789,26.270000457763672,578000,26.770000457763672,26.3799991607666,21.91826629638672
21-07-2009,25.68000030517578,26.670000076293945,771800,26.760000228881836,26.350000381469727,21.89334487915039
22-07-2009,25.920000076293945,26.049999237060547,807700,27.450000762939453,27.190000534057617,22.591266632080078
23-07-2009,27.719999313354492,27.719999313354492,1973100,30.6299991607666,30.149999618530273,25.050640106201172
24-07-2009,29.68000030517578,29.920000076293945,556600,30.489999771118164,30.399999618530273,25.258352279663086
27-07-2009,29.739999771118164,30.219999313354492,772000,30.989999771118164,29.920000076293945,24.859539031982422
28-07-2009,29.350000381469727,29.65999984741211,562400,30.110000610351562,29.969999313354492,24.901077270507812
29-07-2009,29.520000457763672,29.6299991607666,462200,30.049999237060547,29.6299991607666,24.618589401245117
30-07-2009,29.829999923706055,29.8799991607666,544400,30.559999465942383,29.989999771118164,24.917699813842773
31-07-2009,29.6299991607666,29.920000076293945,668100,30.299999237060547,29.709999084472656,24.685047149658203
03-08-2009,29.959999084472656,30.020000457763672,647900,30.649999618530273,30.649999618530273,25.46607208251953
04-08-2009,30.290000915527344,30.3700008392334,483700,31.15999984741211,30.940000534057617,25.707021713256836
05-08-2009,30.350000381469727,30.850000381469727,422300,31.299999237060547,30.84000015258789,25.623937606811523
06-08-2009,31.469999313354492,31.950000762939453,1517600,32.119998931884766,31.899999618530273,26.504650115966797
07-08-2009,31.959999084472656,32.36000061035156,648200,32.47999954223633,32.04999923706055,26.629287719726562
10-08-2009,31.270000457763672,31.719999313354492,396900,31.860000610351562,31.700000762939453,26.338478088378906
11-08-2009,31.239999771118164,31.6299991607666,592100,31.809999465942383,31.649999618530273,26.29693603515625
12-08-2009,31.56999969482422,31.56999969482422,901000,32.72999954223633,32.439998626708984,26.953325271606445
13-08-2009,32.02000045776367,32.58000183105469,545400,32.650001525878906,32.25,26.795455932617188
14-08-2009,30.920000076293945,32.130001068115234,695100,32.130001068115234,31.59000015258789,26.24708366394043
17-08-2009,30.299999237060547,30.729999542236328,430000,31.030000686645508,30.459999084472656,25.308202743530273
18-08-2009,30.5,30.6200008392334,341000,31.309999465942383,30.889999389648438,25.66547393798828
19-08-2009,30.1299991607666,30.360000610351562,612500,31.540000915527344,30.959999084472656,25.723636627197266
20-08-2009,30.799999237060547,30.860000610351562,313500,31.25,31.149999618530273,25.881500244140625
21-08-2009,31.270000457763672,31.270000457763672,704700,32.2599983215332,32.150001525878906,26.712369918823242
24-08-2009,32.09000015258789,32.34000015258789,820400,32.709999084472656,32.41999816894531,26.936697006225586
25-08-2009,32.18000030517578,32.619998931884766,642000,32.810001373291016,32.36000061035156,26.88685417175293
26-08-2009,32.029998779296875,32.209999084472656,738900,32.86000061035156,32.33000183105469,26.861923217773438
27-08-2009,31.559999465942383,32.38999938964844,508300,32.689998626708984,32.209999084472656,26.76222038269043
28-08-2009,32.209999084472656,32.36000061035156,535300,32.77000045776367,32.41999816894531,26.936697006225586
31-08-2009,31.850000381469727,31.969999313354492,551300,32.36000061035156,32.22999954223633,26.778844833374023
01-09-2009,30.84000015258789,32.11000061035156,701900,32.75,30.920000076293945,25.690397262573242
02-09-2009,30.600000381469727,30.829999923706055,534100,31.700000762939453,31.389999389648438,26.080909729003906
03-09-2009,30.959999084472656,31.5,388900,31.860000610351562,31.829999923706055,26.446491241455078
04-09-2009,31.40999984741211,31.829999923706055,334200,32.33000183105469,32.31999969482422,26.853618621826172
08-09-2009,32.72999954223633,32.72999954223633,1188400,33.93000030517578,33.349998474121094,27.709415435791016
09-09-2009,33.25,33.400001525878906,905400,34.31999969482422,34.22999954223633,28.440568923950195
10-09-2009,33.459999084472656,34.099998474121094,725000,34.220001220703125,34.189998626708984,28.40733528137207
11-09-2009,33.15999984741211,34.2400016784668,673400,34.2599983215332,33.779998779296875,28.169673919677734
14-09-2009,33.349998474121094,33.439998626708984,462700,34.18000030517578,34.13999938964844,28.469873428344727
15-09-2009,33.97999954223633,34.02000045776367,846600,34.9900016784668,34.720001220703125,28.95356559753418
16-09-2009,34.52000045776367,34.939998626708984,550900,35.22999954223633,35.130001068115234,29.295461654663086
17-09-2009,34.540000915527344,34.95000076293945,559400,35.2400016784668,34.619998931884766,28.87016487121582
18-09-2009,34.369998931884766,34.7599983215332,601600,34.959999084472656,34.52000045776367,28.78678321838379
21-09-2009,34.029998779296875,34.150001525878906,415500,35.08000183105469,34.77000045776367,28.995256423950195
22-09-2009,34.41999816894531,35.099998474121094,532400,35.099998474121094,35.0,29.187042236328125
23-09-2009,34.290000915527344,35.20000076293945,540700,35.400001525878906,34.290000915527344,28.594970703125
24-09-2009,33.220001220703125,34.470001220703125,443700,34.65999984741211,33.720001220703125,28.119630813598633
25-09-2009,33.02000045776367,33.650001525878906,294900,33.83000183105469,33.06999969482422,27.57759666442871
28-09-2009,33.13999938964844,33.150001525878906,447300,34.41999816894531,34.029998779296875,28.378150939941406
29-09-2009,33.790000915527344,34.06999969482422,324200,34.31999969482422,34.0099983215332,28.36147117614746
30-09-2009,33.400001525878906,33.959999084472656,1283600,34.90999984741211,34.599998474121094,28.85348129272461
01-10-2009,32.529998779296875,34.40999984741211,870100,34.439998626708984,32.560001373291016,27.15228843688965
02-10-2009,31.600000381469727,32.04999923706055,999200,32.369998931884766,31.760000228881836,26.485166549682617
05-10-2009,31.8799991607666,31.959999084472656,814700,33.04999923706055,33.0099983215332,27.527551651000977
06-10-2009,33.150001525878906,33.41999816894531,546300,34.150001525878906,33.54999923706055,27.977869033813477
07-10-2009,33.04999923706055,33.5,284600,33.790000915527344,33.36000061035156,27.819427490234375
08-10-2009,33.290000915527344,33.75,569800,33.880001068115234,33.5,27.936172485351562
09-10-2009,33.11000061035156,33.33000183105469,343500,33.529998779296875,33.400001525878906,27.852785110473633
12-10-2009,33.540000915527344,33.66999816894531,295600,34.13999938964844,33.810001373291016,28.1946964263916
13-10-2009,33.279998779296875,33.619998931884766,383200,34.18000030517578,33.84000015258789,28.219697952270508
14-10-2009,34.20000076293945,34.439998626708984,649300,35.09000015258789,35.0,29.187042236328125
15-10-2009,34.4900016784668,34.70000076293945,432900,35.2599983215332,35.189998626708984,29.345495223999023
16-10-2009,34.16999816894531,34.900001525878906,568800,34.900001525878906,34.41999816894531,28.70337677001953
19-10-2009,34.38999938964844,34.58000183105469,469100,35.2400016784668,34.810001373291016,29.028615951538086
20-10-2009,34.029998779296875,34.970001220703125,483200,34.97999954223633,34.369998931884766,28.66168785095215
21-10-2009,33.849998474121094,34.150001525878906,487500,35.0,33.90999984741211,28.278079986572266
22-10-2009,33.38999938964844,33.95000076293945,556600,34.54999923706055,34.5099983215332,28.778413772583008
23-10-2009,33.939998626708984,34.59000015258789,798200,34.70000076293945,34.560001373291016,28.820131301879883
26-10-2009,33.34000015258789,34.470001220703125,1195800,35.310001373291016,33.91999816894531,28.286426544189453
27-10-2009,32.09000015258789,33.400001525878906,1944900,33.95000076293945,33.02000045776367,27.535903930664062
28-10-2009,31.81999969482422,33.41999816894531,1178600,33.91999816894531,31.860000610351562,26.568552017211914
29-10-2009,32.02000045776367,32.09000015258789,753400,33.38999938964844,33.18000030517578,27.6693172454834
30-10-2009,31.209999084472656,32.90999984741211,1234100,33.16999816894531,31.579999923706055,26.33505630493164
02-11-2009,31.0,31.75,825900,32.310001373291016,31.700000762939453,26.435131072998047
03-11-2009,31.100000381469727,31.479999542236328,551900,32.2400016784668,32.13999938964844,26.80204963684082
04-11-2009,31.559999465942383,32.45000076293945,688200,32.630001068115234,31.649999618530273,26.3934268951416
05-11-2009,31.860000610351562,31.940000534057617,604400,32.9900016784668,32.97999954223633,27.502531051635742
06-11-2009,32.540000915527344,32.599998474121094,600800,33.7400016784668,33.33000183105469,27.794410705566406
09-11-2009,33.66999816894531,33.77000045776367,593000,34.560001373291016,34.52000045776367,28.78678321838379
10-11-2009,34.2400016784668,34.310001373291016,764000,34.970001220703125,34.86000061035156,29.070302963256836
11-11-2009,34.790000915527344,35.13999938964844,699100,35.47999954223633,35.060001373291016,29.237077713012695
12-11-2009,34.20000076293945,35.06999969482422,404500,35.2599983215332,34.27000045776367,28.57829475402832
13-11-2009,34.0,34.41999816894531,773100,34.630001068115234,34.470001220703125,28.74508285522461
16-11-2009,34.619998931884766,34.70000076293945,469300,35.31999969482422,35.11000061035156,29.278791427612305
17-11-2009,34.560001373291016,35.040000915527344,583200,35.290000915527344,34.68000030517578,28.920194625854492
18-11-2009,34.279998779296875,34.66999816894531,296600,34.77000045776367,34.47999954223633,28.7534122467041
19-11-2009,33.5,34.220001220703125,537900,34.40999984741211,34.08000183105469,28.41984748840332
20-11-2009,33.77000045776367,33.77000045776367,471300,34.38999938964844,34.099998474121094,28.436519622802734
23-11-2009,34.150001525878906,34.83000183105469,491400,35.0,34.400001525878906,28.686704635620117
24-11-2009,33.77000045776367,34.189998626708984,266300,34.439998626708984,34.130001068115234,28.461551666259766
25-11-2009,34.119998931884766,34.33000183105469,304800,34.709999084472656,34.61000061035156,28.86181640625
27-11-2009,33.060001373291016,33.099998474121094,169800,34.2599983215332,33.84000015258789,28.219697952270508
30-11-2009,33.38999938964844,33.689998626708984,471300,33.97999954223633,33.75,28.144657135009766
01-12-2009,34.06999969482422,34.130001068115234,433500,34.61000061035156,34.209999084472656,28.52825927734375
02-12-2009,34.18000030517578,34.27000045776367,512500,35.15999984741211,35.04999923706055,29.22874641418457
03-12-2009,33.7400016784668,35.290000915527344,727400,35.290000915527344,33.7599983215332,28.152986526489258
04-12-2009,33.380001068115234,34.349998474121094,1127500,34.7599983215332,34.09000015258789,28.428186416625977
07-12-2009,34.0,34.099998474121094,972500,35.2400016784668,35.209999084472656,29.362171173095703
08-12-2009,34.83000183105469,34.900001525878906,911200,35.4900016784668,35.11000061035156,29.278791427612305
09-12-2009,34.470001220703125,34.9900016784668,944600,35.349998474121094,35.310001373291016,29.445568084716797
10-12-2009,35.65999984741211,35.75,932200,36.369998931884766,35.970001220703125,29.995948791503906
11-12-2009,35.349998474121094,36.060001373291016,386900,36.25,36.099998474121094,30.20934295654297
14-12-2009,35.79999923706055,36.400001525878906,362900,36.720001220703125,36.63999938964844,30.66122055053711
15-12-2009,36.20000076293945,36.310001373291016,401100,36.900001525878906,36.439998626708984,30.493867874145508
16-12-2009,36.29999923706055,36.54999923706055,512300,36.97999954223633,36.33000183105469,30.401803970336914
17-12-2009,35.43000030517578,35.88999938964844,644200,36.15999984741211,35.5,29.70724105834961
18-12-2009,35.13999938964844,35.61000061035156,773000,35.91999816894531,35.63999938964844,29.824392318725586
21-12-2009,35.61000061035156,36.040000915527344,581300,36.560001373291016,35.7599983215332,29.92481803894043
22-12-2009,35.720001220703125,35.95000076293945,580500,36.20000076293945,35.90999984741211,30.050331115722656
23-12-2009,35.68000030517578,36.08000183105469,295100,36.79999923706055,36.75,30.75328254699707
24-12-2009,36.81999969482422,36.91999816894531,109600,37.25,37.2400016784668,31.163312911987305
28-12-2009,36.97999954223633,37.29999923706055,306000,37.619998931884766,37.27000045776367,31.188417434692383
29-12-2009,37.029998779296875,37.41999816894531,210500,37.41999816894531,37.18000030517578,31.113109588623047
30-12-2009,36.88999938964844,36.900001525878906,180800,37.45000076293945,37.029998779296875,30.987577438354492
31-12-2009,36.369998931884766,37.060001373291016,297500,37.18000030517578,36.369998931884766,30.435279846191406
04-01-2010,36.900001525878906,36.90999984741211,712900,38.2400016784668,38.09000015258789,31.874614715576172
05-01-2010,37.599998474121094,38.70000076293945,398900,38.70000076293945,38.02000045776367,31.816049575805664
06-01-2010,37.88999938964844,37.959999084472656,717200,38.47999954223633,38.09000015258789,31.874614715576172
07-01-2010,37.79999923706055,38.029998779296875,603700,38.16999816894531,37.81999969482422,31.648672103881836
08-01-2010,37.65999984741211,37.65999984741211,759000,38.56999969482422,38.38999938964844,32.12565612792969
11-01-2010,37.86000061035156,38.63999938964844,763000,38.790000915527344,38.220001220703125,31.9833927154541
12-01-2010,37.400001525878906,37.88999938964844,323400,38.040000915527344,37.689998626708984,31.539899826049805
13-01-2010,37.4900016784668,37.900001525878906,330500,38.11000061035156,38.06999969482422,31.857891082763672
14-01-2010,37.709999084472656,38.0099983215332,221100,38.290000915527344,37.91999816894531,31.732341766357422
15-01-2010,37.63999938964844,38.79999923706055,450400,38.88999938964844,37.88999938964844,31.7072696685791
19-01-2010,37.88999938964844,37.970001220703125,474100,38.369998931884766,38.369998931884766,32.10892105102539
20-01-2010,37.59000015258789,37.90999984741211,360900,38.08000183105469,37.959999084472656,31.76583480834961
21-01-2010,37.119998931884766,37.88999938964844,624700,38.290000915527344,37.119998931884766,31.062891006469727
22-01-2010,35.970001220703125,37.0,607800,37.290000915527344,36.09000015258789,30.200963973999023
25-01-2010,36.400001525878906,36.630001068115234,831500,37.099998474121094,36.5,30.5440731048584
26-01-2010,37.08000183105469,37.11000061035156,1156200,38.779998779296875,37.369998931884766,31.272090911865234
27-01-2010,36.54999923706055,37.2599983215332,669000,37.619998931884766,36.86000061035156,30.845314025878906
28-01-2010,36.0099983215332,36.95000076293945,545300,37.040000915527344,36.439998626708984,30.493867874145508
29-01-2010,35.720001220703125,36.560001373291016,852200,36.869998931884766,35.720001220703125,29.89134407043457
01-02-2010,35.79999923706055,35.95000076293945,1012700,36.349998474121094,36.25,30.33485984802246
02-02-2010,35.9900016784668,36.380001068115234,951800,37.119998931884766,36.900001525878906,30.878787994384766
03-02-2010,36.54999923706055,36.779998779296875,704100,37.29999923706055,36.630001068115234,30.652847290039062
04-02-2010,35.38999938964844,36.220001220703125,486000,36.47999954223633,35.38999938964844,29.615196228027344
05-02-2010,34.4900016784668,35.47999954223633,759400,35.68000030517578,35.15999984741211,29.42271614074707
08-02-2010,34.560001373291016,35.20000076293945,682600,35.29999923706055,34.86000061035156,29.171676635742188
09-02-2010,34.93000030517578,35.58000183105469,440500,35.650001525878906,35.31999969482422,29.556621551513672
10-02-2010,34.59000015258789,35.11000061035156,417500,35.529998779296875,35.380001068115234,29.60683250427246
11-02-2010,34.959999084472656,35.29999923706055,407100,35.959999084472656,35.869998931884766,30.016862869262695
12-02-2010,35.31999969482422,35.40999984741211,788700,36.650001525878906,36.599998474121094,30.627744674682617
16-02-2010,36.77000045776367,36.91999816894531,633600,37.709999084472656,37.709999084472656,31.55662727355957
17-02-2010,37.52000045776367,37.880001068115234,946500,38.040000915527344,37.77000045776367,31.60685157775879
18-02-2010,37.7599983215332,37.77000045776367,708300,38.11000061035156,37.869998931884766,31.69051742553711
19-02-2010,37.70000076293945,37.84000015258789,462500,38.290000915527344,38.130001068115234,31.90808868408203
22-02-2010,37.81999969482422,38.34000015258789,285400,38.34000015258789,38.13999938964844,31.91645050048828
23-02-2010,36.7400016784668,37.91999816894531,710900,38.20000076293945,36.970001220703125,30.93738555908203
24-02-2010,36.65999984741211,37.040000915527344,734400,37.36000061035156,36.880001068115234,30.862058639526367
25-02-2010,36.11000061035156,36.43000030517578,648700,37.08000183105469,36.90999984741211,30.88717269897461
26-02-2010,36.66999816894531,37.04999923706055,632600,37.529998779296875,37.4900016784668,31.372526168823242
01-03-2010,37.560001373291016,37.560001373291016,1212000,39.459999084472656,39.439998626708984,33.00433349609375
02-03-2010,39.849998474121094,39.86000061035156,1359800,40.86000061035156,40.33000183105469,33.74910354614258
03-03-2010,40.09000015258789,40.290000915527344,597800,40.630001068115234,40.349998474121094,33.76584243774414
04-03-2010,40.08000183105469,40.31999969482422,338200,40.7400016784668,40.290000915527344,33.71563720703125
05-03-2010,40.34000015258789,40.52000045776367,565400,41.439998626708984,41.16999816894531,34.452030181884766
08-03-2010,41.08000183105469,41.08000183105469,466500,41.77000045776367,41.25,34.518978118896484
09-03-2010,40.599998474121094,41.0,360000,41.290000915527344,41.0,34.309776306152344
10-03-2010,40.70000076293945,40.90999984741211,358300,41.4900016784668,41.33000183105469,34.58592987060547
11-03-2010,40.459999084472656,40.90999984741211,359300,41.400001525878906,41.400001525878906,34.76226043701172
12-03-2010,41.65999984741211,41.65999984741211,863300,42.09000015258789,41.939998626708984,35.21567916870117
15-03-2010,41.75,41.849998474121094,760200,42.41999816894531,42.20000076293945,35.43399429321289
16-03-2010,42.29999923706055,42.40999984741211,924800,42.720001220703125,42.599998474121094,35.769859313964844
17-03-2010,42.66999816894531,42.779998779296875,485600,43.0,42.83000183105469,35.962982177734375
18-03-2010,42.459999084472656,42.70000076293945,331500,43.0,42.849998474121094,35.97977828979492
19-03-2010,42.16999816894531,42.2400016784668,646200,43.11000061035156,42.2400016784668,35.46757125854492
22-03-2010,41.79999923706055,41.970001220703125,431000,43.20000076293945,43.04999923706055,36.14771270751953
23-03-2010,42.65999984741211,43.16999816894531,420400,43.380001068115234,43.20000076293945,36.273658752441406
24-03-2010,42.400001525878906,43.040000915527344,428700,43.119998931884766,42.5099983215332,35.694271087646484
25-03-2010,41.79999923706055,42.93000030517578,455100,43.13999938964844,41.83000183105469,35.12331008911133
26-03-2010,41.0099983215332,41.869998931884766,869000,42.2400016784668,41.470001220703125,34.821041107177734
29-03-2010,41.709999084472656,41.709999084472656,745500,42.599998474121094,42.150001525878906,35.392005920410156
30-03-2010,41.939998626708984,42.290000915527344,427900,42.650001525878906,42.529998779296875,35.71108627319336
31-03-2010,42.380001068115234,42.400001525878906,993700,43.79999923706055,42.630001068115234,35.79505920410156
01-04-2010,42.459999084472656,43.15999984741211,571400,43.439998626708984,42.869998931884766,35.99656295776367
05-04-2010,42.779998779296875,42.93000030517578,467300,43.2400016784668,43.15999984741211,36.24007034301758
06-04-2010,42.779998779296875,43.0099983215332,638000,43.66999816894531,43.619998931884766,36.62632369995117
07-04-2010,43.369998931884766,43.650001525878906,540300,44.04999923706055,43.61000061035156,36.617923736572266
08-04-2010,42.900001525878906,43.369998931884766,311600,43.70000076293945,43.68000030517578,36.676700592041016
09-04-2010,43.439998626708984,43.7599983215332,333100,44.310001373291016,44.310001373291016,37.205692291259766
12-04-2010,43.310001373291016,44.369998931884766,454300,44.5,43.5099983215332,36.53396224975586
13-04-2010,42.93000030517578,43.369998931884766,614200,43.380001068115234,43.13999938964844,36.223270416259766
14-04-2010,43.34000015258789,43.439998626708984,674800,44.61000061035156,44.52000045776367,37.38201904296875
15-04-2010,44.18000030517578,44.38999938964844,487600,44.75,44.5099983215332,37.373626708984375
16-04-2010,43.81999969482422,44.38999938964844,657600,44.86000061035156,43.900001525878906,36.861419677734375
19-04-2010,42.880001068115234,43.630001068115234,451100,43.86000061035156,43.72999954223633,36.71867370605469
20-04-2010,43.75,44.13999938964844,368300,44.279998779296875,44.20000076293945,37.11333084106445
21-04-2010,43.7400016784668,44.349998474121094,778700,44.400001525878906,43.81999969482422,36.79425048828125
22-04-2010,43.43000030517578,43.4900016784668,1313800,44.13999938964844,43.91999816894531,36.87822341918945
23-04-2010,43.38999938964844,44.11000061035156,1208000,44.77000045776367,44.65999984741211,37.49957275390625
26-04-2010,44.43000030517578,44.54999923706055,721200,45.31999969482422,44.790000915527344,37.608734130859375
27-04-2010,44.0,44.689998626708984,1851700,45.540000915527344,44.25,37.155296325683594
28-04-2010,44.11000061035156,44.720001220703125,1314600,45.689998626708984,45.2400016784668,37.98657989501953
29-04-2010,45.599998474121094,45.779998779296875,867100,46.75,46.4900016784668,39.03617477416992
30-04-2010,45.56999969482422,46.56999969482422,891400,46.970001220703125,45.65999984741211,38.3392448425293
03-05-2010,45.56999969482422,46.0,1112800,46.34000015258789,46.0,38.62472152709961
04-05-2010,43.9900016784668,45.33000183105469,1219500,45.45000076293945,44.43000030517578,37.306453704833984
05-05-2010,42.970001220703125,43.97999954223633,1010400,44.060001373291016,43.130001068115234,36.21488571166992
06-05-2010,38.47999954223633,42.84000015258789,2202500,43.560001373291016,40.790000915527344,34.25006103515625
07-05-2010,38.310001373291016,40.43000030517578,2738400,40.43000030517578,39.22999954223633,32.94017791748047
10-05-2010,41.119998931884766,41.119998931884766,1386500,43.630001068115234,42.650001525878906,35.81184768676758
11-05-2010,41.61000061035156,42.08000183105469,1140300,43.02000045776367,42.2599983215332,35.484378814697266
12-05-2010,42.470001220703125,42.470001220703125,797600,43.52000045776367,43.470001220703125,36.50035858154297
13-05-2010,42.91999816894531,43.130001068115234,517400,43.66999816894531,43.119998931884766,36.206485748291016
14-05-2010,41.61000061035156,42.70000076293945,969200,42.72999954223633,41.9900016784668,35.25766372680664
17-05-2010,40.369998931884766,42.13999938964844,1014400,42.38999938964844,41.709999084472656,35.022552490234375
18-05-2010,41.689998626708984,42.38999938964844,1732600,42.63999938964844,41.970001220703125,35.24087905883789
19-05-2010,40.900001525878906,41.84000015258789,1703000,42.11000061035156,41.56999969482422,34.905006408691406
20-05-2010,39.63999938964844,40.0099983215332,2919400,41.15999984741211,39.91999816894531,33.51954650878906
21-05-2010,38.779998779296875,39.09000015258789,1308300,40.880001068115234,40.81999969482422,34.27523422241211
24-05-2010,40.45000076293945,40.52000045776367,866400,41.33000183105469,40.529998779296875,34.0317497253418
25-05-2010,38.209999084472656,39.18000030517578,1825600,40.54999923706055,40.43000030517578,33.94776916503906
26-05-2010,40.709999084472656,40.75,1408900,42.209999084472656,41.45000076293945,34.80424499511719
27-05-2010,41.939998626708984,42.47999954223633,616600,43.27000045776367,43.27000045776367,36.33244323730469
28-05-2010,42.79999923706055,43.2599983215332,1083900,43.709999084472656,43.060001373291016,36.15612030029297
01-06-2010,41.540000915527344,42.75,650900,43.09000015258789,41.540000915527344,34.87981033325195
02-06-2010,41.29999923706055,42.400001525878906,603400,42.849998474121094,42.849998474121094,35.97977828979492
03-06-2010,42.41999816894531,42.9900016784668,606900,43.13999938964844,43.0,36.1057243347168
04-06-2010,40.189998626708984,40.58000183105469,1510700,42.70000076293945,41.04999923706055,34.468379974365234
07-06-2010,39.72999954223633,41.09000015258789,1504500,41.310001373291016,39.869998931884766,33.47755813598633
08-06-2010,38.66999816894531,39.63999938964844,2074300,40.18000030517578,39.33000183105469,33.02414321899414
09-06-2010,39.5099983215332,39.75,1193600,40.95000076293945,39.880001068115234,33.4859619140625
10-06-2010,40.83000183105469,40.86000061035156,1064800,42.029998779296875,41.83000183105469,35.12331008911133
11-06-2010,41.119998931884766,41.119998931884766,620500,42.2599983215332,42.16999816894531,35.527706146240234
14-06-2010,41.880001068115234,42.59000015258789,872800,43.130001068115234,42.040000915527344,35.41817855834961
15-06-2010,42.310001373291016,42.349998474121094,631800,43.22999954223633,43.220001220703125,36.41231918334961
16-06-2010,42.689998626708984,42.81999969482422,563200,43.310001373291016,42.86000061035156,36.10902404785156
17-06-2010,42.189998626708984,43.209999084472656,918200,43.25,42.540000915527344,35.83941650390625
18-06-2010,42.290000915527344,42.560001373291016,899200,42.939998626708984,42.72999954223633,35.99951171875
21-06-2010,42.619998931884766,43.400001525878906,648400,44.099998474121094,42.970001220703125,36.201690673828125
22-06-2010,41.61000061035156,42.939998626708984,961600,43.04999923706055,41.65999984741211,35.098026275634766
23-06-2010,40.7599983215332,41.65999984741211,946500,41.880001068115234,41.40999984741211,34.88741683959961
24-06-2010,40.369998931884766,41.11000061035156,677100,41.45000076293945,40.52000045776367,34.13759231567383
25-06-2010,40.279998779296875,40.63999938964844,2780000,41.52000045776367,40.56999969482422,34.17973709106445
28-06-2010,40.599998474121094,40.900001525878906,1281300,41.79999923706055,41.15999984741211,34.676795959472656
29-06-2010,39.7599983215332,40.29999923706055,1317800,40.54999923706055,40.0,33.699501037597656
30-06-2010,39.599998474121094,40.0099983215332,735600,41.099998474121094,39.709999084472656,33.45518493652344
01-07-2010,38.470001220703125,39.630001068115234,820400,40.029998779296875,39.58000183105469,33.34565734863281
02-07-2010,38.84000015258789,39.91999816894531,580000,39.959999084472656,39.20000076293945,33.0255241394043
06-07-2010,38.7400016784668,39.959999084472656,753000,40.34000015258789,39.099998474121094,32.941261291503906
07-07-2010,39.25,39.25,1024200,40.869998931884766,40.869998931884766,34.43246841430664
08-07-2010,40.93000030517578,41.290000915527344,488100,41.72999954223633,41.459999084472656,34.92953109741211
09-07-2010,41.189998626708984,41.5,736400,41.83000183105469,41.529998779296875,34.9885139465332
12-07-2010,40.369998931884766,41.27000045776367,801600,41.43000030517578,40.7400016784668,34.32294845581055
13-07-2010,41.060001373291016,41.29999923706055,491400,42.43000030517578,42.25,35.595096588134766
14-07-2010,41.380001068115234,41.97999954223633,1054200,41.9900016784668,41.790000915527344,35.207550048828125
15-07-2010,40.939998626708984,41.70000076293945,666400,42.16999816894531,41.939998626708984,35.33393478393555
16-07-2010,40.11000061035156,41.66999816894531,737400,41.66999816894531,40.310001373291016,33.96068572998047
19-07-2010,39.849998474121094,40.56999969482422,438500,40.779998779296875,40.77000045776367,34.348228454589844
20-07-2010,39.849998474121094,40.06999969482422,599600,41.70000076293945,41.650001525878906,35.08961868286133
21-07-2010,41.13999938964844,42.13999938964844,715300,42.61000061035156,41.29999923706055,34.794742584228516
22-07-2010,42.06999969482422,42.20000076293945,1048800,43.31999969482422,43.2599983215332,36.446022033691406
23-07-2010,43.119998931884766,43.189998626708984,566500,44.34000015258789,44.220001220703125,37.25481414794922
26-07-2010,44.18000030517578,44.5,1141500,45.95000076293945,45.25,38.12256622314453
27-07-2010,43.130001068115234,45.7400016784668,1567000,46.310001373291016,44.5,37.49069595336914
28-07-2010,42.959999084472656,44.54999923706055,1588900,44.54999923706055,43.29999923706055,36.479732513427734
29-07-2010,42.86000061035156,43.869998931884766,874100,44.04999923706055,43.400001525878906,36.563961029052734
30-07-2010,42.72999954223633,42.7400016784668,728500,43.970001220703125,43.619998931884766,36.74930953979492
02-08-2010,44.25,44.459999084472656,470200,45.040000915527344,44.650001525878906,37.6170768737793
03-08-2010,43.75,44.34000015258789,567500,44.63999938964844,44.290000915527344,37.313777923583984
04-08-2010,44.18000030517578,44.38999938964844,616600,45.38999938964844,45.38999938964844,38.240509033203125
05-08-2010,45.0,45.08000183105469,356800,45.58000183105469,45.27000045776367,38.13942337036133
06-08-2010,44.560001373291016,44.72999954223633,740800,45.630001068115234,45.40999984741211,38.25736999511719
09-08-2010,45.31999969482422,45.66999816894531,452300,45.95000076293945,45.869998931884766,38.6449089050293
10-08-2010,44.43000030517578,45.11000061035156,694700,45.310001373291016,44.9900016784668,37.90351486206055
11-08-2010,42.97999954223633,43.790000915527344,577500,43.93000030517578,43.279998779296875,36.46287155151367
12-08-2010,41.91999816894531,42.34000015258789,1178700,42.810001373291016,42.15999984741211,35.51927947998047
13-08-2010,41.650001525878906,41.7400016784668,1103400,42.400001525878906,41.72999954223633,35.15700912475586
16-08-2010,41.310001373291016,41.470001220703125,1067400,42.119998931884766,41.810001373291016,35.22441864013672
17-08-2010,42.290000915527344,42.29999923706055,864700,43.439998626708984,42.86000061035156,36.10902404785156
18-08-2010,42.52000045776367,42.86000061035156,684200,43.099998474121094,42.93000030517578,36.16798782348633
19-08-2010,41.529998779296875,42.560001373291016,476800,42.68000030517578,41.869998931884766,35.274959564208984
20-08-2010,40.720001220703125,41.56999969482422,1034000,41.720001220703125,41.22999954223633,34.73576736450195
23-08-2010,40.689998626708984,41.439998626708984,499400,41.66999816894531,40.810001373291016,34.381935119628906
24-08-2010,39.81999969482422,40.29999923706055,677800,40.40999984741211,40.029998779296875,33.724796295166016
25-08-2010,39.0099983215332,39.61000061035156,1039400,40.04999923706055,39.91999816894531,33.632102966308594
26-08-2010,39.63999938964844,40.119998931884766,891600,40.4900016784668,39.689998626708984,33.43833541870117
27-08-2010,38.75,40.16999816894531,1098700,40.650001525878906,40.63999938964844,34.238704681396484
30-08-2010,39.88999938964844,40.40999984741211,540000,40.56999969482422,39.88999938964844,33.60683059692383
31-08-2010,39.34000015258789,39.720001220703125,796500,40.4900016784668,40.09000015258789,33.77533721923828
01-09-2010,40.599998474121094,40.939998626708984,735100,42.09000015258789,41.939998626708984,35.33393478393555
02-09-2010,41.709999084472656,41.81999969482422,469500,42.470001220703125,42.38999938964844,35.71305847167969
03-09-2010,43.0,43.0,523100,43.58000183105469,43.31999969482422,36.49656677246094
07-09-2010,42.2599983215332,43.040000915527344,568700,43.31999969482422,42.349998474121094,35.67935562133789
08-09-2010,42.400001525878906,42.4900016784668,456400,42.849998474121094,42.459999084472656,35.772029876708984
09-09-2010,41.63999938964844,43.040000915527344,722400,43.04999923706055,41.65999984741211,35.098026275634766
10-09-2010,40.9900016784668,41.720001220703125,926900,41.849998474121094,41.040000915527344,34.5756950378418
13-09-2010,41.369998931884766,41.470001220703125,874600,42.2599983215332,42.130001068115234,35.615509033203125
14-09-2010,41.77000045776367,41.9900016784668,710500,42.650001525878906,42.31999969482422,35.776119232177734
15-09-2010,42.20000076293945,42.31999969482422,715200,43.349998474121094,43.25,36.562320709228516
16-09-2010,43.02000045776367,43.33000183105469,859200,43.38999938964844,43.150001525878906,36.47776794433594
17-09-2010,43.0,43.36000061035156,823600,43.599998474121094,43.380001068115234,36.67221450805664
20-09-2010,42.97999954223633,43.630001068115234,636000,44.2400016784668,44.18000030517578,37.348514556884766
21-09-2010,43.709999084472656,44.150001525878906,496300,44.34000015258789,43.959999084472656,37.162532806396484
22-09-2010,43.560001373291016,43.880001068115234,488900,44.20000076293945,43.630001068115234,36.88356018066406
23-09-2010,42.959999084472656,43.119998931884766,678600,44.2599983215332,43.290000915527344,36.59612274169922
24-09-2010,43.88999938964844,44.0,853000,44.58000183105469,44.54999923706055,37.66129684448242
27-09-2010,44.5,44.5,533800,45.22999954223633,44.84000015258789,37.90644836425781
28-09-2010,44.31999969482422,44.86000061035156,616000,45.41999816894531,45.33000183105469,38.32069778442383
29-09-2010,45.0099983215332,45.04999923706055,1552800,46.34000015258789,46.130001068115234,38.996986389160156
30-09-2010,46.189998626708984,46.4900016784668,2219400,47.150001525878906,46.810001373291016,39.571842193603516
01-10-2010,46.5,47.18000030517578,1432400,47.349998474121094,47.2599983215332,39.95224380493164
04-10-2010,46.15999984741211,47.130001068115234,682000,47.29999923706055,46.70000076293945,39.47884750366211
05-10-2010,47.060001373291016,47.400001525878906,945700,48.279998779296875,48.13999938964844,40.69618225097656
06-10-2010,47.2599983215332,48.06999969482422,716100,48.18000030517578,47.91999816894531,40.51019287109375
07-10-2010,47.61000061035156,48.2599983215332,1300100,48.709999084472656,47.75,40.36650466918945
08-10-2010,47.66999816894531,47.84000015258789,958800,48.09000015258789,47.810001373291016,40.417205810546875
11-10-2010,47.84000015258789,47.84000015258789,694600,48.599998474121094,48.040000915527344,40.611656188964844
12-10-2010,47.34000015258789,47.86000061035156,408600,48.189998626708984,48.02000045776367,40.594730377197266
13-10-2010,48.310001373291016,48.34000015258789,684800,48.93000030517578,48.81999969482422,41.27104187011719
14-10-2010,48.20000076293945,48.7400016784668,291200,48.849998474121094,48.52000045776367,41.017417907714844
15-10-2010,47.939998626708984,48.91999816894531,279500,49.27000045776367,48.4900016784668,40.99205780029297
18-10-2010,48.130001068115234,48.65999984741211,686000,48.88999938964844,48.380001068115234,40.899078369140625
19-10-2010,47.02000045776367,47.630001068115234,568300,48.20000076293945,47.349998474121094,40.02832794189453
20-10-2010,47.349998474121094,47.40999984741211,565400,48.720001220703125,48.36000061035156,40.882164001464844
21-10-2010,48.06999969482422,48.66999816894531,620800,49.349998474121094,48.68000030517578,41.1526985168457
22-10-2010,48.83000183105469,49.630001068115234,1576600,51.150001525878906,49.02000045776367,41.440120697021484
25-10-2010,49.540000915527344,49.650001525878906,839800,50.86000061035156,50.06999969482422,42.32775115966797
26-10-2010,49.43000030517578,49.529998779296875,576200,50.689998626708984,50.16999816894531,42.41227340698242
27-10-2010,49.06999969482422,49.81999969482422,612000,49.88999938964844,49.84000015258789,42.13331985473633
28-10-2010,49.310001373291016,50.119998931884766,620400,50.29999923706055,49.470001220703125,41.820533752441406
29-10-2010,49.189998626708984,49.27000045776367,462700,50.2599983215332,50.130001068115234,42.37846755981445
01-11-2010,49.88999938964844,50.59000015258789,372100,50.86000061035156,50.189998626708984,42.42921447753906
02-11-2010,50.619998931884766,50.83000183105469,477800,51.15999984741211,50.75,42.9025993347168
03-11-2010,50.45000076293945,50.70000076293945,770300,51.06999969482422,50.9900016784668,43.10549545288086
04-11-2010,51.5099983215332,51.630001068115234,1243700,52.939998626708984,52.779998779296875,44.618709564208984
05-11-2010,52.40999984741211,52.95000076293945,880200,53.220001220703125,53.099998474121094,44.88922882080078
08-11-2010,52.56999969482422,52.939998626708984,350300,53.22999954223633,52.880001068115234,44.703250885009766
09-11-2010,52.279998779296875,53.06999969482422,709600,53.54999923706055,52.5,44.38200378417969
10-11-2010,52.02000045776367,52.529998779296875,508800,53.22999954223633,53.0,44.80469512939453
11-11-2010,52.40999984741211,52.439998626708984,535600,53.08000183105469,52.959999084472656,44.77088165283203
12-11-2010,51.7400016784668,52.5099983215332,263900,52.84000015258789,51.959999084472656,43.92550277709961
15-11-2010,52.029998779296875,52.189998626708984,363100,52.88999938964844,52.13999938964844,44.077667236328125
16-11-2010,50.31999969482422,51.58000183105469,804200,51.58000183105469,51.18000030517578,43.266117095947266
17-11-2010,50.790000915527344,51.22999954223633,331800,51.72999954223633,51.2400016784668,43.316829681396484
18-11-2010,52.029998779296875,52.11000061035156,652500,53.83000183105469,52.79999923706055,44.63560104370117
19-11-2010,52.41999816894531,52.65999984741211,289000,53.540000915527344,53.47999954223633,45.21046447753906
22-11-2010,52.75,53.06999969482422,440800,53.9900016784668,53.93000030517578,45.590877532958984
23-11-2010,52.779998779296875,53.16999816894531,566000,53.38999938964844,52.900001525878906,44.72016525268555
24-11-2010,53.36000061035156,53.380001068115234,455400,54.56999969482422,54.54999923706055,46.11502456665039
26-11-2010,53.790000915527344,54.09000015258789,113100,54.43000030517578,54.11000061035156,45.74304962158203
29-11-2010,52.970001220703125,53.65999984741211,522700,54.540000915527344,54.29999923706055,45.9036750793457
30-11-2010,53.58000183105469,53.66999816894531,791900,54.459999084472656,54.09000015258789,45.72615051269531
01-12-2010,54.849998474121094,55.02000045776367,692300,55.4900016784668,55.369998931884766,46.80821990966797
02-12-2010,54.349998474121094,55.369998931884766,957400,55.43000030517578,55.0,46.49543762207031
03-12-2010,54.47999954223633,54.83000183105469,709600,55.439998626708984,55.22999954223633,46.68986892700195
06-12-2010,54.95000076293945,55.209999084472656,296200,55.630001068115234,55.36000061035156,46.799766540527344
07-12-2010,54.900001525878906,54.900001525878906,437700,56.130001068115234,55.56999969482422,46.97728729248047
08-12-2010,54.09000015258789,55.70000076293945,1319600,55.7400016784668,54.41999816894531,46.005123138427734
09-12-2010,54.349998474121094,54.81999969482422,472400,55.11000061035156,55.06999969482422,46.554603576660156
10-12-2010,55.08000183105469,55.27000045776367,387800,55.540000915527344,55.38999938964844,46.82513427734375
13-12-2010,54.91999816894531,55.4900016784668,390900,55.810001373291016,55.04999923706055,46.6556282043457
14-12-2010,55.16999816894531,55.2400016784668,486500,56.060001373291016,55.63999938964844,47.155662536621094
15-12-2010,54.7400016784668,55.349998474121094,1106800,56.630001068115234,54.810001373291016,46.45222091674805
16-12-2010,54.349998474121094,54.869998931884766,939100,56.040000915527344,55.459999084472656,47.00310516357422
17-12-2010,55.08000183105469,55.599998474121094,1163300,56.41999816894531,56.29999923706055,47.715023040771484
20-12-2010,55.689998626708984,56.29999923706055,568500,56.65999984741211,55.779998779296875,47.274322509765625
21-12-2010,55.869998931884766,55.970001220703125,463900,57.34000015258789,56.72999954223633,48.07946014404297
22-12-2010,55.86000061035156,56.88999938964844,334400,56.91999816894531,56.15999984741211,47.59636306762695
23-12-2010,56.02000045776367,56.150001525878906,171500,56.540000915527344,56.150001525878906,47.587886810302734
27-12-2010,55.54999923706055,55.970001220703125,179500,56.15999984741211,56.04999923706055,47.50313186645508
28-12-2010,55.58000183105469,56.20000076293945,226600,56.209999084472656,55.93000030517578,47.40145492553711
29-12-2010,56.0,56.0,338700,56.66999816894531,56.36000061035156,47.765872955322266
30-12-2010,56.08000183105469,56.20000076293945,153900,56.68000030517578,56.130001068115234,47.57094192504883
31-12-2010,55.7599983215332,56.060001373291016,301100,56.31999969482422,55.779998779296875,47.274322509765625
03-01-2011,55.72999954223633,56.119998931884766,663800,57.119998931884766,55.86000061035156,47.34212112426758
04-01-2011,54.72999954223633,56.08000183105469,715400,56.18000030517578,55.34000015258789,46.901405334472656
05-01-2011,54.68000030517578,55.0099983215332,503800,55.33000183105469,55.15999984741211,46.74885177612305
06-01-2011,54.709999084472656,55.380001068115234,651800,55.54999923706055,54.810001373291016,46.45222091674805
07-01-2011,54.33000183105469,54.959999084472656,486900,55.130001068115234,54.68000030517578,46.342044830322266
10-01-2011,53.7599983215332,54.36000061035156,723100,55.47999954223633,55.04999923706055,46.6556282043457
11-01-2011,55.189998626708984,55.400001525878906,501800,56.18000030517578,55.79999923706055,47.29125213623047
12-01-2011,56.400001525878906,56.400001525878906,1443800,58.959999084472656,58.810001373291016,49.84228515625
13-01-2011,58.290000915527344,59.279998779296875,737000,59.279998779296875,58.439998626708984,49.528690338134766
14-01-2011,58.220001220703125,58.47999954223633,1021700,60.540000915527344,59.86000061035156,50.7321662902832
18-01-2011,59.560001373291016,59.95000076293945,1094400,60.70000076293945,60.65999984741211,51.41017532348633
19-01-2011,56.93000030517578,58.83000183105469,1920000,59.040000915527344,57.25,48.520145416259766
20-01-2011,56.36000061035156,56.650001525878906,875200,57.5,56.869998931884766,48.1981201171875
21-01-2011,56.939998626708984,57.29999923706055,1010700,58.119998931884766,57.689998626708984,48.893070220947266
24-01-2011,57.290000915527344,57.560001373291016,1224700,58.02000045776367,57.70000076293945,48.90153884887695
25-01-2011,56.40999984741211,58.0,1643900,58.56999969482422,57.0,48.30828094482422
26-01-2011,56.720001220703125,56.790000915527344,1756000,58.25,57.11000061035156,48.40149688720703
27-01-2011,56.779998779296875,57.38999938964844,1066400,57.38999938964844,56.880001068115234,48.206581115722656
28-01-2011,55.38999938964844,56.720001220703125,1387300,57.0099983215332,55.58000183105469,47.10480880737305
31-01-2011,54.779998779296875,55.599998474121094,1240200,56.29999923706055,56.15999984741211,47.59636306762695
01-02-2011,56.54999923706055,57.099998474121094,1610400,57.95000076293945,57.7400016784668,48.935455322265625
02-02-2011,57.15999984741211,57.65999984741211,1196200,58.25,57.63999938964844,48.850677490234375
03-02-2011,56.79999923706055,57.33000183105469,600700,57.900001525878906,57.5099983215332,48.74050521850586
04-02-2011,57.20000076293945,57.689998626708984,974600,58.709999084472656,57.84000015258789,49.02019500732422
07-02-2011,57.20000076293945,57.959999084472656,861700,58.369998931884766,57.43000030517578,48.67271423339844
08-02-2011,57.060001373291016,57.5099983215332,881000,57.83000183105469,57.56999969482422,48.791358947753906
09-02-2011,56.939998626708984,57.22999954223633,823400,57.540000915527344,57.220001220703125,48.49472427368164
10-02-2011,56.810001373291016,56.83000183105469,733000,57.79999923706055,57.18000030517578,48.46083450317383
11-02-2011,56.900001525878906,57.130001068115234,1321300,57.58000183105469,57.36000061035156,48.613372802734375
14-02-2011,57.33000183105469,57.349998474121094,548300,57.83000183105469,57.619998931884766,48.833736419677734
15-02-2011,57.380001068115234,57.459999084472656,581900,57.849998474121094,57.77000045776367,48.96086502075195
16-02-2011,57.83000183105469,57.959999084472656,761500,58.70000076293945,58.560001373291016,49.630401611328125
17-02-2011,58.36000061035156,58.619998931884766,726300,59.130001068115234,59.04999923706055,50.04568862915039
18-02-2011,59.04999923706055,59.279998779296875,647500,59.709999084472656,59.349998474121094,50.2999267578125
22-02-2011,57.04999923706055,58.779998779296875,1061500,58.9900016784668,57.130001068115234,48.418453216552734
23-02-2011,55.31999969482422,56.650001525878906,839900,57.040000915527344,56.72999954223633,48.07946014404297
24-02-2011,55.16999816894531,56.63999938964844,1076600,56.790000915527344,56.02000045776367,47.47771453857422
25-02-2011,56.27000045776367,56.400001525878906,625300,57.2599983215332,57.2400016784668,48.51169204711914
28-02-2011,57.029998779296875,57.54999923706055,624600,57.84000015258789,57.560001373291016,48.78287887573242
01-03-2011,56.06999969482422,57.900001525878906,845100,58.040000915527344,56.34000015258789,47.74891662597656
02-03-2011,55.84000015258789,56.150001525878906,426200,56.810001373291016,56.02000045776367,47.47771453857422
03-03-2011,56.83000183105469,56.84000015258789,534400,58.349998474121094,58.310001373291016,49.41851043701172
04-03-2011,57.689998626708984,58.43000030517578,878300,59.220001220703125,58.279998779296875,49.39310073852539
07-03-2011,56.459999084472656,58.77000045776367,692900,58.84000015258789,56.7400016784668,48.08793258666992
08-03-2011,56.060001373291016,56.529998779296875,718800,57.439998626708984,56.779998779296875,48.121822357177734
09-03-2011,55.66999816894531,56.58000183105469,814300,56.77000045776367,56.41999816894531,47.81672286987305
10-03-2011,54.560001373291016,55.59000015258789,723000,56.02000045776367,54.880001068115234,46.51154708862305
11-03-2011,53.310001373291016,54.29999923706055,950900,55.130001068115234,54.900001525878906,46.66880798339844
14-03-2011,54.88999938964844,54.88999938964844,1055300,56.31999969482422,56.119998931884766,47.70589065551758
15-03-2011,53.689998626708984,54.0099983215332,1489200,55.04999923706055,54.63999938964844,46.44779586791992
16-03-2011,52.63999938964844,54.58000183105469,1440200,54.88999938964844,53.09000015258789,45.13018798828125
17-03-2011,53.5099983215332,53.970001220703125,1333600,54.560001373291016,53.84000015258789,45.76772689819336
18-03-2011,53.5099983215332,54.630001068115234,1358000,54.65999984741211,54.06999969482422,45.9632568359375
21-03-2011,54.5,54.81999969482422,606300,55.599998474121094,55.52000045776367,47.195858001708984
22-03-2011,55.040000915527344,55.459999084472656,362200,55.709999084472656,55.27000045776367,46.98333740234375
23-03-2011,54.38999938964844,55.040000915527344,591600,55.90999984741211,55.70000076293945,47.3488655090332
24-03-2011,55.11000061035156,56.09000015258789,606900,56.59000015258789,56.56999969482422,48.08843231201172
25-03-2011,56.81999969482422,56.83000183105469,1157900,58.40999984741211,57.22999954223633,48.649478912353516
28-03-2011,57.27000045776367,57.27000045776367,832700,58.099998474121094,57.75,49.09149932861328
29-03-2011,57.25,57.529998779296875,712000,58.779998779296875,58.45000076293945,49.686561584472656
30-03-2011,58.560001373291016,59.15999984741211,974900,59.849998474121094,59.369998931884766,50.46862030029297
31-03-2011,59.099998474121094,59.25,635800,59.97999954223633,59.77000045776367,50.808650970458984
01-04-2011,59.709999084472656,60.2599983215332,597500,60.470001220703125,60.099998474121094,51.08918762207031
04-04-2011,59.77000045776367,60.36000061035156,709100,60.4900016784668,59.810001373291016,50.8426513671875
05-04-2011,59.5099983215332,59.66999816894531,1265800,60.31999969482422,59.86000061035156,50.885169982910156
06-04-2011,59.689998626708984,60.310001373291016,784100,60.540000915527344,60.31999969482422,51.27619171142578
07-04-2011,59.84000015258789,60.34000015258789,531800,60.9900016784668,60.18000030517578,51.157169342041016
08-04-2011,59.77000045776367,60.47999954223633,582600,60.75,60.04999923706055,51.04666519165039
11-04-2011,58.880001068115234,60.20000076293945,664200,60.27000045776367,59.130001068115234,50.264610290527344
12-04-2011,57.790000915527344,58.66999816894531,940900,58.84000015258789,57.880001068115234,49.202022552490234
13-04-2011,57.18000030517578,58.25,758100,58.349998474121094,57.83000183105469,49.159523010253906
14-04-2011,57.22999954223633,57.25,929800,58.040000915527344,57.83000183105469,49.159523010253906
15-04-2011,57.599998474121094,58.0,1064400,58.5,58.150001525878906,49.43153381347656
18-04-2011,56.279998779296875,57.20000076293945,855100,57.369998931884766,56.90999984741211,48.37744903564453
19-04-2011,56.4900016784668,56.97999954223633,884600,57.869998931884766,57.81999969482422,49.15101623535156
20-04-2011,61.93000030517578,62.439998626708984,3356500,66.5199966430664,64.87000274658203,55.14401626586914
21-04-2011,63.959999084472656,65.13999938964844,1542800,65.3499984741211,64.98999786376953,55.24602508544922
25-04-2011,64.86000061035156,64.86000061035156,3229200,69.73999786376953,69.55999755859375,59.13083267211914
26-04-2011,68.30000305175781,69.6500015258789,1200000,69.87999725341797,68.51000213623047,58.23825454711914
27-04-2011,67.13999938964844,68.77999877929688,954400,68.77999877929688,68.0999984741211,57.889732360839844
28-04-2011,67.81999969482422,68.06999969482422,649100,68.87999725341797,68.7300033569336,58.42527770996094
29-04-2011,68.73999786376953,68.87000274658203,1252800,70.73999786376953,70.55000305175781,59.97239685058594
02-05-2011,69.51000213623047,71.18000030517578,993900,71.18000030517578,69.95999908447266,59.470855712890625
03-05-2011,67.8499984741211,69.72000122070312,925500,70.18000030517578,68.27999877929688,58.04273986816406
04-05-2011,65.9800033569336,68.13999938964844,1401100,68.13999938964844,66.0999984741211,56.18958282470703
05-05-2011,64.55999755859375,64.62999725341797,1656500,68.12999725341797,67.94999694824219,57.76220703125
06-05-2011,68.27999877929688,68.7300033569336,1468300,69.81999969482422,69.0,58.65480422973633
09-05-2011,68.44999694824219,68.91000366210938,664800,69.52999877929688,69.27999877929688,58.892822265625
10-05-2011,69.55000305175781,69.6500015258789,915300,71.3499984741211,71.11000061035156,60.448421478271484
11-05-2011,69.27999877929688,70.79000091552734,928700,70.8499984741211,69.87999725341797,59.402854919433594
12-05-2011,68.23999786376953,69.4000015258789,761000,69.66999816894531,68.95999908447266,58.62078094482422
13-05-2011,68.12999725341797,69.83000183105469,502600,69.8499984741211,68.26000213623047,58.0257453918457
16-05-2011,67.55999755859375,68.11000061035156,500700,69.4800033569336,67.76000213623047,57.6007194519043
17-05-2011,66.27999877929688,67.3499984741211,698500,67.95999908447266,67.27999877929688,57.192649841308594
18-05-2011,67.1500015258789,67.63999938964844,496400,69.45999908447266,69.37999725341797,58.977806091308594
19-05-2011,68.80999755859375,69.5199966430664,433000,70.12000274658203,69.05999755859375,58.70581817626953
20-05-2011,67.80000305175781,68.8499984741211,457600,69.1500015258789,68.55000305175781,58.27227020263672
23-05-2011,66.36000061035156,67.05000305175781,611400,67.54000091552734,67.20999908447266,57.1331672668457
24-05-2011,67.51000213623047,67.66999816894531,576100,68.62000274658203,67.91000366210938,57.72822189331055
25-05-2011,67.26000213623047,67.56999969482422,665700,69.30000305175781,68.91000366210938,58.57829284667969
26-05-2011,68.16000366210938,68.6500015258789,547700,69.5,69.2300033569336,58.850303649902344
27-05-2011,69.43000030517578,69.5,501100,70.77999877929688,70.55000305175781,59.97239685058594
31-05-2011,69.9000015258789,71.70999908447266,754400,71.79000091552734,70.83999633789062,60.21892166137695
01-06-2011,68.37000274658203,70.79000091552734,489100,71.16000366210938,68.47000122070312,58.20427322387695
02-06-2011,67.33999633789062,68.72000122070312,750000,69.30999755859375,67.75,57.59221649169922
03-06-2011,65.7699966430664,66.4800033569336,886300,68.27999877929688,67.19000244140625,57.116153717041016
06-06-2011,65.5999984741211,66.8499984741211,904200,67.55000305175781,65.86000061035156,55.98556137084961
07-06-2011,65.76000213623047,66.33000183105469,790200,67.30000305175781,66.04000091552734,56.13859176635742
08-06-2011,65.11000061035156,65.70999908447266,580600,65.8499984741211,65.44999694824219,55.63705825805664
09-06-2011,65.4000015258789,65.80000305175781,520100,67.2300033569336,66.61000061035156,56.623111724853516
10-06-2011,65.45999908447266,66.12000274658203,624300,66.58999633789062,65.5199966430664,55.69655227661133
13-06-2011,64.69999694824219,65.58999633789062,455200,65.87000274658203,65.04000091552734,55.428104400634766
14-06-2011,65.6500015258789,65.87000274658203,496800,66.91000366210938,66.16999816894531,56.39109420776367
15-06-2011,65.37999725341797,65.5,585200,66.44999694824219,65.55999755859375,55.871253967285156
16-06-2011,64.12000274658203,65.73999786376953,582700,66.33000183105469,64.8499984741211,55.266178131103516
17-06-2011,64.55999755859375,65.52999877929688,657900,65.75,64.69999694824219,55.13835144042969
20-06-2011,64.55999755859375,64.6500015258789,374800,66.01000213623047,65.68000030517578,55.97351837158203
21-06-2011,65.88999938964844,66.27999877929688,416400,67.94999694824219,67.68000030517578,57.677940368652344
22-06-2011,67.06999969482422,67.31999969482422,398200,68.0199966430664,67.27999877929688,57.3370361328125
23-06-2011,65.5,66.30000305175781,747800,67.44999694824219,66.9800033569336,57.08140563964844
24-06-2011,66.02999877929688,67.05999755859375,516900,67.22000122070312,66.13999938964844,56.36553955078125
27-06-2011,65.4000015258789,66.1500015258789,433200,66.4800033569336,66.1500015258789,56.37407302856445
28-06-2011,66.2699966430664,66.44000244140625,690700,67.31999969482422,67.31999969482422,57.37114334106445
29-06-2011,67.33999633789062,67.73999786376953,772300,68.8499984741211,68.5199966430664,58.39381408691406
30-06-2011,68.13999938964844,68.63999938964844,790300,69.29000091552734,69.19999694824219,58.973331451416016
01-07-2011,69.04000091552734,69.55000305175781,473200,70.55999755859375,70.4800033569336,60.06416320800781
05-07-2011,69.83000183105469,70.76000213623047,588300,70.76000213623047,70.05999755859375,59.70622253417969
06-07-2011,69.5,69.93000030517578,781900,70.56999969482422,70.19999694824219,59.825531005859375
07-07-2011,70.06999969482422,71.01000213623047,858900,71.20999908447266,70.55000305175781,60.12380599975586
08-07-2011,69.2300033569336,69.58999633789062,668800,70.69999694824219,70.55999755859375,60.132347106933594
11-07-2011,68.58999633789062,69.37999725341797,625100,69.87000274658203,69.0999984741211,58.88808822631836
12-07-2011,68.4000015258789,68.77999877929688,602800,69.55000305175781,68.66000366210938,58.51312255859375
13-07-2011,68.3499984741211,69.0999984741211,801200,69.33999633789062,68.44000244140625,58.32563781738281
14-07-2011,67.58000183105469,68.76000213623047,851700,69.16999816894531,67.91999816894531,57.88248062133789
15-07-2011,67.41999816894531,68.23999786376953,560900,68.25,68.1500015258789,58.07848358154297
18-07-2011,66.48999786376953,67.8499984741211,698500,68.11000061035156,67.38999938964844,57.430809020996094
19-07-2011,67.94000244140625,67.97000122070312,1094000,69.33999633789062,68.87999725341797,58.700599670410156
20-07-2011,67.62999725341797,69.08000183105469,568600,69.08000183105469,68.11000061035156,58.04440689086914
21-07-2011,68.0,68.37999725341797,1071900,70.06999969482422,69.91000366210938,59.578399658203125
22-07-2011,66.41000366210938,68.97000122070312,2162100,69.55999755859375,66.88999938964844,57.004703521728516
25-07-2011,66.18000030517578,66.31999969482422,1490500,69.02999877929688,68.69999694824219,58.547210693359375
26-07-2011,67.56999969482422,68.62999725341797,1376100,68.8499984741211,68.33999633789062,58.24041748046875
27-07-2011,67.76000213623047,67.7699966430664,1367700,68.87000274658203,67.95999908447266,57.916568756103516
28-07-2011,67.30000305175781,67.94000244140625,1079600,68.4000015258789,67.41999816894531,57.45637512207031
29-07-2011,65.80000305175781,66.1500015258789,758600,67.58000183105469,66.58000183105469,56.740516662597656
01-08-2011,65.5,67.48999786376953,1114700,67.58000183105469,66.52999877929688,56.69789123535156
02-08-2011,63.08000183105469,65.93000030517578,881100,66.81999969482422,63.18000030517578,53.84299087524414
03-08-2011,61.029998779296875,62.869998931884766,1243800,63.439998626708984,63.33000183105469,53.9708137512207
04-08-2011,57.279998779296875,62.369998931884766,2177900,62.369998931884766,57.40999984741211,48.92569351196289
05-08-2011,54.04999923706055,58.43000030517578,2743200,58.75,56.279998779296875,47.96269607543945
08-08-2011,51.45000076293945,53.88999938964844,2641400,54.61000061035156,51.459999084472656,43.855010986328125
09-08-2011,51.470001220703125,52.95000076293945,1932100,56.08000183105469,56.029998779296875,47.7496452331543
10-08-2011,52.619998931884766,53.529998779296875,2217600,55.22999954223633,52.7599983215332,44.96290588378906
11-08-2011,52.900001525878906,52.900001525878906,1762900,58.0,57.0,48.57628631591797
12-08-2011,57.0,57.59000015258789,1207700,58.529998779296875,58.119998931884766,49.5307731628418
15-08-2011,58.22999954223633,58.869998931884766,755800,59.4900016784668,59.45000076293945,50.6641960144043
16-08-2011,53.470001220703125,57.380001068115234,3536700,58.0,55.2599983215332,47.09342956542969
17-08-2011,53.84000015258789,55.7400016784668,1613500,56.150001525878906,53.9900016784668,46.01111602783203
18-08-2011,47.529998779296875,52.2400016784668,3296400,52.25,48.380001068115234,41.23019027709961
19-08-2011,46.150001525878906,47.75,2032600,49.0,46.310001373291016,39.46609878540039
22-08-2011,45.20000076293945,47.79999923706055,2587200,48.18000030517578,45.61000061035156,38.86955642700195
23-08-2011,45.61000061035156,46.08000183105469,1692400,47.36000061035156,47.09000015258789,40.13083267211914
24-08-2011,46.689998626708984,47.15999984741211,1305700,48.650001525878906,48.47999954223633,41.31541442871094
25-08-2011,47.349998474121094,48.84000015258789,1259700,49.119998931884766,47.61000061035156,40.57400131225586
26-08-2011,46.459999084472656,47.150001525878906,1209300,49.709999084472656,49.459999084472656,42.15058135986328
29-08-2011,50.099998474121094,50.22999954223633,1586200,51.970001220703125,51.88999938964844,44.221466064453125
30-08-2011,50.43000030517578,51.4900016784668,1136100,51.72999954223633,50.84000015258789,43.32664489746094
31-08-2011,50.16999816894531,51.45000076293945,1431600,52.27000045776367,50.709999084472656,43.21585464477539
01-09-2011,49.90999984741211,50.900001525878906,1112700,51.5099983215332,49.939998626708984,42.55963897705078
02-09-2011,47.09000015258789,48.70000076293945,1648300,49.119998931884766,47.63999938964844,40.59955978393555
06-09-2011,45.61000061035156,45.61000061035156,1416400,47.029998779296875,46.91999816894531,39.98595428466797
07-09-2011,47.66999816894531,47.75,776300,49.189998626708984,48.84000015258789,41.62221145629883
08-09-2011,47.56999969482422,48.619998931884766,665600,48.90999984741211,47.72999954223633,40.67625427246094
09-09-2011,45.560001373291016,47.040000915527344,1191800,47.25,45.849998474121094,39.0740852355957
12-09-2011,43.65999984741211,45.029998779296875,1785100,45.779998779296875,44.689998626708984,38.08551025390625
13-09-2011,44.66999816894531,44.84000015258789,1065700,46.18000030517578,45.61000061035156,39.01359176635742
14-09-2011,44.459999084472656,45.84000015258789,1096600,46.70000076293945,46.15999984741211,39.48405456542969
15-09-2011,46.279998779296875,46.709999084472656,789400,47.40999984741211,46.83000183105469,40.05715560913086
16-09-2011,45.91999816894531,46.9900016784668,1002200,47.119998931884766,46.29999923706055,39.60380172729492
19-09-2011,44.86000061035156,45.119998931884766,830100,46.25,45.86000061035156,39.22744369506836
20-09-2011,44.95000076293945,45.97999954223633,1378000,47.09000015258789,44.9900016784668,38.48325729370117
21-09-2011,43.43000030517578,45.060001373291016,1028400,45.22999954223633,43.43000030517578,37.148887634277344
22-09-2011,39.84000015258789,41.65999984741211,2573100,42.060001373291016,40.220001220703125,34.40312957763672
23-09-2011,39.7599983215332,40.02000045776367,999400,41.459999084472656,40.91999816894531,35.00189208984375
26-09-2011,40.119998931884766,41.47999954223633,845100,42.4900016784668,42.439998626708984,36.302059173583984
27-09-2011,43.599998474121094,43.79999923706055,1216800,45.58000183105469,44.0099983215332,37.644996643066406
28-09-2011,40.849998474121094,43.95000076293945,929900,44.130001068115234,41.0099983215332,35.078880310058594
29-09-2011,41.209999084472656,42.43000030517578,1032800,42.849998474121094,42.34000015258789,36.21652603149414
30-09-2011,40.380001068115234,41.43000030517578,1475500,41.849998474121094,40.400001525878906,34.557098388671875
03-10-2011,38.970001220703125,40.15999984741211,1568300,41.52000045776367,39.0,33.359561920166016
04-10-2011,38.02000045776367,38.41999816894531,1800000,40.31999969482422,40.27000045776367,34.44589614868164
05-10-2011,39.849998474121094,40.52000045776367,1649400,42.939998626708984,42.4900016784668,36.3448371887207
06-10-2011,41.619998931884766,42.22999954223633,995300,43.5,43.0,36.78107833862305
07-10-2011,41.54999923706055,43.18000030517578,1966400,43.45000076293945,43.400001525878906,37.12322235107422
10-10-2011,43.84000015258789,43.95000076293945,1609600,46.0,45.959999084472656,39.31297302246094
11-10-2011,45.18000030517578,45.31999969482422,931300,46.81999969482422,46.13999938964844,39.46695327758789
12-10-2011,46.2599983215332,46.75,1322700,48.40999984741211,47.439998626708984,40.57893371582031
13-10-2011,46.25,47.650001525878906,965900,47.869998931884766,47.5,40.630252838134766
14-10-2011,47.2599983215332,48.25,693000,48.72999954223633,48.630001068115234,41.59682083129883
17-10-2011,46.900001525878906,48.4900016784668,1070700,48.65999984741211,47.43000030517578,40.57036209106445
18-10-2011,46.279998779296875,47.41999816894531,1023600,49.18000030517578,48.959999084472656,41.87910079956055
19-10-2011,44.5,48.560001373291016,2641100,48.599998474121094,44.83000183105469,38.346405029296875
20-10-2011,44.16999816894531,45.130001068115234,2001000,45.720001220703125,45.439998626708984,38.868186950683594
21-10-2011,45.279998779296875,46.04999923706055,1996700,46.959999084472656,46.529998779296875,39.800533294677734
24-10-2011,46.189998626708984,46.720001220703125,1558200,48.959999084472656,48.61000061035156,41.5797119140625
25-10-2011,45.75,48.529998779296875,4549100,53.060001373291016,50.959999084472656,43.58984375
26-10-2011,49.779998779296875,52.27000045776367,2632400,53.20000076293945,52.720001220703125,45.09529495239258
27-10-2011,54.119998931884766,55.79999923706055,1774200,56.91999816894531,55.2599983215332,47.2679443359375
28-10-2011,54.4900016784668,54.599998474121094,1035500,55.900001525878906,55.130001068115234,47.156742095947266
31-10-2011,53.08000183105469,54.43000030517578,1226800,54.43000030517578,53.290000915527344,45.58287048339844
01-11-2011,50.31999969482422,51.83000183105469,1382400,52.13999938964844,50.970001220703125,43.598392486572266
02-11-2011,52.29999923706055,52.45000076293945,1282500,53.84000015258789,52.91999816894531,45.2663688659668
03-11-2011,52.27000045776367,54.0099983215332,801400,54.58000183105469,54.400001525878906,46.53233337402344
04-11-2011,52.4900016784668,53.65999984741211,701800,54.56999969482422,54.369998931884766,46.50666046142578
07-11-2011,53.15999984741211,54.5099983215332,956300,55.25,54.599998474121094,46.70340347290039
08-11-2011,52.900001525878906,55.02000045776367,1234500,55.02000045776367,54.529998779296875,46.643531799316406
09-11-2011,51.5099983215332,52.880001068115234,1372100,53.2400016784668,51.880001068115234,44.37677764892578
10-11-2011,51.61000061035156,52.959999084472656,537100,53.15999984741211,52.5,44.90712356567383
11-11-2011,53.25,53.34000015258789,805400,54.560001373291016,53.84000015258789,46.05331802368164
14-11-2011,52.75,53.65999984741211,534900,53.91999816894531,53.290000915527344,45.58287048339844
15-11-2011,51.18000030517578,52.880001068115234,1425400,53.0099983215332,52.310001373291016,44.744606018066406
16-11-2011,51.400001525878906,51.689998626708984,764000,53.79999923706055,52.15999984741211,44.61628341674805
17-11-2011,50.029998779296875,51.86000061035156,1020700,52.09000015258789,50.349998474121094,43.06807327270508
18-11-2011,49.75,50.56999969482422,490600,50.81999969482422,50.29999923706055,43.02531433105469
21-11-2011,48.61000061035156,49.400001525878906,646800,50.060001373291016,49.75,42.55484390258789
22-11-2011,48.4900016784668,49.52000045776367,641900,49.939998626708984,49.04999923706055,41.95607376098633
23-11-2011,46.93000030517578,48.209999084472656,740200,48.459999084472656,47.0,40.202552795410156
25-11-2011,46.619998931884766,46.66999816894531,335900,47.88999938964844,47.22999954223633,40.39930725097656
28-11-2011,49.13999938964844,49.400001525878906,735300,49.95000076293945,49.630001068115234,42.45220184326172
29-11-2011,49.25,49.959999084472656,505400,50.25,50.02000045776367,42.78580093383789
30-11-2011,52.41999816894531,52.720001220703125,1317900,54.540000915527344,54.529998779296875,46.643531799316406
01-12-2011,53.119998931884766,54.130001068115234,509200,54.66999816894531,53.5,45.76249313354492
02-12-2011,53.099998474121094,54.34000015258789,469200,54.7599983215332,53.290000915527344,45.58287048339844
05-12-2011,53.47999954223633,54.45000076293945,862500,54.880001068115234,53.75,45.97633743286133
06-12-2011,53.0,54.349998474121094,418100,54.349998474121094,53.7400016784668,45.9677848815918
07-12-2011,53.06999969482422,53.31999969482422,649200,54.880001068115234,54.58000183105469,46.686302185058594
08-12-2011,52.880001068115234,53.849998474121094,632900,54.47999954223633,53.08000183105469,45.403221130371094
09-12-2011,50.84000015258789,53.040000915527344,1353000,53.540000915527344,53.09000015258789,45.41178512573242
12-12-2011,50.209999084472656,52.150001525878906,1054700,52.290000915527344,50.90999984741211,43.547080993652344
13-12-2011,49.63999938964844,51.209999084472656,938700,51.970001220703125,50.4900016784668,43.33677673339844
14-12-2011,48.04999923706055,49.869998931884766,1266800,49.880001068115234,48.06999969482422,41.25965118408203
15-12-2011,48.18000030517578,49.0,712400,49.34000015258789,48.81999969482422,41.90339279174805
16-12-2011,48.86000061035156,49.27000045776367,1310300,50.619998931884766,50.15999984741211,43.05354690551758
19-12-2011,47.81999969482422,50.290000915527344,729500,50.689998626708984,48.0099983215332,41.2081413269043
20-12-2011,49.130001068115234,49.220001220703125,811200,50.540000915527344,50.04999923706055,42.95911407470703
21-12-2011,48.779998779296875,49.880001068115234,476100,49.970001220703125,49.81999969482422,42.7617073059082
22-12-2011,49.779998779296875,49.88999938964844,457100,51.119998931884766,50.7599983215332,43.568538665771484
23-12-2011,50.599998474121094,50.83000183105469,242300,51.33000183105469,51.13999938964844,43.894691467285156
27-12-2011,50.97999954223633,51.040000915527344,322200,52.45000076293945,51.4900016784668,44.195125579833984
28-12-2011,50.060001373291016,51.31999969482422,394600,51.43000030517578,50.16999816894531,43.062110900878906
29-12-2011,50.22999954223633,50.310001373291016,337100,51.56999969482422,51.4900016784668,44.195125579833984
30-12-2011,51.27000045776367,51.54999923706055,425300,52.029998779296875,51.5099983215332,44.21228790283203
03-01-2012,52.54999923706055,52.90999984741211,548700,54.15999984741211,52.72999954223633,45.259429931640625
04-01-2012,52.27000045776367,52.68000030517578,402800,53.720001220703125,53.5,45.92034912109375
05-01-2012,52.31999969482422,52.779998779296875,618800,53.7599983215332,53.58000183105469,45.9890022277832
06-01-2012,53.25,53.68000030517578,710800,54.40999984741211,53.470001220703125,45.89459228515625
09-01-2012,52.66999816894531,53.72999954223633,465600,53.90999984741211,53.43000030517578,45.860260009765625
10-01-2012,54.279998779296875,54.349998474121094,592100,55.470001220703125,55.09000015258789,47.285072326660156
11-01-2012,54.52000045776367,54.79999923706055,297400,55.619998931884766,55.369998931884766,47.52540588378906
12-01-2012,55.18000030517578,55.70000076293945,773300,57.70000076293945,57.4900016784668,49.34506607055664
13-01-2012,55.709999084472656,56.95000076293945,404000,56.9900016784668,56.79999923706055,48.7527961730957
17-01-2012,57.119998931884766,57.970001220703125,525600,58.45000076293945,57.34000015258789,49.21630859375
18-01-2012,56.90999984741211,57.0,729700,58.52000045776367,58.5099983215332,50.22053909301758
19-01-2012,58.619998931884766,58.630001068115234,1048200,61.22999954223633,60.09000015258789,51.576690673828125
20-01-2012,59.4900016784668,60.0,883500,60.099998474121094,59.63999938964844,51.190452575683594
23-01-2012,59.54999923706055,59.77000045776367,756300,61.04999923706055,60.09000015258789,51.576690673828125
24-01-2012,58.400001525878906,60.0099983215332,1455100,63.47999954223633,62.65999984741211,53.78258514404297
25-01-2012,61.439998626708984,62.70000076293945,895100,62.810001373291016,62.09000015258789,53.2933464050293
26-01-2012,62.65999984741211,62.70000076293945,919900,63.88999938964844,63.02000045776367,54.091583251953125
27-01-2012,62.95000076293945,63.06999969482422,728200,64.0,63.25,54.28900909423828
30-01-2012,62.540000915527344,62.70000076293945,661200,64.05000305175781,63.41999816894531,54.434913635253906
31-01-2012,63.130001068115234,63.790000915527344,835400,64.45999908447266,64.30999755859375,55.198822021484375
01-02-2012,65.0,65.16000366210938,930700,66.5999984741211,66.4000015258789,56.99272537231445
02-02-2012,65.56999969482422,66.62000274658203,684900,66.62000274658203,65.66999816894531,56.36614990234375
03-02-2012,66.51000213623047,66.80999755859375,768700,67.76000213623047,66.98999786376953,57.499122619628906
06-02-2012,66.0,66.44000244140625,540500,67.55000305175781,67.5,57.93687438964844
07-02-2012,66.55999755859375,67.44999694824219,769900,67.8499984741211,66.9000015258789,57.421878814697266
08-02-2012,66.33999633789062,67.12999725341797,356600,67.87999725341797,66.7300033569336,57.27596664428711
09-02-2012,65.66000366210938,66.91999816894531,580600,68.51000213623047,66.51000213623047,57.08713912963867
10-02-2012,64.58000183105469,65.45999908447266,889300,66.0,65.2300033569336,55.988502502441406
13-02-2012,65.63999938964844,65.80999755859375,509200,66.54000091552734,66.13999938964844,56.76955795288086
14-02-2012,64.45999908447266,65.7699966430664,948100,66.01000213623047,65.25,56.005653381347656
15-02-2012,64.19999694824219,65.5999984741211,1422500,65.83999633789062,64.70999908447266,55.54216384887695
16-02-2012,64.66000366210938,64.79000091552734,512900,66.45999908447266,66.37999725341797,56.97555160522461
17-02-2012,66.08999633789062,66.69000244140625,404000,67.0,66.27999877929688,56.889739990234375
21-02-2012,65.29000091552734,66.5199966430664,342500,66.62000274658203,65.7699966430664,56.45197296142578
22-02-2012,65.29000091552734,65.98999786376953,417500,66.61000061035156,66.19000244140625,56.812477111816406
23-02-2012,65.86000061035156,66.08000183105469,414200,66.83999633789062,66.58000183105469,57.14722442626953
24-02-2012,66.02999877929688,66.54000091552734,442500,67.05000305175781,66.13999938964844,56.76955795288086
27-02-2012,65.04000091552734,65.5,475700,67.33999633789062,66.88999938964844,57.413299560546875
28-02-2012,66.33999633789062,66.87999725341797,284600,67.54000091552734,66.7300033569336,57.27596664428711
29-02-2012,66.41000366210938,66.88999938964844,728100,67.62000274658203,66.5199966430664,57.09571838378906
01-03-2012,66.66999816894531,66.94999694824219,445200,68.26000213623047,67.69999694824219,58.10853576660156
02-03-2012,65.6500015258789,67.44999694824219,652200,67.91999816894531,65.91999816894531,56.58071517944336
05-03-2012,61.779998779296875,65.23999786376953,1142000,65.26000213623047,62.400001525878906,53.55942916870117
06-03-2012,59.40999984741211,63.380001068115234,1018900,63.380001068115234,60.04999923706055,51.5423583984375
07-03-2012,60.09000015258789,60.11000061035156,872000,61.81999969482422,61.5,52.78693771362305
08-03-2012,62.029998779296875,62.38999938964844,426300,63.18000030517578,62.93000030517578,54.01433181762695
09-03-2012,62.56999969482422,62.939998626708984,347300,63.599998474121094,63.04999923706055,54.11733627319336
12-03-2012,62.33000183105469,62.9900016784668,344300,63.040000915527344,62.75,53.85983657836914
13-03-2012,62.41999816894531,62.81999969482422,794200,63.65999984741211,63.65999984741211,54.81562423706055
14-03-2012,63.369998931884766,63.650001525878906,550200,64.0,63.90999984741211,55.030906677246094
15-03-2012,63.84000015258789,64.0,671700,64.66999816894531,64.5999984741211,55.625030517578125
16-03-2012,64.02999877929688,64.79000091552734,650100,64.98999786376953,64.37000274658203,55.42697525024414
19-03-2012,63.540000915527344,64.18000030517578,359900,64.94999694824219,64.37999725341797,55.43558883666992
20-03-2012,63.18000030517578,63.880001068115234,432700,64.25,64.0199966430664,55.125606536865234
21-03-2012,63.95000076293945,64.25,470400,64.7699966430664,64.27999877929688,55.3494758605957
22-03-2012,62.93000030517578,63.59000015258789,488300,63.959999084472656,63.43000030517578,54.61757278442383
23-03-2012,62.33000183105469,63.529998779296875,696900,63.54999923706055,62.66999816894531,53.96316909790039
26-03-2012,63.27000045776367,63.279998779296875,409300,64.38999938964844,64.38999938964844,55.44419860839844
27-03-2012,64.4000015258789,64.44000244140625,234200,65.0199966430664,64.62999725341797,55.65087127685547
28-03-2012,62.77000045776367,64.48999786376953,383000,64.48999786376953,63.15999984741211,54.385093688964844
29-03-2012,62.349998474121094,62.75,328000,63.84000015258789,63.689998626708984,54.84144592285156
30-03-2012,63.310001373291016,64.4000015258789,326300,64.58000183105469,63.91999816894531,55.03950500488281
02-04-2012,63.47999954223633,63.650001525878906,687700,65.5,65.18000030517578,56.124454498291016
03-04-2012,63.88999938964844,65.19000244140625,507200,65.45999908447266,64.41999816894531,55.47003936767578
04-04-2012,63.36000061035156,63.720001220703125,945600,64.38999938964844,63.63999938964844,54.79841232299805
05-04-2012,62.93000030517578,63.439998626708984,503100,64.38999938964844,63.02000045776367,54.2645378112793
09-04-2012,61.790000915527344,61.91999816894531,619800,63.150001525878906,63.029998779296875,54.27314758300781
10-04-2012,61.220001220703125,63.029998779296875,631600,63.38999938964844,61.310001373291016,52.79212951660156
11-04-2012,61.689998626708984,62.38999938964844,521900,62.709999084472656,61.97999954223633,53.36902618408203
12-04-2012,62.099998474121094,62.11000061035156,374900,64.06999969482422,63.720001220703125,54.867305755615234
13-04-2012,62.81999969482422,63.439998626708984,366800,63.88999938964844,62.849998474121094,54.118160247802734
16-04-2012,62.34000015258789,63.060001373291016,574100,63.79999923706055,63.369998931884766,54.56591033935547
17-04-2012,63.72999954223633,64.0999984741211,459500,64.87000274658203,64.12000274658203,55.21173095703125
18-04-2012,63.43000030517578,63.7599983215332,1159900,66.05999755859375,65.25,56.18472671508789
19-04-2012,62.2599983215332,64.97000122070312,1379100,65.48999786376953,63.72999954223633,54.87589645385742
20-04-2012,63.119998931884766,63.560001373291016,1666100,66.13999938964844,65.44000244140625,56.34833526611328
23-04-2012,62.41999816894531,62.66999816894531,688900,64.56999969482422,64.41000366210938,55.461429595947266
24-04-2012,63.119998931884766,64.19000244140625,694100,64.36000061035156,63.22999954223633,54.44536209106445
25-04-2012,63.95000076293945,64.44000244140625,612200,64.87000274658203,64.55999755859375,55.590579986572266
26-04-2012,64.0199966430664,64.19999694824219,525300,65.48999786376953,65.12999725341797,56.08140182495117
27-04-2012,65.4000015258789,65.41000366210938,682800,66.5199966430664,66.2300033569336,57.028568267822266
30-04-2012,64.88999938964844,65.86000061035156,527400,66.1500015258789,65.30000305175781,56.22777557373047
01-05-2012,65.30000305175781,65.30000305175781,737300,67.13999938964844,66.06999969482422,56.890804290771484
02-05-2012,65.30999755859375,65.80000305175781,606100,66.33999633789062,66.05999755859375,56.88217544555664
03-05-2012,65.29000091552734,66.05999755859375,502800,66.36000061035156,65.5,56.399986267089844
04-05-2012,63.31999969482422,64.98999786376953,483500,65.05000305175781,63.65999984741211,54.81562423706055
07-05-2012,63.13999938964844,63.2400016784668,641600,64.83000183105469,64.25,55.32364273071289
08-05-2012,62.459999084472656,63.650001525878906,786500,63.7400016784668,63.25,54.46259307861328
09-05-2012,60.77000045776367,62.0,1107400,62.83000183105469,62.61000061035156,53.9115104675293
10-05-2012,62.68000030517578,63.349998474121094,543800,63.650001525878906,62.900001525878906,54.161216735839844
11-05-2012,62.060001373291016,62.18000030517578,477700,63.77000045776367,63.279998779296875,54.488426208496094
14-05-2012,60.849998474121094,62.099998474121094,778500,62.45000076293945,60.970001220703125,52.49933624267578
15-05-2012,60.5099983215332,60.97999954223633,1198200,61.95000076293945,61.849998474121094,53.257080078125
16-05-2012,62.22999954223633,62.9900016784668,2187300,64.88999938964844,62.810001373291016,54.0837287902832
17-05-2012,59.93000030517578,62.7400016784668,1257500,62.970001220703125,59.97999954223633,51.64689636230469
18-05-2012,59.150001525878906,60.290000915527344,1501500,60.630001068115234,59.29999923706055,51.061363220214844
21-05-2012,58.880001068115234,59.400001525878906,1643500,62.04999923706055,61.689998626708984,53.11932373046875
22-05-2012,59.099998474121094,61.349998474121094,1809600,61.650001525878906,59.56999969482422,51.29384231567383
23-05-2012,57.869998931884766,58.970001220703125,1653400,60.189998626708984,60.099998474121094,51.750221252441406
24-05-2012,59.36000061035156,60.439998626708984,909500,61.06999969482422,60.4900016784668,52.08604431152344
25-05-2012,60.40999984741211,61.060001373291016,923900,61.709999084472656,61.43000030517578,52.89544677734375
29-05-2012,62.33000183105469,62.349998474121094,1489700,63.97999954223633,63.68000030517578,54.83283615112305
30-05-2012,60.709999084472656,62.72999954223633,950000,63.040000915527344,60.779998779296875,52.33574295043945
31-05-2012,59.290000915527344,61.0,3770500,61.09000015258789,60.70000076293945,52.266868591308594
01-06-2012,56.70000076293945,58.209999084472656,1400100,59.0,56.900001525878906,48.99480438232422
04-06-2012,55.86000061035156,57.25,1000100,57.65999984741211,57.2599983215332,49.304779052734375
05-06-2012,57.18000030517578,57.18000030517578,1043000,59.720001220703125,59.380001068115234,51.1302490234375
06-06-2012,59.779998779296875,59.779998779296875,682700,61.20000076293945,60.5099983215332,52.103267669677734
07-06-2012,60.25,61.5,802700,62.959999084472656,60.34000015258789,51.95688247680664
08-06-2012,59.290000915527344,60.13999938964844,560200,60.90999984741211,60.83000183105469,52.37881088256836
11-06-2012,58.560001373291016,61.70000076293945,640300,61.77000045776367,58.66999816894531,50.51889419555664
12-06-2012,58.72999954223633,59.119998931884766,521800,59.779998779296875,59.70000076293945,51.40580368041992
13-06-2012,57.560001373291016,59.2599983215332,704200,59.459999084472656,57.7400016784668,49.88521957397461
14-06-2012,57.18000030517578,57.7400016784668,1248400,58.34000015258789,57.93000030517578,50.049381256103516
15-06-2012,58.2400016784668,58.369998931884766,716100,59.439998626708984,59.279998779296875,51.215721130371094
18-06-2012,58.560001373291016,58.95000076293945,574200,60.38999938964844,60.31999969482422,52.1142463684082
19-06-2012,60.70000076293945,60.70000076293945,466500,62.029998779296875,61.75,53.349700927734375
20-06-2012,61.34000015258789,61.75,707500,62.59000015258789,61.81999969482422,53.41019058227539
21-06-2012,58.66999816894531,61.72999954223633,779200,61.900001525878906,59.04999923706055,51.01701736450195
22-06-2012,58.060001373291016,59.33000183105469,1363400,59.41999816894531,58.7400016784668,50.74918746948242
25-06-2012,56.720001220703125,57.70000076293945,957900,57.880001068115234,57.70000076293945,49.85066223144531
26-06-2012,57.4900016784668,57.869998931884766,642800,59.0,58.470001220703125,50.51591873168945
27-06-2012,57.5,58.66999816894531,837600,58.97999954223633,57.75,49.893856048583984
28-06-2012,57.060001373291016,57.060001373291016,865400,57.95000076293945,57.88999938964844,50.014801025390625
29-06-2012,59.13999938964844,59.540000915527344,803800,59.880001068115234,59.63999938964844,51.526737213134766
02-07-2012,59.0099983215332,59.939998626708984,604700,60.2599983215332,60.189998626708984,52.00193786621094
03-07-2012,60.22999954223633,60.279998779296875,317600,62.189998626708984,61.900001525878906,53.479312896728516
05-07-2012,61.36000061035156,61.63999938964844,462200,62.34000015258789,61.56999969482422,53.19419860839844
06-07-2012,59.709999084472656,60.65999984741211,645500,61.06999969482422,59.9900016784668,51.829139709472656
09-07-2012,58.939998626708984,60.02000045776367,400400,60.099998474121094,59.45000076293945,51.362586975097656
10-07-2012,58.400001525878906,60.040000915527344,558600,60.41999816894531,58.880001068115234,50.87012481689453
11-07-2012,56.93000030517578,58.9900016784668,814900,59.040000915527344,57.29999923706055,49.50506591796875
12-07-2012,55.65999984741211,57.04999923706055,799600,57.04999923706055,56.529998779296875,48.83980941772461
13-07-2012,57.11000061035156,57.11000061035156,707800,58.13999938964844,57.939998626708984,50.05801010131836
16-07-2012,56.779998779296875,57.81999969482422,660500,57.900001525878906,57.31999969482422,49.52235412597656
17-07-2012,56.77000045776367,57.79999923706055,1047900,57.849998474121094,57.22999954223633,49.44459915161133
18-07-2012,53.18000030517578,55.2400016784668,2089100,56.02000045776367,55.61000061035156,48.04497146606445
19-07-2012,55.0099983215332,55.70000076293945,1485700,57.7599983215332,57.529998779296875,49.70379638671875
20-07-2012,56.709999084472656,57.0,1509200,57.459999084472656,57.06999969482422,49.306373596191406
23-07-2012,55.40999984741211,56.0,1547800,56.97999954223633,56.70000076293945,48.98671340942383
24-07-2012,54.38999938964844,56.7599983215332,1152300,56.939998626708984,54.84000015258789,47.37973403930664
25-07-2012,54.90999984741211,55.40999984741211,685900,55.900001525878906,55.13999938964844,47.638919830322266
26-07-2012,55.4900016784668,56.099998474121094,557600,56.43000030517578,56.369998931884766,48.701595306396484
27-07-2012,56.5099983215332,56.810001373291016,733100,58.290000915527344,58.119998931884766,50.213531494140625
30-07-2012,57.529998779296875,58.09000015258789,718300,58.88999938964844,58.220001220703125,50.299922943115234
31-07-2012,57.75,57.88999938964844,670000,58.63999938964844,58.220001220703125,50.299922943115234
01-08-2012,57.75,58.470001220703125,452600,58.86000061035156,57.75,49.893856048583984
02-08-2012,55.65999984741211,56.91999816894531,718900,57.68000030517578,56.529998779296875,48.83980941772461
03-08-2012,58.099998474121094,58.11000061035156,447000,59.099998474121094,58.529998779296875,50.567745208740234
06-08-2012,58.709999084472656,58.91999816894531,436100,59.41999816894531,59.11000061035156,51.0688591003418
07-08-2012,59.29999923706055,59.68000030517578,673300,60.459999084472656,60.22999954223633,52.03648376464844
08-08-2012,59.68000030517578,59.90999984741211,337900,60.43000030517578,60.18000030517578,51.99329376220703
09-08-2012,60.18000030517578,60.20000076293945,326800,61.119998931884766,60.869998931884766,52.58941650390625
10-08-2012,60.029998779296875,60.599998474121094,274800,61.040000915527344,60.9900016784668,52.69309997558594
13-08-2012,60.310001373291016,60.5,462600,61.09000015258789,61.06999969482422,52.76221466064453
14-08-2012,60.22999954223633,61.189998626708984,566400,61.43000030517578,60.439998626708984,52.21791458129883
15-08-2012,60.34000015258789,60.34000015258789,336100,60.9900016784668,60.869998931884766,52.58941650390625
16-08-2012,60.599998474121094,61.0099983215332,504800,61.41999816894531,61.20000076293945,52.87453079223633
17-08-2012,60.880001068115234,61.099998474121094,423500,61.45000076293945,61.310001373291016,52.969581604003906
20-08-2012,60.54999923706055,61.04999923706055,440400,61.189998626708984,61.15999984741211,52.8399658203125
21-08-2012,58.130001068115234,60.880001068115234,1414500,61.040000915527344,58.86000061035156,50.85285949707031
22-08-2012,57.630001068115234,58.619998931884766,1449100,58.7400016784668,57.95000076293945,50.06664276123047
23-08-2012,56.43000030517578,57.939998626708984,1539600,57.939998626708984,56.70000076293945,48.98671340942383
24-08-2012,55.95000076293945,56.72999954223633,907400,56.86000061035156,56.400001525878906,48.727516174316406
27-08-2012,55.119998931884766,56.61000061035156,1473600,56.61000061035156,55.310001373291016,47.785797119140625
28-08-2012,54.4900016784668,55.310001373291016,1507500,55.5099983215332,54.52000045776367,47.103271484375
29-08-2012,54.209999084472656,54.72999954223633,1713300,54.81999969482422,54.72999954223633,47.28470230102539
30-08-2012,54.040000915527344,54.20000076293945,1073700,54.66999816894531,54.400001525878906,46.99959182739258
31-08-2012,54.099998474121094,54.84000015258789,1075700,55.20000076293945,54.72999954223633,47.28470230102539
04-09-2012,53.279998779296875,54.439998626708984,930200,54.7599983215332,54.08000183105469,46.723121643066406
05-09-2012,53.41999816894531,54.099998474121094,995400,54.2599983215332,54.060001373291016,46.70583724975586
06-09-2012,54.68000030517578,54.689998626708984,965900,56.41999816894531,55.75,48.165931701660156
07-09-2012,55.66999816894531,56.0,1003900,56.970001220703125,56.91999816894531,49.17676544189453
10-09-2012,56.52000045776367,56.65999984741211,695000,57.029998779296875,56.75,49.02989959716797
11-09-2012,56.33000183105469,56.66999816894531,560400,56.959999084472656,56.779998779296875,49.05582046508789
12-09-2012,54.459999084472656,56.439998626708984,1450400,56.720001220703125,54.68000030517578,47.40848159790039
13-09-2012,52.869998931884766,54.119998931884766,2785200,54.2400016784668,53.47999954223633,46.36806869506836
14-09-2012,53.650001525878906,53.689998626708984,1577500,54.13999938964844,53.88999938964844,46.72352981567383
17-09-2012,53.369998931884766,53.68000030517578,728600,53.7400016784668,53.459999084472656,46.350730895996094
18-09-2012,51.86000061035156,52.86000061035156,1350900,53.099998474121094,52.68000030517578,45.67445373535156
19-09-2012,52.810001373291016,52.939998626708984,1951200,54.63999938964844,54.27000045776367,47.05301284790039
20-09-2012,53.2599983215332,53.630001068115234,971700,53.720001220703125,53.58000183105469,46.45476150512695
21-09-2012,53.18000030517578,53.970001220703125,982200,54.31999969482422,53.209999084472656,46.13397979736328
24-09-2012,52.650001525878906,52.75,678200,53.09000015258789,52.869998931884766,45.839176177978516
25-09-2012,51.63999938964844,52.97999954223633,772100,53.22999954223633,51.650001525878906,44.781429290771484
26-09-2012,50.880001068115234,51.68000030517578,753100,51.91999816894531,51.560001373291016,44.7033805847168
27-09-2012,51.52000045776367,51.72999954223633,795300,52.529998779296875,52.40999984741211,45.44036102294922
28-09-2012,51.77000045776367,52.0,807900,52.79999923706055,52.68000030517578,45.67445373535156
01-10-2012,52.43000030517578,53.15999984741211,1104100,53.709999084472656,52.70000076293945,45.69179153442383
02-10-2012,52.52000045776367,52.880001068115234,703100,53.060001373291016,53.0,45.951900482177734
03-10-2012,52.720001220703125,52.970001220703125,658900,53.349998474121094,53.0099983215332,45.960567474365234
04-10-2012,53.189998626708984,53.349998474121094,718900,53.97999954223633,53.75,46.60215759277344
05-10-2012,53.939998626708984,54.130001068115234,992400,54.630001068115234,54.349998474121094,47.12236404418945
08-10-2012,53.27000045776367,53.779998779296875,613500,53.97999954223633,53.59000015258789,46.46343994140625
09-10-2012,52.5099983215332,53.54999923706055,872300,53.54999923706055,52.68000030517578,45.67445373535156
10-10-2012,51.77000045776367,52.81999969482422,561100,52.849998474121094,51.84000015258789,44.946144104003906
11-10-2012,52.22999954223633,52.40999984741211,398700,52.779998779296875,52.33000183105469,45.37099838256836
12-10-2012,51.86000061035156,52.400001525878906,344200,52.88999938964844,52.0099983215332,45.09354782104492
15-10-2012,51.86000061035156,52.060001373291016,1245600,52.619998931884766,52.349998474121094,45.38832092285156
16-10-2012,52.18000030517578,52.7400016784668,896800,53.880001068115234,53.79999923706055,46.64551544189453
17-10-2012,53.720001220703125,53.95000076293945,840100,54.43000030517578,54.279998779296875,47.061676025390625
18-10-2012,52.0,52.849998474121094,2688100,56.099998474121094,55.720001220703125,48.310184478759766
19-10-2012,54.88999938964844,55.689998626708984,1820200,56.2599983215332,55.33000183105469,47.97205352783203
22-10-2012,55.130001068115234,55.130001068115234,1466400,56.22999954223633,56.18000030517578,48.70900344848633
23-10-2012,54.40999984741211,54.79999923706055,1385100,55.779998779296875,55.43000030517578,48.05875015258789
24-10-2012,54.90999984741211,55.88999938964844,1086800,56.0,55.0099983215332,47.69458770751953
25-10-2012,54.650001525878906,55.38999938964844,796500,55.54999923706055,55.09000015258789,47.763946533203125
26-10-2012,54.880001068115234,55.08000183105469,753600,55.66999816894531,55.290000915527344,47.937355041503906
31-10-2012,54.970001220703125,55.459999084472656,719700,55.5,55.11000061035156,47.781307220458984
01-11-2012,54.630001068115234,55.380001068115234,1062800,57.06999969482422,56.790000915527344,49.23789596557617
02-11-2012,55.779998779296875,57.11000061035156,721500,57.189998626708984,56.22999954223633,48.75236129760742
05-11-2012,55.97999954223633,55.97999954223633,688900,56.869998931884766,56.810001373291016,49.25522994995117
06-11-2012,56.70000076293945,56.88999938964844,734900,57.439998626708984,57.02000045776367,49.437313079833984
07-11-2012,55.06999969482422,56.08000183105469,831600,56.43000030517578,55.5099983215332,48.12811279296875
08-11-2012,54.47999954223633,55.529998779296875,912200,56.18000030517578,54.4900016784668,47.24374771118164
09-11-2012,53.880001068115234,54.290000915527344,740700,55.25,54.209999084472656,47.00098419189453
12-11-2012,54.560001373291016,54.560001373291016,444100,55.54999923706055,55.11000061035156,47.781307220458984
13-11-2012,55.15999984741211,55.15999984741211,854100,56.61000061035156,55.650001525878906,48.24949645996094
14-11-2012,54.220001220703125,55.709999084472656,485100,56.380001068115234,54.34000015258789,47.11370849609375
15-11-2012,53.599998474121094,54.83000183105469,636800,54.90999984741211,54.08000183105469,46.888275146484375
16-11-2012,53.97999954223633,54.310001373291016,879800,54.77000045776367,54.310001373291016,47.08769607543945
19-11-2012,55.189998626708984,55.189998626708984,820100,56.790000915527344,56.380001068115234,48.88241195678711
20-11-2012,56.209999084472656,56.310001373291016,857700,56.95000076293945,56.40999984741211,48.908409118652344
21-11-2012,56.130001068115234,56.61000061035156,457000,56.91999816894531,56.40999984741211,48.908409118652344
23-11-2012,56.689998626708984,56.779998779296875,335800,58.099998474121094,57.540000915527344,49.88815689086914
26-11-2012,57.0099983215332,57.25,503000,57.81999969482422,57.4900016784668,49.84480285644531
27-11-2012,56.029998779296875,57.119998931884766,752400,58.08000183105469,57.90999984741211,50.20893859863281
28-11-2012,57.43000030517578,57.849998474121094,1013600,59.220001220703125,59.189998626708984,51.3187255859375
29-11-2012,59.25,59.47999954223633,1151600,60.529998779296875,60.16999816894531,52.16840744018555
30-11-2012,59.540000915527344,60.0,1041600,60.709999084472656,59.790000915527344,51.83893585205078
03-12-2012,58.7599983215332,60.11000061035156,939400,60.540000915527344,58.83000183105469,51.00660705566406
04-12-2012,58.61000061035156,58.93000030517578,548800,59.38999938964844,58.959999084472656,51.11930465698242
05-12-2012,58.52000045776367,58.9900016784668,462500,59.47999954223633,59.13999938964844,51.2753791809082
06-12-2012,58.849998474121094,59.150001525878906,439500,59.43000030517578,59.18000030517578,51.31006622314453
07-12-2012,58.939998626708984,59.380001068115234,478300,59.40999984741211,59.20000076293945,51.3274040222168
10-12-2012,58.4900016784668,59.20000076293945,437100,59.959999084472656,59.7599983215332,51.81291580200195
11-12-2012,59.68000030517578,59.900001525878906,715500,60.630001068115234,59.900001525878906,51.93431854248047
12-12-2012,59.150001525878906,60.06999969482422,370100,60.220001220703125,59.38999938964844,51.664634704589844
13-12-2012,58.880001068115234,59.34000015258789,609800,60.0,59.27000045776367,51.56024932861328
14-12-2012,59.0099983215332,59.36000061035156,365500,59.880001068115234,59.369998931884766,51.647247314453125
17-12-2012,59.380001068115234,59.380001068115234,734000,60.220001220703125,60.189998626708984,52.360572814941406
18-12-2012,60.18000030517578,60.18000030517578,774700,61.81999969482422,61.790000915527344,53.752445220947266
19-12-2012,61.75,61.75,792000,62.5099983215332,62.02000045776367,53.95252227783203
20-12-2012,61.47999954223633,61.970001220703125,474600,62.27000045776367,62.04999923706055,53.9786262512207
21-12-2012,60.72999954223633,61.130001068115234,1179400,62.11000061035156,61.65999984741211,53.63936996459961
24-12-2012,61.11000061035156,61.43000030517578,156700,61.97999954223633,61.93000030517578,53.87423324584961
26-12-2012,61.54999923706055,62.060001373291016,327400,62.400001525878906,61.66999816894531,53.64805221557617
27-12-2012,60.720001220703125,61.81999969482422,372900,62.13999938964844,61.70000076293945,53.674163818359375
28-12-2012,60.86000061035156,61.27000045776367,228000,61.61000061035156,60.88999938964844,52.969520568847656
31-12-2012,60.61000061035156,60.61000061035156,343700,62.36000061035156,62.119998931884766,54.039520263671875
02-01-2013,63.689998626708984,63.689998626708984,568100,64.72000122070312,64.30000305175781,55.935951232910156
03-01-2013,63.56999969482422,64.33000183105469,408000,64.69999694824219,63.880001068115234,55.570594787597656
04-01-2013,63.779998779296875,63.81999969482422,441300,64.80999755859375,64.62999725341797,56.22303009033203
07-01-2013,64.0,64.12000274658203,668600,65.08000183105469,64.94999694824219,56.501407623291016
08-01-2013,63.52000045776367,64.4000015258789,318000,64.58999633789062,63.77000045776367,55.47489929199219
09-01-2013,63.59000015258789,63.900001525878906,389800,64.30999755859375,64.12000274658203,55.77937698364258
10-01-2013,63.720001220703125,64.41000366210938,403400,64.70999908447266,64.16999816894531,55.82286834716797
11-01-2013,63.54999923706055,64.16000366210938,406300,64.23999786376953,63.970001220703125,55.64887237548828
14-01-2013,63.75,63.90999984741211,259200,64.62999725341797,64.62999725341797,56.22303009033203
15-01-2013,64.29000091552734,64.5999984741211,793000,65.3499984741211,65.0999984741211,56.63189697265625
16-01-2013,64.41999816894531,64.87000274658203,377600,65.0,64.61000061035156,56.20561218261719
17-01-2013,64.8499984741211,65.0199966430664,640800,65.58000183105469,65.26000213623047,56.77107238769531
18-01-2013,64.33000183105469,65.54000091552734,754700,65.54000091552734,64.44000244140625,56.05774688720703
22-01-2013,63.97999954223633,64.52999877929688,1056600,64.69999694824219,64.33000183105469,55.9620475769043
23-01-2013,63.880001068115234,65.7300033569336,2728900,67.75,64.66999816894531,56.257816314697266
24-01-2013,60.709999084472656,63.4900016784668,1892000,63.59000015258789,62.11000061035156,54.030818939208984
25-01-2013,61.41999816894531,62.52000045776367,1025300,62.79999923706055,62.43000030517578,54.309200286865234
28-01-2013,62.099998474121094,62.5,879900,63.349998474121094,63.15999984741211,54.944236755371094
29-01-2013,62.869998931884766,62.9900016784668,663600,63.5,63.189998626708984,54.9703369140625
30-01-2013,62.33000183105469,63.2599983215332,552400,63.2599983215332,62.4900016784668,54.36138153076172
31-01-2013,61.279998779296875,61.9900016784668,715100,62.029998779296875,61.310001373291016,53.33489227294922
01-02-2013,61.15999984741211,61.970001220703125,725300,61.970001220703125,61.75,53.7176513671875
04-02-2013,61.119998931884766,61.2400016784668,609600,61.9900016784668,61.599998474121094,53.587162017822266
05-02-2013,61.900001525878906,61.900001525878906,687200,62.70000076293945,62.27000045776367,54.17000961303711
06-02-2013,61.650001525878906,61.790000915527344,562700,62.63999938964844,62.029998779296875,53.96123123168945
07-02-2013,61.189998626708984,62.06999969482422,509300,62.09000015258789,61.58000183105469,53.56977462768555
08-02-2013,61.779998779296875,61.779998779296875,422700,63.02000045776367,62.65999984741211,54.50928497314453
11-02-2013,62.400001525878906,62.68000030517578,428200,62.939998626708984,62.7599983215332,54.59626007080078
12-02-2013,62.27000045776367,62.45000076293945,376300,62.939998626708984,62.70000076293945,54.544071197509766
13-02-2013,64.05000305175781,64.05000305175781,1949000,66.83000183105469,66.1500015258789,57.545318603515625
14-02-2013,65.27999877929688,65.8499984741211,585300,65.98999786376953,65.41000366210938,56.90157699584961
15-02-2013,65.0,65.37000274658203,378800,65.86000061035156,65.41999816894531,56.9102668762207
19-02-2013,65.6500015258789,65.6500015258789,731100,66.80999755859375,65.83999633789062,57.2756233215332
20-02-2013,64.05000305175781,65.69999694824219,462100,65.93000030517578,64.05999755859375,55.727176666259766
21-02-2013,63.2599983215332,63.7599983215332,694100,64.27999877929688,64.12999725341797,55.788055419921875
22-02-2013,64.38999938964844,64.4800033569336,551300,65.25,65.0,56.54489517211914
25-02-2013,63.400001525878906,65.30999755859375,665100,65.30999755859375,63.400001525878906,55.153018951416016
26-02-2013,63.5,63.68000030517578,515600,64.16000366210938,63.86000061035156,55.55318069458008
27-02-2013,63.790000915527344,63.86000061035156,244900,65.5199966430664,65.22000122070312,56.73628616333008
28-02-2013,65.08000183105469,65.20999908447266,350400,65.72000122070312,65.08000183105469,56.61448287963867
01-03-2013,63.380001068115234,64.41000366210938,718200,64.6500015258789,64.29000091552734,55.92725372314453
04-03-2013,63.31999969482422,64.0999984741211,704200,64.4800033569336,63.59000015258789,55.31830596923828
05-03-2013,63.459999084472656,64.01000213623047,1125300,64.76000213623047,63.560001373291016,55.29221725463867
06-03-2013,63.779998779296875,63.95000076293945,921400,65.25,64.62999725341797,56.22303009033203
07-03-2013,64.02999877929688,64.73999786376953,545900,65.18000030517578,64.20999908447266,55.8576545715332
08-03-2013,64.31999969482422,64.68000030517578,648700,65.63999938964844,65.61000061035156,57.07554244995117
11-03-2013,64.80999755859375,65.4000015258789,415000,65.4800033569336,65.41999816894531,56.9102668762207
12-03-2013,64.88999938964844,65.47000122070312,439200,65.81999969482422,64.9000015258789,56.45790100097656
13-03-2013,64.44999694824219,64.88999938964844,388600,65.2699966430664,64.9800033569336,56.73731994628906
14-03-2013,64.73999786376953,65.19000244140625,271400,65.5999984741211,65.55999755859375,57.24373245239258
15-03-2013,63.099998474121094,65.33000183105469,1321200,65.33999633789062,63.209999084472656,55.191837310791016
18-03-2013,62.08000183105469,62.349998474121094,1054200,62.79999923706055,62.439998626708984,54.519508361816406
19-03-2013,61.9900016784668,62.560001373291016,597400,62.79999923706055,62.61000061035156,54.66795349121094
20-03-2013,62.029998779296875,62.959999084472656,526500,63.16999816894531,62.20000076293945,54.309959411621094
21-03-2013,60.959999084472656,61.75,922000,62.470001220703125,62.189998626708984,54.30121994018555
22-03-2013,60.97999954223633,62.38999938964844,678600,62.439998626708984,61.16999816894531,53.41060256958008
25-03-2013,60.7400016784668,61.34000015258789,737000,62.150001525878906,61.81999969482422,53.9781494140625
26-03-2013,61.77000045776367,61.9900016784668,471700,62.45000076293945,62.0099983215332,54.14405059814453
27-03-2013,61.2599983215332,61.529998779296875,658700,62.33000183105469,61.75,53.91703414916992
28-03-2013,61.33000183105469,61.63999938964844,436100,62.68000030517578,62.52000045776367,54.5893669128418
01-04-2013,60.91999816894531,62.220001220703125,746900,62.540000915527344,61.29999923706055,53.52411651611328
02-04-2013,60.93000030517578,61.5,581200,61.529998779296875,61.15999984741211,53.401885986328125
03-04-2013,59.779998779296875,61.20000076293945,597900,61.68000030517578,60.2599983215332,52.616050720214844
04-04-2013,60.369998931884766,60.369998931884766,387400,61.290000915527344,61.04999923706055,53.30583190917969
05-04-2013,60.06999969482422,60.119998931884766,770100,62.029998779296875,61.77000045776367,53.93449401855469
08-04-2013,61.04999923706055,61.61000061035156,632600,62.63999938964844,62.189998626708984,54.30121994018555
09-04-2013,61.27000045776367,62.40999984741211,676200,62.689998626708984,61.91999816894531,54.06547164916992
10-04-2013,60.45000076293945,61.08000183105469,1075800,62.279998779296875,62.2400016784668,54.34487533569336
11-04-2013,61.86000061035156,62.34000015258789,937900,63.27000045776367,61.93000030517578,54.07419967651367
12-04-2013,60.4900016784668,61.900001525878906,731200,62.060001373291016,60.869998931884766,53.148658752441406
15-04-2013,58.90999984741211,60.36000061035156,861200,60.5,59.2400016784668,51.72542190551758
16-04-2013,59.380001068115234,59.95000076293945,719500,61.63999938964844,61.61000061035156,53.7947998046875
17-04-2013,60.02000045776367,60.810001373291016,950100,61.09000015258789,60.2400016784668,52.59859085083008
18-04-2013,57.0099983215332,58.959999084472656,2157100,58.9900016784668,57.75,50.424434661865234
19-04-2013,56.63999938964844,57.06999969482422,1526500,58.970001220703125,58.81999969482422,51.358707427978516
22-04-2013,57.939998626708984,58.790000915527344,774800,59.47999954223633,58.9900016784668,51.507144927978516
23-04-2013,58.810001373291016,59.25,843500,59.65999984741211,59.119998931884766,51.62064743041992
24-04-2013,58.790000915527344,59.349998474121094,1667900,59.90999984741211,59.0,51.515872955322266
25-04-2013,59.06999969482422,59.47999954223633,1125800,59.56999969482422,59.279998779296875,51.7603645324707
26-04-2013,58.4900016784668,59.400001525878906,610700,59.619998931884766,58.86000061035156,51.39364242553711
29-04-2013,58.7400016784668,58.97999954223633,845100,59.66999816894531,59.470001220703125,51.926246643066406
30-04-2013,59.25,59.650001525878906,1170600,61.25,61.25,53.48044967651367
01-05-2013,59.04999923706055,60.81999969482422,648000,61.2400016784668,59.130001068115234,51.62938690185547
02-05-2013,59.029998779296875,59.41999816894531,465700,60.0,59.880001068115234,52.28424072265625
03-05-2013,60.540000915527344,60.540000915527344,466100,61.95000076293945,61.27000045776367,53.4979248046875
06-05-2013,60.95000076293945,61.220001220703125,563900,61.689998626708984,61.54999923706055,53.74241256713867
07-05-2013,61.45000076293945,61.560001373291016,686500,62.45000076293945,62.18000030517578,54.2924919128418
08-05-2013,61.90999984741211,62.0,807400,63.529998779296875,63.529998779296875,55.47124099731445
09-05-2013,62.93000030517578,63.380001068115234,534400,63.900001525878906,63.369998931884766,55.3315315246582
10-05-2013,63.380001068115234,63.560001373291016,600800,64.20999908447266,64.1500015258789,56.01258850097656
13-05-2013,63.630001068115234,64.1500015258789,710200,64.20999908447266,63.970001220703125,55.855430603027344
14-05-2013,63.86000061035156,63.86000061035156,557100,65.0,64.86000061035156,56.63252258300781
15-05-2013,64.68000030517578,64.69000244140625,635600,65.83999633789062,65.83000183105469,57.4794807434082
16-05-2013,65.6500015258789,65.68000030517578,837000,66.66999816894531,66.2699966430664,57.86367416381836
17-05-2013,66.4800033569336,66.61000061035156,715400,67.6500015258789,67.33999633789062,58.797950744628906
20-05-2013,66.0,67.20999908447266,887800,67.20999908447266,66.31999969482422,57.907344818115234
21-05-2013,66.45999908447266,66.45999908447266,431400,67.44999694824219,66.94000244140625,58.44868850708008
22-05-2013,66.0199966430664,66.94000244140625,444200,67.95999908447266,66.43000030517578,58.003387451171875
23-05-2013,65.01000213623047,65.61000061035156,600700,66.62000274658203,66.61000061035156,58.16053009033203
24-05-2013,66.08000183105469,66.22000122070312,439500,66.5999984741211,66.44000244140625,58.01212692260742
28-05-2013,67.19000244140625,67.31999969482422,781700,67.7699966430664,67.75,59.15594482421875
29-05-2013,66.91999816894531,67.08000183105469,448800,67.79000091552734,67.48999786376953,58.928932189941406
30-05-2013,67.44999694824219,67.54000091552734,1031500,69.02999877929688,69.0,60.24736785888672
31-05-2013,66.83000183105469,68.31999969482422,992000,68.55000305175781,66.91999816894531,58.43122100830078
03-06-2013,65.16000366210938,66.9000015258789,933800,67.06999969482422,65.73999786376953,57.40090560913086
04-06-2013,65.3499984741211,65.79000091552734,345700,66.63999938964844,65.8499984741211,57.49694061279297
05-06-2013,64.63999938964844,65.62999725341797,450700,65.91000366210938,64.79000091552734,56.571414947509766
06-06-2013,63.40999984741211,64.80000305175781,1116700,65.38999938964844,64.37000274658203,56.20469665527344
07-06-2013,63.33000183105469,64.4000015258789,673400,64.52999877929688,64.13999938964844,56.00387191772461
10-06-2013,63.029998779296875,64.31999969482422,942800,64.51000213623047,63.5,55.445045471191406
11-06-2013,61.959999084472656,62.75,583400,63.400001525878906,62.84000015258789,54.868770599365234
12-06-2013,61.83000183105469,63.11000061035156,593700,63.29999923706055,61.880001068115234,54.23768997192383
13-06-2013,61.52000045776367,61.66999816894531,398800,63.560001373291016,63.36000061035156,55.53490447998047
14-06-2013,62.900001525878906,63.38999938964844,409600,63.689998626708984,62.97999954223633,55.201847076416016
17-06-2013,62.900001525878906,63.59000015258789,524100,63.84000015258789,63.29999923706055,55.4823112487793
18-06-2013,63.220001220703125,63.220001220703125,267100,64.41000366210938,63.9900016784668,56.08710479736328
19-06-2013,63.36000061035156,63.97999954223633,368700,64.08999633789062,63.400001525878906,55.56996154785156
20-06-2013,61.959999084472656,62.43000030517578,851100,63.06999969482422,62.25,54.56199264526367
21-06-2013,61.470001220703125,62.619998931884766,976900,62.720001220703125,61.970001220703125,54.31657791137695
24-06-2013,60.25,61.29999923706055,802800,61.75,61.22999954223633,53.66796875
25-06-2013,61.75,61.93000030517578,600400,62.470001220703125,62.209999084472656,54.52693557739258
26-06-2013,62.18000030517578,62.939998626708984,468100,63.18000030517578,62.65999984741211,54.92136764526367
27-06-2013,62.54999923706055,63.02000045776367,430300,63.29999923706055,62.75,55.000247955322266
28-06-2013,61.709999084472656,62.56999969482422,996300,63.790000915527344,62.290000915527344,54.597042083740234
01-07-2013,62.58000183105469,62.59000015258789,780700,63.59000015258789,63.029998779296875,55.24566650390625
02-07-2013,62.70000076293945,63.08000183105469,540500,63.689998626708984,63.040000915527344,55.254432678222656
03-07-2013,62.54999923706055,62.72999954223633,272600,63.2400016784668,62.849998474121094,55.08789825439453
05-07-2013,63.08000183105469,63.41999816894531,338800,63.90999984741211,63.66999816894531,55.80662155151367
08-07-2013,63.06999969482422,63.70000076293945,530600,64.27999877929688,63.369998931884766,55.543663024902344
09-07-2013,63.720001220703125,63.81999969482422,466900,65.1500015258789,64.69000244140625,56.70064926147461
10-07-2013,64.66000366210938,64.77999877929688,518600,65.5999984741211,65.20999908447266,57.156429290771484
11-07-2013,64.7699966430664,66.33000183105469,599200,66.38999938964844,65.05999755859375,57.02494430541992
12-07-2013,64.19000244140625,65.02999877929688,654200,65.06999969482422,64.80000305175781,56.797054290771484
15-07-2013,64.33999633789062,64.80000305175781,587200,65.2699966430664,64.63999938964844,56.656822204589844
16-07-2013,63.88999938964844,64.87000274658203,645000,65.23999786376953,64.69999694824219,56.709415435791016
17-07-2013,64.69999694824219,64.95999908447266,689400,65.5,64.79000091552734,56.788307189941406
18-07-2013,60.15999984741211,63.06999969482422,2510200,63.27000045776367,62.77000045776367,55.01776885986328
19-07-2013,61.790000915527344,62.459999084472656,1027800,63.02000045776367,62.81999969482422,55.06159973144531
22-07-2013,62.09000015258789,62.720001220703125,1004700,62.91999816894531,62.560001373291016,54.833709716796875
23-07-2013,62.470001220703125,62.84000015258789,603800,63.11000061035156,62.810001373291016,55.052833557128906
24-07-2013,62.29999923706055,62.97999954223633,798000,63.150001525878906,62.63999938964844,54.90383529663086
25-07-2013,62.20000076293945,62.560001373291016,1172100,62.95000076293945,62.47999954223633,54.76358413696289
26-07-2013,61.47999954223633,62.20000076293945,1034500,62.41999816894531,61.7400016784668,54.114990234375
29-07-2013,61.25,61.43000030517578,946200,62.0099983215332,61.75,54.12375259399414
30-07-2013,61.529998779296875,61.79999923706055,1418200,62.900001525878906,61.880001068115234,54.23768997192383
31-07-2013,61.84000015258789,61.88999938964844,1172000,62.9900016784668,62.0099983215332,54.35163879394531
01-08-2013,62.310001373291016,62.4900016784668,1296900,62.88999938964844,62.380001068115234,54.67593765258789
02-08-2013,61.880001068115234,62.29999923706055,1831200,62.68000030517578,62.31999969482422,54.623348236083984
05-08-2013,62.130001068115234,62.33000183105469,1351900,63.36000061035156,63.2599983215332,55.44725036621094
06-08-2013,62.7400016784668,63.0,1008200,63.27000045776367,63.13999938964844,55.342079162597656
07-08-2013,62.56999969482422,62.810001373291016,1038500,63.33000183105469,63.119998931884766,55.324554443359375
08-08-2013,62.900001525878906,63.36000061035156,696000,63.599998474121094,63.16999816894531,55.368370056152344
09-08-2013,62.72999954223633,62.9900016784668,589000,63.4900016784668,62.90999984741211,55.14048385620117
12-08-2013,62.70000076293945,62.70000076293945,438400,63.63999938964844,63.400001525878906,55.56996154785156
13-08-2013,62.869998931884766,63.29999923706055,415900,63.5099983215332,63.27000045776367,55.456016540527344
14-08-2013,62.650001525878906,63.25,556700,63.63999938964844,62.91999816894531,55.14924240112305
15-08-2013,62.0,62.43000030517578,788200,62.66999816894531,62.459999084472656,54.746070861816406
16-08-2013,61.869998931884766,62.25,494300,62.459999084472656,62.29999923706055,54.60581588745117
19-08-2013,61.959999084472656,62.099998474121094,503600,62.630001068115234,62.400001525878906,54.6934700012207
20-08-2013,62.209999084472656,62.33000183105469,335600,63.040000915527344,62.41999816894531,54.710994720458984
21-08-2013,61.90999984741211,62.290000915527344,311800,62.75,62.029998779296875,54.369163513183594
22-08-2013,62.02000045776367,62.2400016784668,253900,62.97999954223633,62.63999938964844,54.90383529663086
23-08-2013,62.380001068115234,62.93000030517578,485200,63.08000183105469,62.84000015258789,55.07912063598633
26-08-2013,62.81999969482422,62.869998931884766,586600,63.61000061035156,62.91999816894531,55.14924240112305
27-08-2013,62.0,62.349998474121094,633700,63.040000915527344,62.59000015258789,54.86000442504883
28-08-2013,62.369998931884766,62.5,467700,62.869998931884766,62.54999923706055,54.824947357177734
29-08-2013,62.369998931884766,62.400001525878906,407500,63.22999954223633,62.7599983215332,55.00901412963867
30-08-2013,62.06999969482422,62.75,578100,63.20000076293945,62.369998931884766,54.667171478271484
03-09-2013,61.70000076293945,63.04999923706055,1022300,63.279998779296875,62.130001068115234,54.45681381225586
04-09-2013,61.77000045776367,62.08000183105469,793500,62.79999923706055,62.2599983215332,54.57075500488281
05-09-2013,62.09000015258789,62.40999984741211,560300,62.970001220703125,62.34000015258789,54.64087677001953
06-09-2013,61.61000061035156,62.58000183105469,674500,62.880001068115234,61.959999084472656,54.30780792236328
09-09-2013,61.91999816894531,62.189998626708984,488100,62.709999084472656,62.20000076293945,54.51817321777344
10-09-2013,62.689998626708984,62.7400016784668,1054900,64.0999984741211,64.08999633789062,56.17475509643555
11-09-2013,62.75,63.91999816894531,602600,64.01000213623047,63.529998779296875,55.893218994140625
12-09-2013,62.650001525878906,63.380001068115234,678300,63.619998931884766,63.18000030517578,55.58528518676758
13-09-2013,62.709999084472656,63.11000061035156,432500,63.650001525878906,63.099998474121094,55.5149040222168
16-09-2013,62.970001220703125,63.709999084472656,838700,63.7400016784668,63.52000045776367,55.88441848754883
17-09-2013,62.880001068115234,63.41999816894531,641000,63.75,63.349998474121094,55.73484802246094
18-09-2013,62.72999954223633,63.380001068115234,1035500,63.5099983215332,63.25,55.64687728881836
19-09-2013,63.33000183105469,63.43000030517578,653000,64.38999938964844,63.58000183105469,55.937198638916016
20-09-2013,62.970001220703125,63.650001525878906,1176400,64.16000366210938,63.16999816894531,55.57649230957031
23-09-2013,62.709999084472656,63.0,696000,63.41999816894531,63.02000045776367,55.444522857666016
24-09-2013,60.88999938964844,62.27000045776367,965000,62.7400016784668,62.470001220703125,54.96063232421875
25-09-2013,62.040000915527344,62.369998931884766,501800,62.79999923706055,62.27000045776367,54.7846794128418
26-09-2013,62.439998626708984,62.439998626708984,738000,63.400001525878906,62.95000076293945,55.38294219970703
27-09-2013,62.40999984741211,62.779998779296875,352700,63.06999969482422,62.77000045776367,55.224571228027344
30-09-2013,62.02000045776367,62.099998474121094,643200,63.040000915527344,62.939998626708984,55.3741455078125
01-10-2013,62.5,62.650001525878906,884600,64.23999786376953,63.689998626708984,56.033973693847656
02-10-2013,62.9900016784668,63.29999923706055,799800,63.81999969482422,63.77000045776367,56.104373931884766
03-10-2013,63.279998779296875,63.59000015258789,841600,64.30999755859375,63.95000076293945,56.262733459472656
04-10-2013,63.689998626708984,63.880001068115234,909900,64.73999786376953,64.6500015258789,56.87858963012695
07-10-2013,62.93000030517578,64.19000244140625,559600,64.79000091552734,64.13999938964844,56.42988967895508
08-10-2013,63.290000915527344,64.01000213623047,937200,64.12000274658203,63.33000183105469,55.717254638671875
09-10-2013,62.77000045776367,63.36000061035156,860000,63.619998931884766,63.040000915527344,55.46212387084961
10-10-2013,63.349998474121094,63.380001068115234,559500,63.83000183105469,63.7599983215332,56.0955696105957
11-10-2013,63.0,63.31999969482422,1220400,63.650001525878906,63.529998779296875,55.893218994140625
14-10-2013,63.29999923706055,63.400001525878906,654400,64.19000244140625,63.9900016784668,56.29792022705078
15-10-2013,63.630001068115234,64.0,769600,64.55999755859375,64.23999786376953,56.51786804199219
16-10-2013,64.16000366210938,64.56999969482422,1072700,64.83999633789062,64.41999816894531,56.67621612548828
17-10-2013,64.0199966430664,64.6500015258789,2281400,67.44999694824219,67.44999694824219,59.342002868652344
18-10-2013,66.44000244140625,66.88999938964844,931600,67.41000366210938,67.30000305175781,59.210044860839844
21-10-2013,66.55000305175781,67.44000244140625,850600,67.48999786376953,66.79000091552734,58.761348724365234
22-10-2013,66.9000015258789,67.01000213623047,559500,67.44000244140625,67.19000244140625,59.11324691772461
23-10-2013,66.80000305175781,67.0,407800,67.44000244140625,67.38999938964844,59.28922653198242
24-10-2013,67.16999816894531,67.30000305175781,417500,67.7699966430664,67.5999984741211,59.47396469116211
25-10-2013,66.68000030517578,67.58000183105469,378000,67.9800033569336,67.5999984741211,59.47396469116211
28-10-2013,66.77999877929688,67.47000122070312,472400,67.77999877929688,67.12000274658203,59.051673889160156
29-10-2013,66.25,67.0999984741211,564400,67.43000030517578,66.83999633789062,58.805328369140625
30-10-2013,65.9800033569336,66.91999816894531,527300,67.12999725341797,66.26000213623047,58.29505920410156
31-10-2013,65.91999816894531,66.3499984741211,654100,66.66000366210938,66.19000244140625,58.23345947265625
01-11-2013,66.11000061035156,66.12000274658203,412700,67.01000213623047,66.7699966430664,58.743751525878906
04-11-2013,66.79000091552734,66.79000091552734,484900,67.37000274658203,67.16000366210938,59.086875915527344
05-11-2013,66.25,66.91999816894531,296600,67.26000213623047,66.69000244140625,58.673362731933594
06-11-2013,66.72000122070312,66.88999938964844,208500,67.44999694824219,67.08000183105469,59.0164794921875
07-11-2013,66.44000244140625,67.18000030517578,328400,67.5199966430664,66.58000183105469,58.57658004760742
08-11-2013,66.45999908447266,66.45999908447266,513100,67.33999633789062,67.33999633789062,59.24522399902344
11-11-2013,66.88999938964844,67.19999694824219,317200,67.54000091552734,67.3499984741211,59.2540168762207
12-11-2013,66.91000366210938,67.2300033569336,620900,67.87999725341797,67.23999786376953,59.157257080078125
13-11-2013,66.87000274658203,67.0199966430664,432100,67.58999633789062,67.41000366210938,59.30681228637695
14-11-2013,67.29000091552734,67.56999969482422,328100,67.91000366210938,67.55000305175781,59.429996490478516
15-11-2013,67.31999969482422,67.51000213623047,372000,67.68000030517578,67.58000183105469,59.45635986328125
18-11-2013,67.25,67.7699966430664,357300,67.81999969482422,67.52999877929688,59.41238021850586
19-11-2013,66.91000366210938,67.47000122070312,381300,67.69000244140625,67.23999786376953,59.157257080078125
20-11-2013,67.05999755859375,67.33000183105469,374700,67.58000183105469,67.27999877929688,59.19243240356445
21-11-2013,67.08999633789062,67.41000366210938,468700,68.33000183105469,68.12999725341797,59.94026184082031
22-11-2013,67.70999908447266,68.0999984741211,305600,68.38999938964844,68.29000091552734,60.081016540527344
25-11-2013,68.12000274658203,68.25,395500,68.69000244140625,68.5,60.26579666137695
26-11-2013,67.91999816894531,68.5,678300,68.6500015258789,67.98999786376953,59.81708908081055
27-11-2013,67.76000213623047,68.02999877929688,522900,69.02999877929688,69.0,60.70566940307617
29-11-2013,68.68000030517578,69.19000244140625,267000,69.5,68.70999908447266,60.45052719116211
02-12-2013,68.51000213623047,68.87000274658203,643500,69.83000183105469,68.88999938964844,60.60890579223633
03-12-2013,67.7300033569336,68.62999725341797,503300,69.08000183105469,68.26000213623047,60.05463409423828
04-12-2013,67.30999755859375,68.02999877929688,407200,68.69000244140625,67.91999816894531,59.75552749633789
05-12-2013,67.41000366210938,67.76000213623047,532700,68.72000122070312,68.30000305175781,60.08985137939453
06-12-2013,68.83999633789062,68.93000030517578,349000,69.68000030517578,69.5199966430664,61.163169860839844
09-12-2013,69.2699966430664,69.54000091552734,393400,69.79000091552734,69.55000305175781,61.189571380615234
10-12-2013,69.3499984741211,69.37999725341797,418900,70.0,69.48999786376953,61.136783599853516
11-12-2013,67.9800033569336,69.4000015258789,462900,69.8499984741211,68.16000366210938,60.17448806762695
12-12-2013,67.44000244140625,67.97000122070312,584600,68.41000366210938,67.54000091552734,59.62712097167969
13-12-2013,67.5199966430664,67.75,281300,67.9800033569336,67.93000030517578,59.9714241027832
16-12-2013,67.93000030517578,68.2699966430664,320600,69.33000183105469,68.05999755859375,60.08618927001953
17-12-2013,67.81999969482422,68.12000274658203,519800,68.80999755859375,68.7699966430664,60.713016510009766
18-12-2013,63.630001068115234,66.0,2349100,66.33000183105469,63.810001373291016,56.33412170410156
19-12-2013,62.47999954223633,63.43000030517578,1333600,63.689998626708984,63.130001068115234,55.73379898071289
20-12-2013,62.790000915527344,62.90999984741211,1135800,63.91999816894531,63.59000015258789,56.1399040222168
23-12-2013,62.41999816894531,63.83000183105469,1068500,63.83000183105469,62.459999084472656,55.14229202270508
24-12-2013,62.02000045776367,62.29999923706055,412500,62.959999084472656,62.65999984741211,55.3188591003418
26-12-2013,63.0,63.0099983215332,363300,63.560001373291016,63.369998931884766,55.94566345214844
27-12-2013,63.369998931884766,63.5099983215332,276600,63.939998626708984,63.560001373291016,56.1134147644043
30-12-2013,63.2599983215332,63.560001373291016,476300,63.95000076293945,63.2599983215332,55.848548889160156
31-12-2013,63.119998931884766,63.18000030517578,386900,63.54999923706055,63.38999938964844,55.96333312988281
02-01-2014,62.599998474121094,63.380001068115234,548800,63.599998474121094,63.13999938964844,55.74262237548828
03-01-2014,62.779998779296875,63.2400016784668,402000,63.34000015258789,63.25,55.839725494384766
06-01-2014,62.38999938964844,63.369998931884766,842700,63.369998931884766,63.11000061035156,55.716129302978516
07-01-2014,62.900001525878906,63.529998779296875,662700,63.959999084472656,63.540000915527344,56.09575653076172
08-01-2014,63.63999938964844,63.63999938964844,1125600,64.9000015258789,64.87000274658203,57.26994323730469
09-01-2014,65.0,65.55000305175781,1037300,66.37999725341797,65.83000183105469,58.11745071411133
10-01-2014,65.41999816894531,65.87000274658203,929800,66.51000213623047,66.48999786376953,58.700130462646484
13-01-2014,65.4800033569336,66.29000091552734,744800,66.55999755859375,65.75,58.04682540893555
14-01-2014,65.5,65.81999969482422,535700,66.62000274658203,66.61000061035156,58.80607223510742
15-01-2014,66.62999725341797,66.62999725341797,444400,67.30999755859375,66.73999786376953,58.920841217041016
16-01-2014,66.16000366210938,66.69000244140625,342000,66.86000061035156,66.37000274658203,58.59418869018555
17-01-2014,65.73999786376953,66.38999938964844,382000,66.38999938964844,66.0,58.267539978027344
21-01-2014,65.91000366210938,66.19000244140625,420300,66.48999786376953,66.1500015258789,58.39997100830078
22-01-2014,66.0,66.54000091552734,254500,66.7699966430664,66.30000305175781,58.53239822387695
23-01-2014,65.22000122070312,65.93000030517578,389800,66.23999786376953,65.5199966430664,57.843788146972656
24-01-2014,63.22999954223633,65.29000091552734,758500,65.29000091552734,63.310001373291016,55.8927116394043
27-01-2014,62.65999984741211,63.27000045776367,550000,64.16999816894531,63.59000015258789,56.1399040222168
28-01-2014,62.56999969482422,63.689998626708984,717000,63.779998779296875,63.20000076293945,55.795589447021484
29-01-2014,63.22999954223633,63.83000183105469,1610000,66.52999877929688,65.25,57.60541534423828
30-01-2014,64.18000030517578,65.2699966430664,723400,65.63999938964844,64.62000274658203,57.049232482910156
31-01-2014,64.01000213623047,64.05999755859375,646600,65.0999984741211,64.18000030517578,56.6607666015625
03-02-2014,62.150001525878906,64.4800033569336,1334800,64.54000091552734,62.22999954223633,54.939239501953125
04-02-2014,61.880001068115234,63.18000030517578,1088200,63.18000030517578,62.209999084472656,54.921566009521484
05-02-2014,60.91999816894531,62.099998474121094,820400,62.61000061035156,62.4900016784668,55.16877365112305
06-02-2014,62.29999923706055,62.54999923706055,409600,63.040000915527344,62.880001068115234,55.5130729675293
07-02-2014,62.83000183105469,63.099998474121094,337500,63.56999969482422,63.47999954223633,56.04277038574219
10-02-2014,63.150001525878906,63.150001525878906,356300,64.11000061035156,63.709999084472656,56.24582290649414
11-02-2014,63.459999084472656,63.599998474121094,377200,64.44999694824219,64.0999984741211,56.59014892578125
12-02-2014,64.08000183105469,64.08000183105469,451500,64.58999633789062,64.47000122070312,56.91679382324219
13-02-2014,63.599998474121094,64.16000366210938,392500,65.06999969482422,64.80999755859375,57.21696090698242
14-02-2014,64.58999633789062,64.87000274658203,245400,65.4800033569336,65.26000213623047,57.614234924316406
18-02-2014,64.31999969482422,65.38999938964844,451500,65.38999938964844,64.4800033569336,56.925636291503906
19-02-2014,64.36000061035156,64.5,749300,65.1500015258789,64.41000366210938,56.86383056640625
20-02-2014,64.36000061035156,64.44999694824219,553600,64.75,64.44000244140625,56.89031219482422
21-02-2014,63.81999969482422,64.58000183105469,666900,64.83999633789062,63.90999984741211,56.42241287231445
24-02-2014,63.59000015258789,63.91999816894531,513900,64.12999725341797,63.84000015258789,56.36061477661133
25-02-2014,63.59000015258789,63.9900016784668,481100,64.66000366210938,64.27999877929688,56.749053955078125
26-02-2014,64.31999969482422,65.66000366210938,565900,65.66000366210938,65.55999755859375,57.879085540771484
27-02-2014,65.06999969482422,65.37999725341797,274300,65.66999816894531,65.58000183105469,57.89675521850586
28-02-2014,65.3499984741211,65.48999786376953,380700,66.47000122070312,65.98999786376953,58.25871658325195
03-03-2014,65.16000366210938,65.2300033569336,729600,66.25,65.73999786376953,58.03800582885742
04-03-2014,65.8499984741211,66.16999816894531,1408300,67.25,66.04000091552734,58.30287170410156
05-03-2014,65.66999816894531,66.0999984741211,365300,66.37999725341797,66.04000091552734,58.30287170410156
06-03-2014,66.16999816894531,66.18000030517578,245700,66.95999908447266,66.58000183105469,58.77959060668945
07-03-2014,66.19000244140625,66.77999877929688,405000,66.98999786376953,66.55000305175781,58.75312423706055
10-03-2014,65.55000305175781,66.30000305175781,467300,66.69999694824219,65.97000122070312,58.241050720214844
11-03-2014,65.44999694824219,65.45999908447266,479500,66.11000061035156,65.54000091552734,57.861446380615234
12-03-2014,64.63999938964844,64.83999633789062,615600,65.20999908447266,65.01000213623047,57.635379791259766
13-03-2014,64.12000274658203,65.04000091552734,606800,65.41999816894531,64.19999694824219,56.91725158691406
14-03-2014,63.439998626708984,64.04000091552734,603200,64.80000305175781,63.529998779296875,56.3232536315918
17-03-2014,63.61000061035156,64.06999969482422,460900,64.51000213623047,64.3499984741211,57.05023193359375
18-03-2014,64.18000030517578,64.54000091552734,437200,64.81999969482422,64.76000213623047,57.413719177246094
19-03-2014,64.08000183105469,64.80999755859375,241200,65.06999969482422,64.30000305175781,57.00590515136719
20-03-2014,63.65999984741211,64.27999877929688,690800,64.44000244140625,64.08000183105469,56.81086730957031
21-03-2014,64.19000244140625,64.43000030517578,1080700,65.23999786376953,64.66000366210938,57.325069427490234
24-03-2014,64.16000366210938,64.83000183105469,643500,65.47000122070312,64.41999816894531,57.11229705810547
25-03-2014,64.62000274658203,65.16999816894531,336100,65.48999786376953,64.8499984741211,57.49351501464844
26-03-2014,64.3499984741211,65.05000305175781,420500,65.52999877929688,64.36000061035156,57.05910110473633
27-03-2014,64.3499984741211,64.48999786376953,495000,65.11000061035156,64.88999938964844,57.52897644042969
28-03-2014,64.69000244140625,64.87999725341797,351400,65.29000091552734,65.0999984741211,57.71516036987305
31-03-2014,65.2300033569336,65.5,510900,66.62999725341797,66.41999816894531,58.88542175292969
01-04-2014,65.87999725341797,66.58999633789062,475300,66.87000274658203,66.44999694824219,58.912010192871094
02-04-2014,66.11000061035156,66.66999816894531,329400,67.08000183105469,66.91999816894531,59.32869338989258
03-04-2014,66.62999725341797,67.0199966430664,444500,67.5,66.80000305175781,59.22232437133789
04-04-2014,65.56999969482422,67.2300033569336,546000,67.2300033569336,66.11000061035156,58.6105842590332
07-04-2014,64.91000366210938,66.08000183105469,415500,66.08999633789062,65.02999877929688,57.65309524536133
08-04-2014,64.69000244140625,64.87999725341797,499300,65.69999694824219,65.37000274658203,57.95452880859375
09-04-2014,65.48999786376953,65.5999984741211,754500,66.47000122070312,66.06999969482422,58.57512283325195
10-04-2014,65.05000305175781,65.9800033569336,719500,66.37000274658203,65.12999725341797,57.74174880981445
11-04-2014,64.6500015258789,64.9000015258789,497300,65.69999694824219,64.86000061035156,57.50237274169922
14-04-2014,64.88999938964844,65.18000030517578,572300,65.80000305175781,65.58999633789062,58.14957046508789
15-04-2014,64.55000305175781,65.72000122070312,686200,65.83999633789062,65.62000274658203,58.17617416381836
16-04-2014,65.63999938964844,66.05000305175781,492600,66.43000030517578,66.27999877929688,58.76129150390625
17-04-2014,65.30000305175781,66.94999694824219,437400,67.02999877929688,66.68000030517578,59.115928649902344
21-04-2014,66.1500015258789,66.55000305175781,706300,67.23999786376953,67.19999694824219,59.576908111572266
22-04-2014,67.19000244140625,67.4000015258789,448500,67.86000061035156,67.73999786376953,60.0556755065918
23-04-2014,66.81999969482422,67.79000091552734,705200,68.2300033569336,67.06999969482422,59.461692810058594
24-04-2014,66.73999786376953,67.0999984741211,677100,67.19000244140625,66.83999633789062,59.25777816772461
25-04-2014,65.75,66.61000061035156,363800,66.7300033569336,65.8499984741211,58.38006591796875
28-04-2014,65.37000274658203,66.22000122070312,507900,66.30999755859375,66.0199966430664,58.530799865722656
29-04-2014,66.30999755859375,66.30999755859375,410500,67.08000183105469,66.58999633789062,59.036128997802734
30-04-2014,66.2699966430664,66.61000061035156,481100,67.2300033569336,67.04000091552734,59.435089111328125
01-05-2014,67.26000213623047,67.54000091552734,450600,67.95999908447266,67.73999786376953,60.0556755065918
02-05-2014,67.45999908447266,67.83000183105469,633700,68.62999725341797,68.0999984741211,60.37484359741211
05-05-2014,67.80000305175781,67.80000305175781,548100,68.91000366210938,68.56999969482422,60.79153060913086
06-05-2014,68.06999969482422,68.31999969482422,803500,68.75,68.23999786376953,60.49895477294922
07-05-2014,68.0,68.45999908447266,555800,68.69000244140625,68.5,60.72948455810547
08-05-2014,67.97000122070312,68.33000183105469,628700,68.87999725341797,68.13999938964844,60.410308837890625
09-05-2014,67.68000030517578,68.04000091552734,381400,68.5,68.2699966430664,60.52556228637695
12-05-2014,68.5999984741211,68.5999984741211,383500,69.58000183105469,69.36000061035156,61.49190902709961
13-05-2014,69.04000091552734,69.36000061035156,401600,69.88999938964844,69.06999969482422,61.234806060791016
14-05-2014,68.69999694824219,68.9000015258789,349900,69.33999633789062,68.9800033569336,61.15501403808594
15-05-2014,67.5,68.81999969482422,728100,69.12999725341797,67.66999816894531,59.993621826171875
16-05-2014,67.0199966430664,67.7300033569336,673100,67.88999938964844,67.72000122070312,60.0379638671875
19-05-2014,67.47000122070312,67.58000183105469,607600,68.63999938964844,67.88999938964844,60.188682556152344
20-05-2014,67.25,67.91999816894531,561600,68.08000183105469,67.47000122070312,59.81631088256836
21-05-2014,67.5199966430664,67.73999786376953,507100,68.31999969482422,68.06999969482422,60.34823226928711
22-05-2014,67.77999877929688,68.0,396000,68.47000122070312,68.06999969482422,60.34823226928711
23-05-2014,67.93000030517578,68.08999633789062,434100,68.87999725341797,68.66000366210938,60.871341705322266
27-05-2014,68.5199966430664,68.94000244140625,226600,69.30000305175781,68.58000183105469,60.80039596557617
28-05-2014,67.88999938964844,68.41999816894531,375600,68.62000274658203,68.44000244140625,60.676273345947266
29-05-2014,68.19999694824219,68.62999725341797,407400,69.38999938964844,69.33000183105469,61.46532440185547
30-05-2014,68.86000061035156,69.18000030517578,323900,69.4800033569336,69.19000244140625,61.341190338134766
02-06-2014,68.86000061035156,69.29000091552734,379200,69.81999969482422,69.66000366210938,61.757877349853516
03-06-2014,69.1500015258789,69.37999725341797,503500,70.30999755859375,70.0199966430664,62.0770378112793
04-06-2014,69.6500015258789,69.83000183105469,697200,70.91000366210938,70.8499984741211,62.81288146972656
05-06-2014,70.75,71.12999725341797,658900,71.86000061035156,71.47000122070312,63.362545013427734
06-06-2014,71.45999908447266,71.58000183105469,540000,72.31999969482422,72.18000030517578,63.99202346801758
09-06-2014,72.0199966430664,72.05999755859375,474600,72.69000244140625,72.2300033569336,64.03636169433594
10-06-2014,71.68000030517578,72.12999725341797,379300,72.41999816894531,72.22000122070312,64.02748107910156
11-06-2014,71.30000305175781,71.70999908447266,381900,72.37000274658203,71.5999984741211,63.720458984375
12-06-2014,70.73999786376953,71.5199966430664,356600,71.83999633789062,70.83000183105469,63.035186767578125
13-06-2014,70.73999786376953,70.80999755859375,598800,71.19999694824219,71.0,63.18646240234375
16-06-2014,70.37999725341797,71.05999755859375,495000,71.19000244140625,70.44000244140625,62.68810272216797
17-06-2014,70.26000213623047,70.4000015258789,723300,71.69999694824219,71.33999633789062,63.48905944824219
18-06-2014,70.58000183105469,71.41999816894531,402300,71.6500015258789,71.08000183105469,63.257667541503906
19-06-2014,71.06999969482422,71.06999969482422,276400,71.55999755859375,71.31999969482422,63.47126388549805
20-06-2014,71.08000183105469,71.62999725341797,422300,71.83000183105469,71.5199966430664,63.64923095703125
23-06-2014,71.01000213623047,71.47000122070312,356200,71.58999633789062,71.19000244140625,63.35556411743164
24-06-2014,70.47000122070312,71.13999938964844,472700,71.87999725341797,70.55000305175781,62.78599166870117
25-06-2014,70.55000305175781,70.62000274658203,377200,71.38999938964844,71.22000122070312,63.38224411010742
26-06-2014,70.58999633789062,71.29000091552734,310500,71.47000122070312,71.06999969482422,63.248779296875
27-06-2014,70.51000213623047,70.79000091552734,775800,71.8499984741211,71.8499984741211,63.94294357299805
30-06-2014,70.94000244140625,71.93000030517578,520500,71.93000030517578,71.5,63.63144302368164
01-07-2014,71.75,71.81999969482422,453500,72.58000183105469,72.12000274658203,64.1832046508789
02-07-2014,71.62999725341797,71.91999816894531,462400,72.23999786376953,71.93000030517578,64.0141372680664
03-07-2014,72.0199966430664,72.05999755859375,331400,72.55000305175781,72.45999908447266,64.48580932617188
07-07-2014,71.91000366210938,71.9800033569336,376500,72.41000366210938,72.22000122070312,64.27222442626953
08-07-2014,71.91000366210938,72.1500015258789,339200,72.44999694824219,72.26000213623047,64.30780029296875
09-07-2014,71.81999969482422,72.5999984741211,346400,72.79000091552734,72.08000183105469,64.14761352539062
10-07-2014,70.87999725341797,71.0999984741211,340300,71.93000030517578,71.5999984741211,63.720458984375
11-07-2014,71.38999938964844,71.58000183105469,311900,72.05000305175781,72.0,64.0763931274414
14-07-2014,72.1500015258789,72.41999816894531,478000,72.79000091552734,72.62000274658203,64.6281967163086
15-07-2014,68.31999969482422,76.02999877929688,14564100,76.27999877929688,70.02999877929688,62.32321548461914
16-07-2014,68.7300033569336,70.3499984741211,2726300,71.06999969482422,69.06999969482422,61.468868255615234
17-07-2014,68.11000061035156,68.61000061035156,2059000,70.19999694824219,69.43000030517578,61.78923416137695
18-07-2014,69.5,69.63999938964844,1422300,70.51000213623047,70.19999694824219,62.47450256347656
21-07-2014,69.12000274658203,69.73999786376953,802100,70.36000061035156,69.12999725341797,61.52226257324219
22-07-2014,68.48999786376953,69.2699966430664,980900,69.72000122070312,68.48999786376953,60.95269775390625
23-07-2014,67.95999908447266,68.62999725341797,1500100,69.08999633789062,68.38999938964844,60.86370086669922
24-07-2014,67.19000244140625,68.5999984741211,1654700,68.5999984741211,67.54000091552734,60.10724639892578
25-07-2014,67.58000183105469,67.58000183105469,1928200,69.16999816894531,69.06999969482422,61.468868255615234
28-07-2014,68.13999938964844,68.94000244140625,1056500,69.12999725341797,68.87999725341797,61.299766540527344
29-07-2014,67.22000122070312,70.0,1585100,70.0199966430664,67.25,59.849159240722656
30-07-2014,66.58000183105469,67.58000183105469,1572400,68.08999633789062,66.70999908447266,59.36859130859375
31-07-2014,59.86000061035156,66.70999908447266,5793300,66.70999908447266,61.34000015258789,54.589542388916016
01-08-2014,60.75,60.970001220703125,3081300,62.470001220703125,61.75,54.95442199707031
04-08-2014,61.04999923706055,61.790000915527344,1451700,62.099998474121094,61.970001220703125,55.15021896362305
05-08-2014,61.22999954223633,61.5,2230100,62.59000015258789,61.459999084472656,54.69634246826172
06-08-2014,60.900001525878906,61.349998474121094,1040800,61.75,61.279998779296875,54.53614807128906
07-08-2014,60.36000061035156,61.77000045776367,1356200,61.91999816894531,60.599998474121094,53.93098449707031
08-08-2014,60.130001068115234,60.65999984741211,1765200,61.02000045776367,60.91999816894531,54.21577453613281
11-08-2014,60.83000183105469,61.70000076293945,992100,61.779998779296875,60.88999938964844,54.18907165527344
12-08-2014,60.27000045776367,60.63999938964844,1243200,60.959999084472656,60.52000045776367,53.859798431396484
13-08-2014,60.5,60.77000045776367,1019600,61.689998626708984,61.38999938964844,54.6340446472168
14-08-2014,60.400001525878906,61.290000915527344,1122200,61.41999816894531,60.66999816894531,53.9932861328125
15-08-2014,60.310001373291016,60.65999984741211,1478900,61.209999084472656,61.15999984741211,54.42935562133789
18-08-2014,61.38999938964844,61.38999938964844,741100,62.16999816894531,61.65999984741211,54.874324798583984
19-08-2014,61.470001220703125,61.72999954223633,772900,61.970001220703125,61.970001220703125,55.15021896362305
20-08-2014,61.380001068115234,61.689998626708984,1183100,62.029998779296875,61.93000030517578,55.11461639404297
21-08-2014,61.70000076293945,62.0,683000,62.47999954223633,61.91999816894531,55.105712890625
22-08-2014,61.36000061035156,61.7599983215332,591100,62.15999984741211,61.810001373291016,55.00782775878906
25-08-2014,61.77000045776367,62.15999984741211,481000,62.33000183105469,62.29999923706055,55.44390106201172
26-08-2014,62.09000015258789,62.52000045776367,817900,62.540000915527344,62.34000015258789,55.47949981689453
27-08-2014,62.11000061035156,62.11000061035156,859900,62.599998474121094,62.400001525878906,55.53289031982422
28-08-2014,61.61000061035156,62.09000015258789,1413500,63.68000030517578,63.209999084472656,56.25375747680664
29-08-2014,63.20000076293945,63.400001525878906,666200,63.86000061035156,63.58000183105469,56.58304214477539
02-09-2014,63.58000183105469,63.650001525878906,871200,64.12000274658203,63.91999816894531,56.8856315612793
03-09-2014,63.5,64.13999938964844,493600,64.5,63.560001373291016,56.56524658203125
04-09-2014,63.349998474121094,63.529998779296875,636000,64.0,63.540000915527344,56.54744338989258
05-09-2014,63.08000183105469,63.38999938964844,427000,63.7599983215332,63.720001220703125,56.7076301574707
08-09-2014,63.66999816894531,63.709999084472656,832400,64.44000244140625,63.849998474121094,56.82332992553711
09-09-2014,63.18000030517578,63.720001220703125,615700,63.869998931884766,63.41999816894531,56.44065475463867
10-09-2014,63.2400016784668,63.29999923706055,1633900,64.97000122070312,64.69999694824219,57.57978439331055
11-09-2014,63.939998626708984,64.0199966430664,1368100,64.9000015258789,64.3499984741211,57.51275634765625
12-09-2014,63.20000076293945,64.37000274658203,992600,64.45999908447266,63.790000915527344,57.01226043701172
15-09-2014,63.439998626708984,64.05999755859375,669100,64.47000122070312,64.29000091552734,57.45912170410156
16-09-2014,64.0199966430664,64.25,1178700,65.23999786376953,64.9800033569336,58.0758171081543
17-09-2014,64.63999938964844,65.0,1016700,65.44999694824219,64.94000244140625,58.040061950683594
18-09-2014,64.83000183105469,65.19000244140625,705000,65.25,65.04000091552734,58.12944030761719
19-09-2014,63.880001068115234,65.05000305175781,1136300,65.12999725341797,64.05000305175781,57.244625091552734
22-09-2014,63.22999954223633,64.01000213623047,1349000,64.43000030517578,63.2599983215332,56.5385627746582
23-09-2014,62.84000015258789,63.189998626708984,834100,63.54999923706055,63.060001373291016,56.35982894897461
24-09-2014,62.65999984741211,63.209999084472656,824800,63.52000045776367,63.16999816894531,56.458126068115234
25-09-2014,60.560001373291016,62.79999923706055,1480500,62.79999923706055,60.630001068115234,54.18800354003906
26-09-2014,60.310001373291016,60.619998931884766,919400,61.060001373291016,60.880001068115234,54.41144943237305
29-09-2014,59.849998474121094,60.11000061035156,1047400,60.529998779296875,60.029998779296875,53.651756286621094
30-09-2014,58.369998931884766,59.97999954223633,1877700,60.20000076293945,58.900001525878906,52.64182662963867
01-10-2014,57.279998779296875,58.72999954223633,2150800,58.77000045776367,57.790000915527344,51.64975357055664
02-10-2014,57.220001220703125,57.779998779296875,1686600,58.95000076293945,58.880001068115234,52.623939514160156
03-10-2014,58.2400016784668,58.91999816894531,1592900,59.27000045776367,58.97999954223633,52.713321685791016
06-10-2014,59.2400016784668,60.13999938964844,1072100,60.900001525878906,59.5099983215332,53.1870002746582
07-10-2014,58.40999984741211,59.20000076293945,1204200,59.7400016784668,58.459999084472656,52.24857711791992
08-10-2014,57.25,58.2599983215332,1095700,58.7400016784668,58.689998626708984,52.454132080078125
09-10-2014,56.25,58.5,1300200,58.68000030517578,56.29999923706055,50.31806564331055
10-10-2014,54.650001525878906,56.33000183105469,1671800,56.43000030517578,55.029998779296875,49.18301010131836
13-10-2014,53.08000183105469,55.040000915527344,1113300,55.7400016784668,53.15999984741211,47.51171112060547
14-10-2014,52.84000015258789,53.72999954223633,1590600,54.36000061035156,53.5099983215332,47.82450866699219
15-10-2014,51.349998474121094,52.54999923706055,2058200,54.060001373291016,53.720001220703125,48.012210845947266
16-10-2014,52.439998626708984,52.650001525878906,1971100,54.25,53.88999938964844,48.16414260864258
17-10-2014,54.25,54.540000915527344,1935200,55.650001525878906,54.59000015258789,48.78976821899414
20-10-2014,53.849998474121094,54.52000045776367,1406500,55.38999938964844,55.36000061035156,49.477943420410156
21-10-2014,55.630001068115234,55.81999969482422,1795400,56.7599983215332,56.529998779296875,50.52363204956055
22-10-2014,55.15999984741211,56.970001220703125,1849800,57.130001068115234,55.2400016784668,49.370689392089844
23-10-2014,55.970001220703125,57.2400016784668,2413700,58.349998474121094,56.79999923706055,50.76494216918945
24-10-2014,56.09000015258789,56.7400016784668,847100,57.279998779296875,57.20000076293945,51.12244415283203
27-10-2014,55.529998779296875,56.630001068115234,1046000,56.970001220703125,56.529998779296875,50.52363204956055
28-10-2014,56.4900016784668,57.060001373291016,1824900,58.09000015258789,57.9900016784668,51.82850646972656
29-10-2014,56.79999923706055,58.060001373291016,1701100,58.09000015258789,57.189998626708984,51.11351013183594
30-10-2014,56.68000030517578,57.0,1264300,57.66999816894531,57.349998474121094,51.25651168823242
31-10-2014,57.709999084472656,58.20000076293945,1302000,58.52000045776367,58.380001068115234,52.177066802978516
03-11-2014,58.2599983215332,58.459999084472656,1306200,59.02000045776367,58.72999954223633,52.48987579345703
04-11-2014,58.54999923706055,59.029998779296875,1421500,59.220001220703125,58.79999923706055,52.55244064331055
05-11-2014,59.0099983215332,59.33000183105469,1551700,60.77000045776367,60.75,54.295249938964844
06-11-2014,59.900001525878906,60.630001068115234,1168000,60.97999954223633,60.86000061035156,54.39356231689453
07-11-2014,60.560001373291016,60.86000061035156,1043600,61.38999938964844,61.18000030517578,54.679569244384766
10-11-2014,60.900001525878906,61.11000061035156,1113500,61.59000015258789,61.45000076293945,54.92087936401367
11-11-2014,61.09000015258789,61.34000015258789,1344500,62.25,62.040000915527344,55.44819259643555
12-11-2014,61.439998626708984,61.91999816894531,1412700,62.20000076293945,61.560001373291016,55.01919937133789
13-11-2014,61.29999923706055,61.68000030517578,1624300,62.41999816894531,61.880001068115234,55.30520248413086
14-11-2014,61.119998931884766,61.630001068115234,3264700,62.11000061035156,61.7400016784668,55.18006896972656
17-11-2014,61.43000030517578,61.61000061035156,1322900,61.93000030517578,61.599998474121094,55.05494689941406
18-11-2014,61.470001220703125,61.560001373291016,1207900,61.97999954223633,61.689998626708984,55.135372161865234
19-11-2014,61.15999984741211,61.7400016784668,1336400,61.779998779296875,61.54999923706055,55.010257720947266
20-11-2014,60.79999923706055,61.04999923706055,1183700,61.83000183105469,61.54999923706055,55.010257720947266
21-11-2014,61.52000045776367,62.470001220703125,1298600,62.540000915527344,61.779998779296875,55.2158088684082
24-11-2014,61.59000015258789,62.119998931884766,770300,62.16999816894531,61.849998474121094,55.27838134765625
25-11-2014,61.20000076293945,62.02000045776367,1221600,62.06999969482422,61.31999969482422,54.804691314697266
26-11-2014,60.88999938964844,61.40999984741211,678000,61.709999084472656,61.66999816894531,55.11750411987305
28-11-2014,58.689998626708984,61.34000015258789,757200,61.34000015258789,59.040000915527344,52.76694869995117
01-12-2014,58.08000183105469,59.0,1527500,59.380001068115234,58.34000015258789,52.14131164550781
02-12-2014,57.86000061035156,58.470001220703125,1026600,58.959999084472656,58.880001068115234,52.623939514160156
03-12-2014,58.84000015258789,59.15999984741211,1702600,61.599998474121094,61.400001525878906,54.87620162963867
04-12-2014,60.540000915527344,61.16999816894531,1273500,61.79999923706055,61.79999923706055,55.23369216918945
05-12-2014,61.650001525878906,61.650001525878906,1572100,63.380001068115234,62.380001068115234,55.75206756591797
08-12-2014,61.66999816894531,62.13999938964844,1164700,62.540000915527344,61.83000183105469,55.26051330566406
09-12-2014,61.06999969482422,61.150001525878906,942600,62.400001525878906,62.34000015258789,55.71632385253906
10-12-2014,58.5099983215332,62.04999923706055,1922700,62.04999923706055,59.0,52.731197357177734
11-12-2014,57.68000030517578,58.95000076293945,1480800,59.9900016784668,57.869998931884766,51.96346664428711
12-12-2014,55.470001220703125,57.22999954223633,1332300,57.5,55.599998474121094,49.92515182495117
15-12-2014,54.470001220703125,56.150001525878906,1429500,56.439998626708984,54.7599983215332,49.1708869934082
16-12-2014,54.290000915527344,54.45000076293945,1156200,56.25,54.970001220703125,49.35945129394531
17-12-2014,54.95000076293945,55.040000915527344,1601700,57.2400016784668,57.20000076293945,51.36184310913086
18-12-2014,57.5,58.0099983215332,1300200,58.84000015258789,58.84000015258789,52.8344612121582
19-12-2014,58.22999954223633,58.959999084472656,1902100,59.470001220703125,58.689998626708984,52.699764251708984
22-12-2014,58.540000915527344,58.81999969482422,1929500,60.0,60.0,53.87606430053711
23-12-2014,60.13999938964844,60.439998626708984,999600,61.38999938964844,60.81999969482422,54.61237335205078
24-12-2014,60.47999954223633,60.77000045776367,429800,61.02000045776367,60.47999954223633,54.30706787109375
26-12-2014,60.63999938964844,60.88999938964844,768500,61.209999084472656,60.88999938964844,54.67523193359375
29-12-2014,60.65999984741211,60.75,569000,61.5,60.939998626708984,54.72011947631836
30-12-2014,60.7599983215332,60.86000061035156,571700,61.29999923706055,60.79999923706055,54.59440612792969
31-12-2014,60.09000015258789,60.91999816894531,517100,60.970001220703125,60.130001068115234,53.9927978515625
02-01-2015,59.689998626708984,60.369998931884766,740900,60.63999938964844,60.310001373291016,54.154415130615234
05-01-2015,58.27000045776367,59.900001525878906,1544700,60.08000183105469,58.310001373291016,52.35856246948242
06-01-2015,57.130001068115234,58.439998626708984,1625500,58.5,57.16999816894531,51.33489990234375
07-01-2015,56.75,57.97999954223633,953900,57.97999954223633,56.939998626708984,51.12838363647461
08-01-2015,57.36000061035156,57.529998779296875,1533700,58.90999984741211,58.72999954223633,52.73567581176758
09-01-2015,57.439998626708984,58.7599983215332,5402600,59.709999084472656,59.02000045776367,52.9960823059082
12-01-2015,58.459999084472656,58.97999954223633,8195200,60.52000045776367,59.70000076293945,53.60667419433594
13-01-2015,59.95000076293945,60.20000076293945,2911700,62.22999954223633,60.9900016784668,54.765010833740234
14-01-2015,58.58000183105469,59.88999938964844,1580300,60.22999954223633,59.52000045776367,53.445045471191406
15-01-2015,57.86000061035156,59.7599983215332,1632700,59.970001220703125,58.08000183105469,52.15203857421875
16-01-2015,57.310001373291016,57.970001220703125,1460000,58.58000183105469,58.52000045776367,52.547115325927734
20-01-2015,57.56999969482422,59.0,1505000,59.0,57.79999923706055,51.90058517456055
21-01-2015,57.36000061035156,57.65999984741211,1685100,58.630001068115234,58.61000061035156,52.6279411315918
22-01-2015,58.43000030517578,58.93000030517578,1380000,59.7400016784668,59.54999923706055,53.47199630737305
23-01-2015,56.25,59.150001525878906,3089100,59.439998626708984,56.84000015258789,51.03858947753906
26-01-2015,56.66999816894531,57.22999954223633,2054300,57.5099983215332,57.13999938964844,51.30797576904297
27-01-2015,56.08000183105469,56.189998626708984,1614500,56.86000061035156,56.369998931884766,50.616554260253906
28-01-2015,54.70000076293945,56.91999816894531,3878300,57.7599983215332,55.369998931884766,49.718624114990234
29-01-2015,46.939998626708984,53.810001373291016,10098600,56.16999816894531,47.77000045776367,42.89431381225586
30-01-2015,46.779998779296875,47.029998779296875,6710200,48.83000183105469,48.2599983215332,43.334312438964844
02-02-2015,47.310001373291016,48.439998626708984,3066300,48.7599983215332,47.91999816894531,43.029014587402344
03-02-2015,47.83000183105469,48.70000076293945,3064900,49.540000915527344,49.380001068115234,44.33999252319336
04-02-2015,48.439998626708984,48.88999938964844,1878900,49.45000076293945,48.849998474121094,43.864097595214844
05-02-2015,48.880001068115234,49.029998779296875,2318000,49.95000076293945,49.75,44.6722412109375
06-02-2015,49.7599983215332,49.77000045776367,2703800,51.13999938964844,51.08000183105469,45.866485595703125
09-02-2015,50.83000183105469,50.90999984741211,2196100,52.150001525878906,52.13999938964844,46.81830596923828
10-02-2015,51.599998474121094,52.400001525878906,1429700,52.400001525878906,52.16999816894531,46.84523391723633
11-02-2015,51.47999954223633,51.7599983215332,1821500,53.75,53.18000030517578,47.75214767456055
12-02-2015,52.75,52.939998626708984,1660100,54.119998931884766,53.959999084472656,48.45254135131836
13-02-2015,53.33000183105469,54.11000061035156,2322400,54.70000076293945,54.59000015258789,49.01823425292969
17-02-2015,53.880001068115234,54.40999984741211,1030600,55.220001220703125,54.790000915527344,49.19782638549805
18-02-2015,54.220001220703125,54.38999938964844,1070400,54.880001068115234,54.86000061035156,49.26068878173828
19-02-2015,53.939998626708984,54.34000015258789,1293000,54.7599983215332,54.43000030517578,48.87457275390625
20-02-2015,53.779998779296875,54.529998779296875,1080100,55.470001220703125,55.470001220703125,49.80842208862305
23-02-2015,54.9900016784668,55.029998779296875,904300,55.70000076293945,55.560001373291016,49.88924789428711
24-02-2015,55.33000183105469,55.43000030517578,975200,56.13999938964844,56.08000183105469,50.35615921020508
25-02-2015,55.79999923706055,55.79999923706055,770900,56.5099983215332,56.33000183105469,50.58064270019531
26-02-2015,55.88999938964844,56.34000015258789,738200,56.720001220703125,56.29999923706055,50.553707122802734
27-02-2015,56.099998474121094,56.27000045776367,751100,56.9900016784668,56.56999969482422,50.7961540222168
02-03-2015,55.83000183105469,56.56999969482422,1315800,57.08000183105469,56.68000030517578,50.8949089050293
03-03-2015,56.29999923706055,56.38999938964844,886700,56.849998474121094,56.7400016784668,50.948795318603516
04-03-2015,55.2599983215332,56.650001525878906,1602200,56.650001525878906,55.400001525878906,49.74556350708008
05-03-2015,54.70000076293945,55.439998626708984,943700,55.540000915527344,55.279998779296875,49.6378173828125
06-03-2015,54.52000045776367,54.599998474121094,1369700,55.18000030517578,54.83000183105469,49.23374557495117
09-03-2015,54.75,55.0099983215332,1003300,55.06999969482422,54.900001525878906,49.296600341796875
10-03-2015,54.04999923706055,54.209999084472656,969400,54.560001373291016,54.34000015258789,48.79374694824219
11-03-2015,53.349998474121094,54.310001373291016,1686600,54.400001525878906,53.540000915527344,48.07540512084961
12-03-2015,53.25,53.5,952800,54.380001068115234,53.650001525878906,48.436546325683594
13-03-2015,52.7400016784668,53.41999816894531,794100,53.65999984741211,52.939998626708984,47.795536041259766
16-03-2015,52.56999969482422,53.04999923706055,1185700,53.20000076293945,52.790000915527344,47.66011047363281
17-03-2015,51.779998779296875,52.52000045776367,1474600,52.7400016784668,52.4900016784668,47.389251708984375
18-03-2015,51.5,52.380001068115234,2347500,53.11000061035156,52.75,47.62398147583008
19-03-2015,51.47999954223633,52.5,1211200,52.70000076293945,51.66999816894531,46.64894485473633
20-03-2015,51.7400016784668,51.75,1732800,52.529998779296875,52.25,47.172584533691406
23-03-2015,51.88999938964844,52.25,928600,52.709999084472656,51.90999984741211,46.865623474121094
24-03-2015,51.58000183105469,51.91999816894531,949400,52.349998474121094,52.0,46.946876525878906
25-03-2015,51.13999938964844,52.0,554200,52.29999923706055,51.18000030517578,46.206573486328125
26-03-2015,50.84000015258789,51.04999923706055,788000,51.31999969482422,51.0,46.04405212402344
27-03-2015,51.369998931884766,52.9900016784668,1493300,53.029998779296875,51.54999923706055,46.54059600830078
30-03-2015,51.63999938964844,51.959999084472656,930400,52.54999923706055,52.43000030517578,47.33509063720703
31-03-2015,51.880001068115234,52.279998779296875,1126100,52.91999816894531,52.84000015258789,47.705238342285156
01-04-2015,52.22999954223633,52.54999923706055,1047000,52.709999084472656,52.56999969482422,47.461483001708984
02-04-2015,52.27000045776367,52.52000045776367,931100,53.459999084472656,52.88999938964844,47.750396728515625
06-04-2015,52.79999923706055,52.79999923706055,1530900,55.220001220703125,55.0,49.65535354614258
07-04-2015,54.619998931884766,55.0,1199400,55.47999954223633,55.25,49.88104248046875
08-04-2015,55.27000045776367,55.43000030517578,1365400,56.06999969482422,55.880001068115234,50.449832916259766
09-04-2015,56.08000183105469,56.099998474121094,2317900,59.029998779296875,59.0099983215332,53.27567672729492
10-04-2015,58.56999969482422,59.4900016784668,1231600,59.880001068115234,58.75,53.04094314575195
13-04-2015,58.290000915527344,58.61000061035156,766600,58.939998626708984,58.380001068115234,52.7068977355957
14-04-2015,58.06999969482422,58.529998779296875,830300,58.970001220703125,58.970001220703125,53.23955535888672
15-04-2015,58.459999084472656,59.099998474121094,1122100,59.68000030517578,59.310001373291016,53.54652786254883
16-04-2015,58.540000915527344,59.2400016784668,1291700,59.2599983215332,58.7400016784668,53.03190612792969
17-04-2015,58.13999938964844,58.41999816894531,890400,59.06999969482422,59.04999923706055,53.31179428100586
20-04-2015,58.790000915527344,59.2599983215332,594300,59.470001220703125,59.189998626708984,53.43819808959961
21-04-2015,58.16999816894531,59.310001373291016,974800,59.40999984741211,58.75,53.04094314575195
22-04-2015,58.5099983215332,58.779998779296875,815300,59.290000915527344,58.939998626708984,53.21248245239258
23-04-2015,58.54999923706055,58.650001525878906,755500,59.06999969482422,58.95000076293945,53.22150802612305
24-04-2015,58.720001220703125,59.06999969482422,709600,59.65999984741211,59.0,53.26665115356445
27-04-2015,58.400001525878906,59.08000183105469,805500,59.38999938964844,58.52000045776367,52.83329391479492
28-04-2015,57.95000076293945,58.45000076293945,756600,59.5,59.45000076293945,53.67292404174805
29-04-2015,58.7400016784668,58.77000045776367,852700,60.29999923706055,60.25,54.395179748535156
30-04-2015,59.470001220703125,60.25,1485500,60.779998779296875,59.70000076293945,53.898624420166016
01-05-2015,59.810001373291016,60.13999938964844,735100,60.77000045776367,60.439998626708984,54.56671142578125
04-05-2015,59.9900016784668,60.689998626708984,885900,60.88999938964844,60.119998931884766,54.277801513671875
05-05-2015,59.59000015258789,60.130001068115234,1174000,60.70000076293945,60.0,54.169471740722656
06-05-2015,59.7599983215332,60.529998779296875,1487400,60.72999954223633,60.0,54.169471740722656
07-05-2015,61.439998626708984,62.279998779296875,3725400,64.54000091552734,62.83000183105469,56.724464416503906
08-05-2015,63.119998931884766,63.720001220703125,1781800,64.98999786376953,63.15999984741211,57.02240753173828
11-05-2015,62.709999084472656,63.15999984741211,1268200,63.599998474121094,63.25,57.103641510009766
12-05-2015,62.0099983215332,63.06999969482422,1059900,63.209999084472656,62.68000030517578,56.58903884887695
13-05-2015,62.439998626708984,62.72999954223633,860700,62.959999084472656,62.540000915527344,56.462646484375
14-05-2015,62.61000061035156,62.810001373291016,1085300,63.86000061035156,63.630001068115234,57.44671630859375
15-05-2015,62.91999816894531,63.33000183105469,1142500,64.80000305175781,64.37999725341797,58.123836517333984
18-05-2015,63.11000061035156,64.23999786376953,1318800,64.23999786376953,63.2599983215332,57.1126708984375
19-05-2015,62.16999816894531,63.22999954223633,1140500,63.349998474121094,62.70000076293945,56.60709762573242
20-05-2015,62.34000015258789,62.790000915527344,909500,62.880001068115234,62.540000915527344,56.462646484375
21-05-2015,62.04999923706055,62.22999954223633,669900,62.810001373291016,62.709999084472656,56.61613082885742
22-05-2015,61.65999984741211,62.279998779296875,1022300,62.5,61.869998931884766,55.857757568359375
26-05-2015,60.790000915527344,61.45000076293945,825400,61.650001525878906,61.15999984741211,55.21675491333008
27-05-2015,60.959999084472656,61.15999984741211,642900,61.56999969482422,61.31999969482422,55.361202239990234
28-05-2015,60.27000045776367,61.310001373291016,867500,61.560001373291016,60.59000015258789,54.70213317871094
29-05-2015,59.900001525878906,60.599998474121094,1374100,60.65999984741211,60.150001525878906,54.304901123046875
01-06-2015,59.790000915527344,60.380001068115234,1272000,60.720001220703125,59.849998474121094,54.0340461730957
02-06-2015,59.77000045776367,59.84000015258789,840600,60.86000061035156,60.65999984741211,54.76533889770508
03-06-2015,60.869998931884766,60.90999984741211,617800,61.95000076293945,61.45000076293945,55.47856903076172
04-06-2015,60.869998931884766,61.04999923706055,1100600,61.70000076293945,61.27000045776367,55.3160514831543
05-06-2015,60.54999923706055,61.040000915527344,688800,61.36000061035156,61.130001068115234,55.189659118652344
08-06-2015,60.630001068115234,61.16999816894531,647300,61.5099983215332,60.689998626708984,54.79241943359375
09-06-2015,60.470001220703125,60.72999954223633,499100,61.119998931884766,60.599998474121094,54.7111701965332
10-06-2015,60.70000076293945,61.06999969482422,758700,61.40999984741211,61.16999816894531,55.22578048706055
11-06-2015,61.189998626708984,61.29999923706055,600400,61.68000030517578,61.459999084472656,55.48759841918945
12-06-2015,59.58000183105469,61.060001373291016,857600,61.060001373291016,59.779998779296875,54.22672653198242
15-06-2015,57.529998779296875,59.529998779296875,1206000,59.529998779296875,57.91999816894531,52.53950500488281
16-06-2015,57.63999938964844,57.91999816894531,997100,58.40999984741211,57.97999954223633,52.593929290771484
17-06-2015,57.84000015258789,58.41999816894531,805000,58.90999984741211,58.45000076293945,53.02027893066406
18-06-2015,58.22999954223633,58.540000915527344,1274000,59.70000076293945,59.63999938964844,54.0997314453125
19-06-2015,58.54999923706055,59.599998474121094,918400,59.630001068115234,58.599998474121094,53.15633773803711
22-06-2015,58.40999984741211,58.84000015258789,649200,59.09000015258789,59.0099983215332,53.528255462646484
23-06-2015,58.400001525878906,59.119998931884766,489000,59.209999084472656,58.959999084472656,53.48289489746094
24-06-2015,57.619998931884766,59.150001525878906,881200,59.290000915527344,57.63999938964844,52.28551483154297
25-06-2015,57.66999816894531,57.849998474121094,805900,58.470001220703125,58.27000045776367,52.85698318481445
26-06-2015,58.290000915527344,58.54999923706055,1577700,59.20000076293945,59.099998474121094,53.60989761352539
29-06-2015,56.11000061035156,58.66999816894531,1295800,59.0,56.2400016784668,51.01557159423828
30-06-2015,54.90999984741211,56.720001220703125,1213900,56.84000015258789,55.27000045776367,50.135677337646484
01-07-2015,53.81999969482422,55.459999084472656,1871900,55.83000183105469,54.459999084472656,49.40092468261719
02-07-2015,54.29999923706055,54.540000915527344,1462100,55.130001068115234,55.029998779296875,49.917972564697266
06-07-2015,54.0,54.2599983215332,1247700,54.90999984741211,54.25,49.21043395996094
07-07-2015,52.970001220703125,54.220001220703125,1092100,54.439998626708984,54.25,49.21043395996094
08-07-2015,52.959999084472656,53.869998931884766,986600,54.22999954223633,53.06999969482422,48.140045166015625
09-07-2015,53.41999816894531,53.88999938964844,918500,54.15999984741211,53.439998626708984,48.475677490234375
10-07-2015,53.81999969482422,54.18000030517578,528500,54.40999984741211,54.0,48.98365783691406
13-07-2015,54.189998626708984,54.33000183105469,878900,55.650001525878906,55.380001068115234,50.235469818115234
14-07-2015,54.81999969482422,55.2599983215332,692200,55.40999984741211,55.33000183105469,50.19010925292969
15-07-2015,54.040000915527344,55.220001220703125,571700,55.290000915527344,54.27000045776367,49.228572845458984
16-07-2015,53.619998931884766,54.31999969482422,977500,54.68000030517578,54.41999816894531,49.36463928222656
17-07-2015,52.970001220703125,54.22999954223633,668000,54.22999954223633,53.0099983215332,48.08561706542969
20-07-2015,52.41999816894531,52.88999938964844,809900,53.119998931884766,52.75,47.849769592285156
21-07-2015,51.970001220703125,52.779998779296875,557400,53.369998931884766,52.09000015258789,47.2510871887207
22-07-2015,51.4900016784668,51.9900016784668,592900,52.209999084472656,51.709999084472656,46.90637969970703
23-07-2015,51.290000915527344,51.84000015258789,694000,52.08000183105469,51.31999969482422,46.55261993408203
24-07-2015,49.400001525878906,51.209999084472656,800700,51.310001373291016,49.810001373291016,45.182891845703125
27-07-2015,49.029998779296875,49.40999984741211,842700,50.11000061035156,49.810001373291016,45.182891845703125
28-07-2015,49.59000015258789,49.900001525878906,893700,50.970001220703125,50.779998779296875,46.062767028808594
29-07-2015,50.54999923706055,50.91999816894531,1146400,52.0099983215332,51.90999984741211,47.087806701660156
30-07-2015,51.5,51.939998626708984,1830700,53.540000915527344,53.400001525878906,48.43939971923828
31-07-2015,53.34000015258789,53.83000183105469,2140100,54.810001373291016,54.20000076293945,49.165069580078125
03-08-2015,53.0,54.099998474121094,889900,54.310001373291016,53.290000915527344,48.33961486816406
04-08-2015,53.29999923706055,53.40999984741211,985200,54.209999084472656,53.630001068115234,48.648033142089844
05-08-2015,52.529998779296875,54.2400016784668,1484800,54.25,53.2599983215332,48.31239318847656
06-08-2015,49.54999923706055,53.68000030517578,3863700,53.68000030517578,51.77000045776367,46.9608154296875
07-08-2015,51.04999923706055,51.93000030517578,955900,53.029998779296875,51.2400016784668,46.48006057739258
10-08-2015,51.15999984741211,51.2400016784668,849100,52.72999954223633,52.689998626708984,47.79534149169922
11-08-2015,51.40999984741211,51.97999954223633,785400,52.119998931884766,52.0,47.16944885253906
12-08-2015,50.290000915527344,51.45000076293945,979600,51.83000183105469,51.119998931884766,46.3712043762207
13-08-2015,50.119998931884766,51.040000915527344,966800,51.33000183105469,50.41999816894531,45.736228942871094
14-08-2015,50.290000915527344,50.45000076293945,600700,51.279998779296875,51.11000061035156,46.362117767333984
17-08-2015,50.45000076293945,50.81999969482422,1194100,51.95000076293945,51.77000045776367,46.9608154296875
18-08-2015,50.9900016784668,51.619998931884766,807200,51.72999954223633,51.11000061035156,46.362117767333984
19-08-2015,49.40999984741211,50.83000183105469,946600,51.25,49.880001068115234,45.24639129638672
20-08-2015,49.0099983215332,49.40999984741211,831300,49.939998626708984,49.31999969482422,44.7384033203125
21-08-2015,46.66999816894531,48.83000183105469,1381200,48.849998474121094,46.810001373291016,42.46157455444336
24-08-2015,42.38999938964844,44.27000045776367,2099600,45.83000183105469,44.34000015258789,40.22102355957031
25-08-2015,42.779998779296875,45.61000061035156,1288400,45.720001220703125,42.79999923706055,38.82408142089844
26-08-2015,42.310001373291016,43.56999969482422,3192700,43.65999984741211,43.06999969482422,39.069000244140625
27-08-2015,43.599998474121094,43.7400016784668,2054100,46.20000076293945,45.130001068115234,40.93763732910156
28-08-2015,44.77000045776367,44.939998626708984,1459800,46.58000183105469,45.29999923706055,41.09185028076172
31-08-2015,43.97999954223633,44.95000076293945,1435800,45.52000045776367,45.209999084472656,41.01020812988281
01-09-2015,42.599998474121094,44.13999938964844,2076100,44.54999923706055,42.849998474121094,38.86943435668945
02-09-2015,42.400001525878906,43.5,1618600,43.650001525878906,42.72999954223633,38.76059341430664
03-09-2015,42.279998779296875,43.060001373291016,2688500,43.060001373291016,42.869998931884766,38.887577056884766
04-09-2015,41.88999938964844,42.16999816894531,1528800,42.52000045776367,42.43000030517578,38.48845672607422
08-09-2015,42.77000045776367,43.27000045776367,2991800,43.27000045776367,43.02000045776367,39.02364730834961
09-09-2015,42.90999984741211,43.4900016784668,1483200,44.029998779296875,43.029998779296875,39.03272247314453
10-09-2015,42.4900016784668,42.97999954223633,1659400,43.25,42.79999923706055,38.82408142089844
11-09-2015,41.599998474121094,42.47999954223633,873900,42.83000183105469,42.0,38.09839630126953
14-09-2015,41.369998931884766,41.7400016784668,1203300,42.22999954223633,41.880001068115234,38.253684997558594
15-09-2015,42.2400016784668,42.2400016784668,4852000,44.529998779296875,44.27000045776367,40.43673324584961
16-09-2015,44.150001525878906,44.529998779296875,1408200,45.13999938964844,44.7400016784668,40.866050720214844
17-09-2015,44.560001373291016,44.59000015258789,1665400,45.7400016784668,45.04999923706055,41.149208068847656
18-09-2015,44.36000061035156,44.41999816894531,2980200,45.75,45.709999084472656,41.75204849243164
21-09-2015,45.599998474121094,46.09000015258789,2045500,47.189998626708984,46.400001525878906,42.382301330566406
22-09-2015,45.11000061035156,45.880001068115234,1777900,46.0,45.709999084472656,41.75204849243164
23-09-2015,45.18000030517578,45.54999923706055,1409000,46.189998626708984,45.310001373291016,41.38667678833008
24-09-2015,43.459999084472656,44.56999969482422,1622000,45.529998779296875,45.220001220703125,41.30447769165039
25-09-2015,44.79999923706055,45.47999954223633,1426700,46.040000915527344,45.130001068115234,41.222267150878906
28-09-2015,41.650001525878906,44.81999969482422,1738200,44.88999938964844,41.779998779296875,38.16233825683594
29-09-2015,41.5,41.52000045776367,1479700,42.70000076293945,42.529998779296875,38.84738540649414
30-09-2015,42.970001220703125,43.029998779296875,1366800,44.38999938964844,44.099998474121094,40.281455993652344
01-10-2015,44.099998474121094,44.290000915527344,1621200,45.22999954223633,45.16999816894531,41.25880813598633
02-10-2015,44.31999969482422,44.540000915527344,1231400,46.150001525878906,46.150001525878906,42.153953552246094
05-10-2015,46.380001068115234,46.47999954223633,1024800,47.61000061035156,47.43000030517578,43.323116302490234
06-10-2015,47.540000915527344,47.810001373291016,1637200,48.84000015258789,47.61000061035156,43.48753356933594
07-10-2015,47.66999816894531,47.900001525878906,1903300,49.11000061035156,48.90999984741211,44.67496109008789
08-10-2015,48.630001068115234,48.7400016784668,1726100,50.9900016784668,50.56999969482422,46.19122314453125
09-10-2015,50.54999923706055,51.369998931884766,1927900,51.880001068115234,50.720001220703125,46.32823944091797
12-10-2015,50.310001373291016,51.08000183105469,1161600,51.2599983215332,50.5099983215332,46.13642501831055
13-10-2015,49.869998931884766,50.18000030517578,917200,50.91999816894531,50.2599983215332,45.90806198120117
14-10-2015,50.06999969482422,50.150001525878906,905800,51.720001220703125,51.439998626708984,46.98588943481445
15-10-2015,50.0099983215332,51.72999954223633,1460100,51.81999969482422,51.470001220703125,47.0133056640625
16-10-2015,51.560001373291016,51.70000076293945,2035000,52.72999954223633,52.45000076293945,47.90843963623047
19-10-2015,51.84000015258789,52.08000183105469,1555600,52.400001525878906,52.2599983215332,47.73488998413086
20-10-2015,52.060001373291016,52.189998626708984,939800,52.939998626708984,52.099998474121094,47.5887451171875
21-10-2015,51.02000045776367,52.400001525878906,1160100,52.84000015258789,51.18000030517578,46.74840545654297
22-10-2015,51.36000061035156,51.81999969482422,1463700,53.119998931884766,52.38999938964844,47.8536262512207
23-10-2015,52.4900016784668,52.869998931884766,1266200,53.65999984741211,52.58000183105469,48.02717971801758
26-10-2015,52.04999923706055,52.43000030517578,1085400,52.970001220703125,52.68000030517578,48.1185302734375
27-10-2015,51.02000045776367,52.2400016784668,1697700,52.5,51.93000030517578,47.433467864990234
28-10-2015,51.779998779296875,52.04999923706055,1772600,54.06999969482422,53.58000183105469,48.940589904785156
29-10-2015,53.09000015258789,53.33000183105469,1433500,54.59000015258789,54.290000915527344,49.589115142822266
30-10-2015,52.93000030517578,54.33000183105469,1412200,54.369998931884766,53.52000045776367,48.88578796386719
02-11-2015,54.060001373291016,54.2599983215332,2509400,54.869998931884766,54.2400016784668,49.54344940185547
03-11-2015,54.2599983215332,54.43000030517578,1563700,55.47999954223633,54.66999816894531,49.93621826171875
04-11-2015,53.779998779296875,54.939998626708984,2019500,55.29999923706055,54.220001220703125,49.52517318725586
05-11-2015,48.15999984741211,52.5,5880300,52.81999969482422,49.43000030517578,45.14994430541992
06-11-2015,49.34000015258789,49.47999954223633,2224200,50.84000015258789,50.68000030517578,46.29169845581055
09-11-2015,49.47999954223633,50.380001068115234,2509600,50.81999969482422,49.91999816894531,45.59750747680664
10-11-2015,49.2599983215332,49.939998626708984,1199000,50.33000183105469,49.58000183105469,45.28694152832031
11-11-2015,48.439998626708984,49.849998474121094,1645300,49.9900016784668,48.900001525878906,44.66584014892578
12-11-2015,46.849998474121094,48.13999938964844,1314500,48.86000061035156,46.91999816894531,42.857269287109375
13-11-2015,46.4900016784668,46.75,2017100,48.2400016784668,47.619998931884766,43.49666213989258
16-11-2015,47.02000045776367,47.43000030517578,1024500,48.06999969482422,47.97999954223633,43.82549285888672
17-11-2015,47.66999816894531,48.11000061035156,1743000,48.93000030517578,48.52000045776367,44.318729400634766
18-11-2015,48.47999954223633,48.63999938964844,1593600,50.86000061035156,50.810001373291016,46.410457611083984
19-11-2015,50.310001373291016,50.5,1066300,51.13999938964844,50.689998626708984,46.300838470458984
20-11-2015,50.75,50.939998626708984,1304600,51.970001220703125,51.66999816894531,47.195980072021484
23-11-2015,51.2400016784668,51.56999969482422,1609500,52.150001525878906,52.11000061035156,47.59788513183594
24-11-2015,51.66999816894531,51.95000076293945,1567700,53.09000015258789,53.0099983215332,48.41994857788086
25-11-2015,52.54999923706055,52.88999938964844,649700,53.209999084472656,52.900001525878906,48.31948471069336
27-11-2015,52.7599983215332,52.900001525878906,312000,53.34000015258789,53.11000061035156,48.511287689208984
30-11-2015,53.099998474121094,53.290000915527344,814900,53.689998626708984,53.560001373291016,48.92233657836914
01-12-2015,52.83000183105469,53.68000030517578,1255800,53.79999923706055,52.95000076293945,48.365150451660156
02-12-2015,51.79999923706055,52.75,934900,53.06999969482422,52.279998779296875,47.75315856933594
03-12-2015,51.79999923706055,52.27000045776367,1451100,52.959999084472656,52.83000183105469,48.25554275512695
04-12-2015,51.939998626708984,52.5099983215332,1189800,53.52000045776367,52.9900016784668,48.40167999267578
07-12-2015,50.880001068115234,52.529998779296875,968500,52.65999984741211,51.099998474121094,46.67533493041992
08-12-2015,49.66999816894531,50.54999923706055,731400,50.709999084472656,49.779998779296875,45.46962356567383
09-12-2015,49.619998931884766,50.77000045776367,1564900,51.41999816894531,50.02000045776367,45.68885040283203
10-12-2015,49.029998779296875,49.93000030517578,833800,49.959999084472656,49.209999084472656,44.94899368286133
11-12-2015,47.310001373291016,47.970001220703125,1399600,48.400001525878906,47.95000076293945,44.05773162841797
14-12-2015,46.34000015258789,47.83000183105469,1586600,47.970001220703125,47.7599983215332,43.88313674926758
15-12-2015,48.0,48.099998474121094,1032400,49.34000015258789,48.68000030517578,44.72847366333008
16-12-2015,48.75,49.150001525878906,2259400,52.060001373291016,51.83000183105469,47.622772216796875
17-12-2015,51.33000183105469,51.9900016784668,1716100,53.099998474121094,52.41999816894531,48.164878845214844
18-12-2015,50.970001220703125,52.0099983215332,2112400,53.310001373291016,51.18000030517578,47.025535583496094
21-12-2015,50.790000915527344,51.599998474121094,841100,51.869998931884766,51.459999084472656,47.282806396484375
22-12-2015,51.43000030517578,51.599998474121094,1159400,54.77000045776367,54.310001373291016,49.901466369628906
23-12-2015,54.4900016784668,54.560001373291016,1068400,56.45000076293945,56.290000915527344,51.72073745727539
24-12-2015,55.79999923706055,56.25,380700,56.5,55.95000076293945,51.40834426879883
28-12-2015,55.130001068115234,55.720001220703125,856400,56.790000915527344,56.75,52.143394470214844
29-12-2015,56.2400016784668,57.40999984741211,759600,57.9900016784668,56.72999954223633,52.125022888183594
30-12-2015,56.2599983215332,56.41999816894531,733700,57.20000076293945,56.34000015258789,51.766685485839844
31-12-2015,55.83000183105469,56.060001373291016,663000,57.4900016784668,56.0099983215332,51.46346664428711
04-01-2016,54.27000045776367,54.970001220703125,1284700,55.689998626708984,55.54999923706055,51.04079818725586
05-01-2016,53.880001068115234,55.54999923706055,1232100,56.099998474121094,54.70000076293945,50.25979995727539
06-01-2016,51.84000015258789,53.470001220703125,1240000,54.25,52.310001373291016,48.06381607055664
07-01-2016,49.47999954223633,51.2599983215332,1521000,51.70000076293945,49.95000076293945,45.89537811279297
08-01-2016,48.970001220703125,50.45000076293945,1127400,51.08000183105469,49.0099983215332,45.03168487548828
11-01-2016,47.380001068115234,49.2400016784668,1313200,49.529998779296875,48.040000915527344,44.14042663574219
12-01-2016,48.04999923706055,48.790000915527344,1299100,49.18000030517578,48.95000076293945,44.97654342651367
13-01-2016,47.310001373291016,49.619998931884766,1463300,51.27000045776367,47.709999084472656,43.83720779418945
14-01-2016,46.84000015258789,48.029998779296875,1303200,49.650001525878906,48.900001525878906,44.93061447143555
15-01-2016,45.779998779296875,47.63999938964844,1446900,48.02000045776367,47.90999984741211,44.020973205566406
19-01-2016,47.56999969482422,48.47999954223633,1699800,49.5,48.41999816894531,44.48957443237305
20-01-2016,46.15999984741211,47.560001373291016,1356500,48.790000915527344,48.0099983215332,44.11284637451172
21-01-2016,47.41999816894531,47.9900016784668,1844300,50.7400016784668,49.43000030517578,45.41759490966797
22-01-2016,50.650001525878906,50.65999984741211,1533300,52.27000045776367,51.290000915527344,47.12661361694336
25-01-2016,49.70000076293945,51.09000015258789,1634100,51.25,49.97999954223633,45.922943115234375
26-01-2016,50.08000183105469,50.369998931884766,1524200,52.470001220703125,51.880001068115234,47.66872024536133
27-01-2016,50.439998626708984,51.54999923706055,1429600,52.2599983215332,50.93000030517578,46.795841217041016
28-01-2016,51.279998779296875,51.650001525878906,1176700,52.52000045776367,51.7599983215332,47.55845260620117
29-01-2016,51.150001525878906,51.790000915527344,2887700,52.65999984741211,52.63999938964844,48.36701965332031
01-02-2016,50.970001220703125,51.869998931884766,1463300,52.95000076293945,52.81999969482422,48.532405853271484
02-02-2016,51.349998474121094,52.16999816894531,1279500,53.02000045776367,51.86000061035156,47.65033721923828
03-02-2016,51.15999984741211,52.65999984741211,1447600,53.619998931884766,53.52000045776367,49.17559051513672
04-02-2016,51.22999954223633,53.63999938964844,2213800,54.2599983215332,51.95000076293945,47.733028411865234
05-02-2016,50.720001220703125,51.380001068115234,1380300,52.70000076293945,51.540000915527344,47.35631561279297
08-02-2016,47.4900016784668,50.90999984741211,1940700,50.90999984741211,48.790000915527344,44.82954788208008
09-02-2016,48.08000183105469,48.220001220703125,1709400,50.029998779296875,49.88999938964844,45.84025192260742
10-02-2016,49.40999984741211,50.599998474121094,1101400,51.04999923706055,50.09000015258789,46.02402114868164
11-02-2016,48.41999816894531,48.779998779296875,1186000,50.83000183105469,50.09000015258789,46.02402114868164
12-02-2016,50.040000915527344,50.68000030517578,1183300,52.02000045776367,51.380001068115234,47.20929718017578
16-02-2016,51.04999923706055,52.189998626708984,1652000,52.619998931884766,52.31999969482422,48.072994232177734
17-02-2016,52.5099983215332,52.939998626708984,1782800,54.25,52.77000045776367,48.486473083496094
18-02-2016,50.95000076293945,51.34000015258789,3044500,55.599998474121094,54.529998779296875,50.10360336303711
19-02-2016,53.27000045776367,54.41999816894531,1036900,54.540000915527344,54.47999954223633,50.05765914916992
22-02-2016,54.650001525878906,54.84000015258789,1382600,55.4900016784668,54.83000183105469,50.37925338745117
23-02-2016,52.5099983215332,54.470001220703125,1223900,55.59000015258789,52.65999984741211,48.385398864746094
24-02-2016,51.029998779296875,51.970001220703125,971000,53.36000061035156,53.310001373291016,48.98264694213867
25-02-2016,53.2599983215332,53.599998474121094,833000,55.459999084472656,55.439998626708984,50.939735412597656
26-02-2016,55.54999923706055,55.939998626708984,885000,56.86000061035156,56.560001373291016,51.968833923339844
29-02-2016,56.11000061035156,56.599998474121094,1441700,57.95000076293945,56.220001220703125,51.65641403198242
01-03-2016,57.0,57.119998931884766,1483700,58.86000061035156,58.65999984741211,53.898353576660156
02-03-2016,57.369998931884766,58.2599983215332,1144900,59.41999816894531,57.709999084472656,53.02547073364258
03-03-2016,56.029998779296875,57.47999954223633,1257200,57.88999938964844,57.220001220703125,52.57524490356445
04-03-2016,57.349998474121094,57.52000045776367,1393700,59.880001068115234,59.16999816894531,54.36696243286133
07-03-2016,57.91999816894531,59.02000045776367,1807600,59.970001220703125,58.79999923706055,54.02699279785156
08-03-2016,58.04999923706055,58.33000183105469,1502500,59.130001068115234,58.47999954223633,53.73297119140625
09-03-2016,58.599998474121094,58.79999923706055,1418000,60.34000015258789,60.2400016784668,55.350101470947266
10-03-2016,58.93000030517578,59.88999938964844,1364600,60.540000915527344,59.380001068115234,54.55991744995117
11-03-2016,59.45000076293945,59.790000915527344,1109500,61.900001525878906,61.2400016784668,56.2689323425293
14-03-2016,59.72999954223633,60.380001068115234,1350700,60.959999084472656,60.02000045776367,55.42399597167969
15-03-2016,58.84000015258789,59.34000015258789,1318000,60.040000915527344,59.189998626708984,54.65755844116211
16-03-2016,59.099998474121094,59.099998474121094,1461300,61.689998626708984,61.619998931884766,56.90147018432617
17-03-2016,60.7599983215332,61.470001220703125,1335400,62.869998931884766,62.43000030517578,57.649444580078125
18-03-2016,60.70000076293945,62.36000061035156,1907600,62.75,61.380001068115234,56.67985916137695
21-03-2016,60.95000076293945,61.380001068115234,1155200,61.93000030517578,61.63999938964844,56.91993713378906
22-03-2016,61.189998626708984,61.36000061035156,1225700,62.560001373291016,62.15999984741211,57.40011978149414
23-03-2016,61.2599983215332,61.95000076293945,1054500,62.189998626708984,61.38999938964844,56.689090728759766
24-03-2016,60.34000015258789,60.66999816894531,711000,62.09000015258789,61.91999816894531,57.17850112915039
28-03-2016,61.52000045776367,61.9900016784668,811800,62.2599983215332,62.119998931884766,57.36318588256836
29-03-2016,61.5099983215332,62.09000015258789,798000,63.0,62.959999084472656,58.138858795166016
30-03-2016,62.90999984741211,63.290000915527344,1074200,64.25,63.9900016784668,59.089988708496094
31-03-2016,63.650001525878906,63.880001068115234,1224800,64.33000183105469,63.93000030517578,59.03458023071289
01-04-2016,63.400001525878906,63.439998626708984,2455900,65.5,65.19999694824219,60.20732879638672
04-04-2016,64.98999786376953,65.37999725341797,1470100,65.9000015258789,65.33000183105469,60.32738494873047
05-04-2016,64.05999755859375,64.62000274658203,822600,65.4800033569336,64.5,59.56094741821289
06-04-2016,63.72999954223633,64.43000030517578,1237200,66.08000183105469,66.02999877929688,60.97377395629883
07-04-2016,64.23999786376953,65.9000015258789,1328200,66.93000030517578,64.69000244140625,59.73639678955078
08-04-2016,64.45999908447266,65.63999938964844,1559600,65.72000122070312,64.8499984741211,59.88413619995117
11-04-2016,65.04000091552734,65.12999725341797,1117900,65.94000244140625,65.25,60.253509521484375
12-04-2016,65.26000213623047,65.58000183105469,1070000,65.8499984741211,65.30000305175781,60.2996826171875
13-04-2016,64.43000030517578,65.80000305175781,2325100,66.31999969482422,65.0,60.02266311645508
14-04-2016,64.88999938964844,65.23999786376953,1849600,65.88999938964844,65.44999694824219,60.43818283081055
15-04-2016,65.04000091552734,65.73999786376953,1499200,65.8499984741211,65.37000274658203,60.364322662353516
18-04-2016,64.75,64.88999938964844,939500,65.55000305175781,65.48999786376953,60.475135803222656
19-04-2016,64.5999984741211,65.8499984741211,1958200,65.8499984741211,65.33999633789062,60.33662033081055
20-04-2016,64.5,65.2300033569336,1518300,65.76000213623047,65.6500015258789,60.62287139892578
21-04-2016,65.52999877929688,65.6500015258789,1288100,65.98999786376953,65.63999938964844,60.613643646240234
22-04-2016,65.66000366210938,65.66000366210938,1269600,66.70999908447266,66.23999786376953,61.16769027709961
25-04-2016,66.1500015258789,66.37000274658203,1004900,66.87000274658203,66.58999633789062,61.490882873535156
26-04-2016,66.77999877929688,66.97000122070312,1231400,67.94999694824219,67.76000213623047,62.57129669189453
27-04-2016,67.27999877929688,67.66999816894531,817100,68.75,67.86000061035156,62.66364288330078
28-04-2016,66.1500015258789,67.47000122070312,649500,67.6500015258789,66.41999816894531,61.333919525146484
29-04-2016,65.56999969482422,66.44999694824219,1069200,66.44999694824219,66.16000366210938,61.09382629394531
02-05-2016,66.18000030517578,66.41999816894531,1176900,68.36000061035156,67.9000015258789,62.700584411621094
03-05-2016,66.83000183105469,67.55999755859375,871900,68.08999633789062,67.33000183105469,62.17423629760742
04-05-2016,66.36000061035156,66.98999786376953,788400,67.56999969482422,66.58999633789062,61.490882873535156
05-05-2016,66.77999877929688,66.77999877929688,1051400,68.12999725341797,67.0999984741211,61.96184539794922
06-05-2016,66.66999816894531,66.97000122070312,1424500,69.06999969482422,68.62999725341797,63.374671936035156
09-05-2016,67.06999969482422,68.37000274658203,1778600,70.22000122070312,67.27999877929688,62.12805938720703
10-05-2016,67.05999755859375,67.37999725341797,1516100,68.41000366210938,67.86000061035156,62.66364288330078
11-05-2016,70.66999816894531,70.76000213623047,5794600,75.75,74.6500015258789,68.93370819091797
12-05-2016,74.76000213623047,75.61000061035156,2190900,76.43000030517578,75.87000274658203,70.06028747558594
13-05-2016,74.3499984741211,75.58999633789062,2189200,76.33000183105469,76.16000366210938,70.32809448242188
16-05-2016,76.75,76.81999969482422,1842500,78.4000015258789,77.80999755859375,71.85172271728516
17-05-2016,75.94999694824219,77.81999969482422,1829700,78.26000213623047,76.16999816894531,70.33731842041016
18-05-2016,75.7699966430664,75.83000183105469,1598100,77.25,76.16999816894531,70.33731842041016
19-05-2016,75.0,75.69000244140625,1619700,76.66999816894531,75.7699966430664,69.96793365478516
20-05-2016,76.12000274658203,76.41999816894531,1246300,77.37999725341797,76.36000061035156,70.51277160644531
23-05-2016,75.86000061035156,75.86000061035156,1177900,76.75,76.37000274658203,70.52198028564453
24-05-2016,76.30999755859375,76.88999938964844,1827400,77.4800033569336,76.33999633789062,70.49427795410156
25-05-2016,76.38999938964844,76.9000015258789,1200200,79.04000091552734,78.87000274658203,72.83056640625
26-05-2016,78.1500015258789,79.2699966430664,1216800,79.7300033569336,79.04000091552734,72.98754119873047
27-05-2016,78.80999755859375,79.0,1091700,80.20999908447266,80.08999633789062,73.95713806152344
31-05-2016,78.01000213623047,80.0,1486700,80.06999969482422,78.5,72.4888916015625
01-06-2016,77.52999877929688,78.5,1293200,80.0,79.68000030517578,73.57852935791016
02-06-2016,79.12000274658203,79.12999725341797,629900,79.94999694824219,79.83999633789062,73.72628784179688
03-06-2016,79.1500015258789,80.0,855100,80.3499984741211,80.0,73.87403106689453
06-06-2016,80.0999984741211,80.4800033569336,1048000,82.16000366210938,80.95999908447266,74.7605209350586
07-06-2016,80.80000305175781,81.38999938964844,853800,81.81999969482422,81.29000091552734,75.06525421142578
08-06-2016,80.81999969482422,81.61000061035156,1524300,82.37000274658203,81.20999908447266,74.99137878417969
09-06-2016,79.83000183105469,80.63999938964844,1124600,81.0199966430664,80.26000213623047,74.1141357421875
10-06-2016,79.25,80.0,1024700,80.41999816894531,79.83000183105469,73.71703338623047
13-06-2016,78.11000061035156,79.36000061035156,1109400,79.7699966430664,78.1500015258789,72.44245910644531
14-06-2016,77.0199966430664,78.0,1162900,78.4800033569336,78.4000015258789,72.67420959472656
15-06-2016,78.41999816894531,78.58000183105469,1434100,80.05000305175781,79.70999908447266,73.88854217529297
16-06-2016,78.91000366210938,79.30999755859375,909000,80.05000305175781,79.98999786376953,74.14808654785156
17-06-2016,82.20999908447266,83.19000244140625,3531100,84.98999786376953,82.80000305175781,76.75286102294922
20-06-2016,82.66000366210938,83.51000213623047,1736500,83.9800033569336,83.01000213623047,76.9475326538086
21-06-2016,82.0,82.94999694824219,1203400,83.83999633789062,83.62000274658203,77.51297760009766
22-06-2016,82.80999755859375,83.62000274658203,1014000,83.87000274658203,83.31999969482422,77.23489379882812
23-06-2016,83.79000091552734,83.94999694824219,799000,84.70999908447266,84.4000015258789,78.23600769042969
24-06-2016,78.5999984741211,81.2699966430664,2465400,82.45999908447266,78.9800033569336,73.21184539794922
27-06-2016,74.86000061035156,77.44000244140625,2709400,78.08999633789062,75.33999633789062,69.83769226074219
28-06-2016,76.13999938964844,76.80999755859375,2707400,78.48999786376953,78.29000091552734,72.5722427368164
29-06-2016,78.58999633789062,79.45999908447266,1928400,79.8499984741211,79.12000274658203,73.34162902832031
30-06-2016,77.91999816894531,79.12999725341797,24895500,80.5,79.30999755859375,73.51774597167969
01-07-2016,79.44999694824219,79.44999694824219,1588400,82.27999877929688,81.31999969482422,75.3809585571289
05-07-2016,79.43000030517578,80.08000183105469,1366400,80.20999908447266,79.9000015258789,74.06465148925781
06-07-2016,78.80999755859375,79.38999938964844,1341100,80.95999908447266,80.86000061035156,74.95455932617188
07-07-2016,80.87999725341797,81.18000030517578,865300,82.19999694824219,81.31999969482422,75.3809585571289
08-07-2016,81.98999786376953,82.19999694824219,1267800,83.98999786376953,83.58000183105469,77.47589874267578
11-07-2016,83.11000061035156,83.91999816894531,1277100,84.0,83.62999725341797,77.5222396850586
12-07-2016,84.26000213623047,84.37999725341797,1297800,86.06999969482422,85.22000122070312,78.99613952636719
13-07-2016,85.0199966430664,85.5199966430664,955300,85.75,85.55000305175781,79.30203247070312
14-07-2016,85.81999969482422,85.97000122070312,707600,86.97000122070312,86.04000091552734,79.75623321533203
15-07-2016,86.01000213623047,86.41999816894531,899500,87.29000091552734,86.3499984741211,80.04358673095703
18-07-2016,85.33999633789062,86.2300033569336,700900,86.43000030517578,86.20999908447266,79.913818359375
19-07-2016,85.55999755859375,85.94999694824219,630100,86.36000061035156,85.91999816894531,79.6449966430664
20-07-2016,85.9000015258789,86.04000091552734,948500,86.88999938964844,86.62000274658203,80.29388427734375
21-07-2016,83.8499984741211,86.26000213623047,1257500,86.5999984741211,84.2699966430664,78.1155014038086
22-07-2016,84.11000061035156,84.62999725341797,875000,85.43000030517578,85.01000213623047,78.80146026611328
25-07-2016,84.77999877929688,85.0,1229800,86.2300033569336,86.19999694824219,79.904541015625
26-07-2016,84.87999725341797,86.19999694824219,909200,86.20999908447266,85.5199966430664,79.27421569824219
27-07-2016,84.12000274658203,85.37000274658203,841100,85.51000213623047,84.81999969482422,78.62533569335938
28-07-2016,84.25,84.66000366210938,1037700,86.13999938964844,85.11000061035156,78.89415740966797
29-07-2016,83.30999755859375,84.79000091552734,1702200,84.80000305175781,84.16999816894531,78.02281188964844
01-08-2016,83.58000183105469,84.22000122070312,1782700,84.48999786376953,83.91000366210938,77.78181457519531
02-08-2016,83.66999816894531,84.26000213623047,2035300,84.76000213623047,84.37000274658203,78.20820617675781
03-08-2016,83.11000061035156,84.51000213623047,2404000,84.58000183105469,83.98999786376953,77.85594177246094
04-08-2016,80.38999938964844,84.16999816894531,2906600,84.66000366210938,82.12000274658203,76.12254333496094
05-08-2016,81.48999786376953,82.22000122070312,1723300,82.6500015258789,82.33000183105469,76.31718444824219
08-08-2016,81.54000091552734,82.33000183105469,1495500,82.66000366210938,82.16999816894531,76.16886901855469
09-08-2016,81.72000122070312,82.48999786376953,1487400,82.66999816894531,82.01000213623047,76.02056121826172
10-08-2016,81.4000015258789,82.02999877929688,1297800,82.33000183105469,82.08999633789062,76.0947036743164
11-08-2016,81.62000274658203,82.12000274658203,1133100,83.11000061035156,82.58000183105469,76.54894256591797
12-08-2016,82.20999908447266,82.41000366210938,1139600,83.7300033569336,83.01000213623047,76.9475326538086
15-08-2016,83.27999877929688,83.4800033569336,1135700,84.79000091552734,84.08000183105469,77.93938446044922
16-08-2016,81.62999725341797,84.27999877929688,1066100,84.33000183105469,81.7300033569336,75.76101684570312
17-08-2016,80.18000030517578,81.77999877929688,1183200,81.83000183105469,80.55000305175781,74.66719818115234
18-08-2016,80.80000305175781,81.01000213623047,1070100,81.31999969482422,81.27999877929688,75.3438720703125
19-08-2016,80.81999969482422,81.0,1755900,82.91999816894531,82.73999786376953,76.69725799560547
22-08-2016,81.73999786376953,82.27999877929688,1089000,83.8499984741211,83.8499984741211,77.72615814208984
23-08-2016,84.16000366210938,84.5,1299800,86.5,84.16999816894531,78.02281188964844
24-08-2016,81.94999694824219,83.83999633789062,1566100,84.41000366210938,82.19000244140625,76.18741607666016
25-08-2016,82.12999725341797,82.30999755859375,753400,83.37999725341797,82.56999969482422,76.53968811035156
26-08-2016,81.33000183105469,82.91999816894531,879000,83.5199966430664,81.79000091552734,75.81663513183594
29-08-2016,81.6500015258789,81.93000030517578,740900,82.94999694824219,82.75,76.70651245117188
30-08-2016,81.5999984741211,82.75,760400,83.5,81.7300033569336,75.76101684570312
31-08-2016,79.70999908447266,81.25,1308200,81.25,79.97000122070312,74.12955474853516
01-09-2016,79.55999755859375,79.94999694824219,1181500,81.30000305175781,81.30000305175781,75.36241912841797
02-09-2016,81.0999984741211,82.45999908447266,895200,82.48999786376953,81.95999908447266,75.97421264648438
06-09-2016,81.8499984741211,82.12999725341797,956200,83.04000091552734,83.04000091552734,76.9753189086914
07-09-2016,82.12999725341797,82.70999908447266,924700,83.06999969482422,82.94999694824219,76.89189910888672
08-09-2016,80.87000274658203,82.76000213623047,984300,83.04000091552734,80.91999816894531,75.01017761230469
09-09-2016,76.51000213623047,79.91000366210938,1849100,80.5,76.81999969482422,71.2095947265625
12-09-2016,75.11000061035156,75.5999984741211,1525900,77.72000122070312,77.44000244140625,71.7843246459961
13-09-2016,75.7300033569336,76.77999877929688,1372700,77.52999877929688,76.08999633789062,70.81182098388672
14-09-2016,75.12999725341797,76.05000305175781,1657700,76.44000244140625,75.72000122070312,70.46748352050781
15-09-2016,75.38999938964844,75.9000015258789,1789900,77.30999755859375,77.25,71.8913803100586
16-09-2016,75.77999877929688,76.83000183105469,2304900,77.1500015258789,76.7300033569336,71.40740966796875
19-09-2016,77.04000091552734,77.11000061035156,776700,77.9800033569336,77.63999938964844,72.2542953491211
20-09-2016,76.79000091552734,77.93000030517578,958300,78.55999755859375,76.79000091552734,71.4632568359375
21-09-2016,77.51000213623047,77.55999755859375,1483300,80.2300033569336,80.19000244140625,74.62740325927734
22-09-2016,80.91000366210938,81.0199966430664,1587400,81.80000305175781,81.19999694824219,75.56733703613281
23-09-2016,80.20999908447266,80.7699966430664,1194000,81.08000183105469,80.75,75.1485595703125
26-09-2016,80.77999877929688,80.86000061035156,1350700,82.18000030517578,81.69999694824219,76.03266143798828
27-09-2016,81.41000366210938,81.41000366210938,831400,82.86000061035156,82.75,77.00981903076172
28-09-2016,83.0199966430664,83.44000244140625,1027700,84.98999786376953,84.87000274658203,78.98278045654297
29-09-2016,83.06999969482422,84.87000274658203,1199900,85.30999755859375,83.1500015258789,77.38207244873047
30-09-2016,83.48999786376953,83.93000030517578,1380500,85.83999633789062,85.48999786376953,79.55975341796875
03-10-2016,84.08999633789062,85.19999694824219,966400,85.44999694824219,84.83000183105469,78.945556640625
04-10-2016,82.54000091552734,84.97000122070312,1056200,85.37999725341797,82.62000274658203,76.88884735107422
05-10-2016,82.72000122070312,83.41999816894531,974600,83.93000030517578,83.44000244140625,77.65196228027344
06-10-2016,82.91000366210938,83.02999877929688,979600,83.87000274658203,83.63999938964844,77.83808898925781
07-10-2016,81.62999725341797,83.83000183105469,974000,83.83000183105469,82.37000274658203,76.65618133544922
10-10-2016,83.0999984741211,83.22000122070312,623000,84.4800033569336,83.4800033569336,77.6891860961914
11-10-2016,81.30999755859375,83.02999877929688,522600,83.19999694824219,81.72000122070312,76.05126953125
12-10-2016,80.2699966430664,81.70999908447266,807800,81.70999908447266,81.1500015258789,75.52082061767578
13-10-2016,79.08000183105469,80.26000213623047,662900,80.94999694824219,80.44000244140625,74.86007690429688
14-10-2016,80.7699966430664,81.13999938964844,621200,81.77999877929688,80.86000061035156,75.25094604492188
17-10-2016,80.75,80.80999755859375,595900,81.51000213623047,81.26000213623047,75.6231918334961
18-10-2016,81.62999725341797,82.47000122070312,503400,82.70999908447266,81.66000366210938,75.99544525146484
19-10-2016,81.01000213623047,81.80000305175781,552900,82.6500015258789,82.58999633789062,76.86092376708984
20-10-2016,81.87999725341797,81.94999694824219,436700,83.44000244140625,83.0199966430664,77.2610855102539
21-10-2016,81.54000091552734,82.88999938964844,594400,82.88999938964844,82.19999694824219,76.49797058105469
24-10-2016,82.19999694824219,83.04000091552734,607800,83.48999786376953,83.36000061035156,77.5775146484375
25-10-2016,82.0,83.19000244140625,424600,83.19000244140625,82.0999984741211,76.40492248535156
26-10-2016,80.68000030517578,81.29000091552734,697200,82.0,81.08999633789062,75.46498107910156
27-10-2016,81.2699966430664,81.76000213623047,634700,82.41000366210938,82.05000305175781,76.3583984375
28-10-2016,82.2300033569336,82.25,647900,84.04000091552734,82.91000366210938,77.15873718261719
31-10-2016,82.73999786376953,82.95999908447266,1104600,84.16999816894531,83.55000305175781,77.75433349609375
01-11-2016,82.22000122070312,83.56999969482422,1071200,84.26000213623047,82.9000015258789,77.14942169189453
02-11-2016,81.80000305175781,82.51000213623047,626800,82.93000030517578,82.25,76.54452514648438
03-11-2016,82.30000305175781,82.5999984741211,1009200,84.4800033569336,83.80000305175781,77.98698425292969
04-11-2016,82.69999694824219,83.5999984741211,845400,84.41000366210938,83.4800033569336,77.6891860961914
07-11-2016,84.69000244140625,85.0199966430664,1412300,86.87999725341797,86.27999877929688,80.29496002197266
08-11-2016,82.68000030517578,85.98999786376953,1818200,86.87999725341797,82.75,77.00981903076172
09-11-2016,79.20999908447266,81.91000366210938,2626400,82.20999908447266,80.41999816894531,74.8414306640625
10-11-2016,80.0999984741211,80.7300033569336,1302200,82.0,81.5199966430664,75.86514282226562
11-11-2016,80.13999938964844,81.0,1115400,81.4800033569336,80.43000030517578,74.85075378417969
14-11-2016,76.31999969482422,80.72000122070312,1933600,81.0,77.08000183105469,71.73314666748047
15-11-2016,77.25,77.25,1270800,80.16000366210938,80.12000274658203,74.56227111816406
16-11-2016,79.83999633789062,80.29000091552734,1076200,81.81999969482422,81.55000305175781,75.89307403564453
17-11-2016,81.77999877929688,81.93000030517578,899900,83.22000122070312,82.97000122070312,77.21455383300781
18-11-2016,82.18000030517578,82.94999694824219,529800,83.27999877929688,82.45999908447266,76.73992919921875
21-11-2016,82.58000183105469,82.80999755859375,743300,83.9000015258789,83.8499984741211,78.03350067138672
22-11-2016,83.5199966430664,84.01000213623047,653900,84.5999984741211,84.30000305175781,78.45230102539062
23-11-2016,83.04000091552734,83.9000015258789,536100,84.19000244140625,83.87999725341797,78.06143951416016
25-11-2016,83.70999908447266,83.93000030517578,200200,84.5,84.0,78.17313385009766
28-11-2016,83.91000366210938,84.0999984741211,547000,84.77999877929688,83.95999908447266,78.13587951660156
29-11-2016,83.0999984741211,83.58000183105469,1158600,87.16999816894531,85.94999694824219,79.98783874511719
30-11-2016,86.61000061035156,86.61000061035156,1720700,88.7300033569336,87.77999877929688,81.69090270996094
01-12-2016,85.4000015258789,88.29000091552734,1159000,88.29000091552734,85.6500015258789,79.70864868164062
02-12-2016,84.37000274658203,85.68000030517578,677900,85.9800033569336,84.86000061035156,78.97346496582031
05-12-2016,85.41000366210938,85.55999755859375,1173800,86.44999694824219,86.27999877929688,80.29496002197266
06-12-2016,85.5999984741211,85.73999786376953,1332600,86.62999725341797,86.31999969482422,80.33219146728516
07-12-2016,86.23999786376953,86.23999786376953,805200,88.87000274658203,88.80000305175781,82.64014434814453
08-12-2016,89.30999755859375,90.0,1564400,92.23999786376953,91.80000305175781,85.43203735351562
09-12-2016,90.12999725341797,91.68000030517578,869400,91.68000030517578,90.69000244140625,84.3990478515625
12-12-2016,90.66000366210938,90.9000015258789,710700,91.5999984741211,91.31999969482422,84.98534393310547
13-12-2016,90.29000091552734,91.47000122070312,974000,91.73999786376953,91.12000274658203,85.0833740234375
14-12-2016,89.87999725341797,91.1500015258789,1428600,91.80000305175781,89.94000244140625,83.98155975341797
15-12-2016,89.31999969482422,90.33999633789062,811200,90.79000091552734,89.81999969482422,83.86951446533203
16-12-2016,88.08000183105469,90.05000305175781,1634600,90.51000213623047,89.2300033569336,83.31859588623047
19-12-2016,88.37999725341797,89.45999908447266,811200,89.66000366210938,89.0,83.10383605957031
20-12-2016,88.66999816894531,89.0999984741211,460200,89.80999755859375,89.33999633789062,83.42131042480469
21-12-2016,89.08000183105469,89.33999633789062,396100,89.98999786376953,89.27999877929688,83.36528778076172
22-12-2016,88.20999908447266,89.0,379100,89.52999877929688,88.41999816894531,82.56224822998047
23-12-2016,87.72000122070312,88.4800033569336,226900,88.8499984741211,88.81999969482422,82.93576049804688
27-12-2016,88.5999984741211,88.88999938964844,228700,89.45999908447266,89.01000213623047,83.11316680908203
28-12-2016,86.5,89.05000305175781,604200,89.41000366210938,86.58000183105469,80.84416961669922
29-12-2016,86.30999755859375,86.7300033569336,355200,87.13999938964844,87.06999969482422,81.30169677734375
30-12-2016,85.5999984741211,87.33999633789062,470100,87.73999786376953,86.08000183105469,80.37728118896484
03-01-2017,86.9800033569336,87.1500015258789,975600,88.12000274658203,88.05000305175781,82.21678924560547
04-01-2017,88.69000244140625,88.72000122070312,1147600,91.1500015258789,90.69999694824219,84.69121551513672
05-01-2017,89.7300033569336,90.63999938964844,913200,91.38999938964844,90.38999938964844,84.4017562866211
06-01-2017,89.86000061035156,90.62000274658203,550900,91.0,90.80999755859375,84.79393005371094
09-01-2017,90.37000274658203,90.7300033569336,936100,90.9800033569336,90.4800033569336,84.48578643798828
10-01-2017,89.08999633789062,90.86000061035156,825000,91.16999816894531,89.87999725341797,83.92552947998047
11-01-2017,90.08000183105469,90.56999969482422,1807500,94.12999725341797,93.30000305175781,87.11895751953125
12-01-2017,92.19999694824219,93.52999877929688,1042200,94.30999755859375,93.75,87.5391616821289
13-01-2017,93.33999633789062,94.16999816894531,603400,94.94000244140625,94.0,87.77259826660156
17-01-2017,93.91000366210938,95.13999938964844,844600,95.79000091552734,94.3499984741211,88.0993881225586
18-01-2017,92.30000305175781,94.83999633789062,1104800,95.01000213623047,92.5999984741211,86.46534729003906
19-01-2017,92.54000091552734,92.75,609600,94.41000366210938,93.05000305175781,86.88553619384766
20-01-2017,92.83999633789062,93.55999755859375,701600,94.05000305175781,93.36000061035156,87.17498779296875
23-01-2017,92.8499984741211,93.37999725341797,349400,93.91000366210938,93.69999694824219,87.49246978759766
24-01-2017,93.70999908447266,93.94000244140625,921900,95.83999633789062,95.55000305175781,89.21989440917969
25-01-2017,93.25,95.81999969482422,1083700,95.86000061035156,94.0,87.77259826660156
26-01-2017,94.04000091552734,94.08999633789062,795800,95.88999938964844,95.4800033569336,89.15454864501953
27-01-2017,94.76000213623047,95.33999633789062,452800,95.87000274658203,95.41999816894531,89.0985107421875
30-01-2017,93.51000213623047,94.79000091552734,677400,94.8499984741211,94.56999969482422,88.3048095703125
31-01-2017,92.5199966430664,94.61000061035156,1453700,94.68000030517578,92.63999938964844,86.50267028808594
01-02-2017,91.66000366210938,93.19000244140625,855100,93.63999938964844,93.41000366210938,87.22169494628906
02-02-2017,91.5,93.4000015258789,588900,93.4000015258789,92.91000366210938,86.75480651855469
03-02-2017,93.0,93.37999725341797,446800,94.44999694824219,94.2699966430664,88.02469635009766
06-02-2017,93.7699966430664,94.04000091552734,478100,94.47000122070312,94.29000091552734,88.04337310791016
07-02-2017,92.26000213623047,94.0,756200,94.44999694824219,92.80000305175781,86.652099609375
08-02-2017,92.19999694824219,92.91000366210938,661600,94.38999938964844,94.3499984741211,88.0993881225586
09-02-2017,93.6500015258789,94.3499984741211,498300,94.8499984741211,93.91000366210938,87.68854522705078
10-02-2017,93.2699966430664,94.44999694824219,637800,94.44999694824219,93.69999694824219,87.49246978759766
13-02-2017,93.6500015258789,94.33000183105469,660400,95.41000366210938,94.75,88.47289276123047
14-02-2017,90.3499984741211,94.37000274658203,1654700,94.37000274658203,91.19000244140625,85.14875793457031
15-02-2017,91.0199966430664,91.30999755859375,1510500,93.01000213623047,92.76000213623047,86.61473846435547
16-02-2017,92.06999969482422,92.87999725341797,593700,93.98999786376953,92.41000366210938,86.28792572021484
17-02-2017,91.56999969482422,92.44000244140625,1016700,92.80000305175781,91.91999816894531,85.83037567138672
21-02-2017,92.41000366210938,92.51000213623047,790200,93.83000183105469,93.77999877929688,87.5671615600586
22-02-2017,92.37999725341797,93.41000366210938,652200,93.6500015258789,92.44000244140625,86.31593322753906
23-02-2017,91.7699966430664,93.12000274658203,738600,93.23999786376953,92.41000366210938,86.28792572021484
24-02-2017,91.0199966430664,91.93000030517578,700000,93.13999938964844,92.93000030517578,86.77346801757812
27-02-2017,92.22000122070312,92.98999786376953,930600,93.4000015258789,92.45999908447266,86.33460998535156
28-02-2017,95.73999786376953,95.80000305175781,4246500,102.55999755859375,101.51000213623047,94.7850570678711
01-03-2017,102.0,102.9000015258789,2591800,104.33000183105469,102.66000366210938,95.85887145996094
02-03-2017,102.1500015258789,102.80999755859375,2040100,104.77999877929688,103.05999755859375,96.23238372802734
03-03-2017,103.08000183105469,103.4000015258789,1153200,105.19999694824219,104.7699966430664,97.82908630371094
06-03-2017,98.62999725341797,101.91999816894531,2329000,102.66999816894531,102.11000061035156,95.3453140258789
07-03-2017,101.56999969482422,102.11000061035156,1396700,104.81999969482422,103.79000091552734,96.91399383544922
08-03-2017,102.23999786376953,103.58999633789062,1285100,103.88999938964844,102.73999786376953,95.93357849121094
09-03-2017,102.02999877929688,102.95999908447266,1457100,103.37000274658203,102.5,95.70947265625
10-03-2017,102.36000061035156,102.69999694824219,1422600,104.01000213623047,103.05000305175781,96.2230453491211
13-03-2017,102.1500015258789,102.58000183105469,1336600,104.55000305175781,104.5,97.88092041015625
14-03-2017,103.05999755859375,104.01000213623047,752600,104.38999938964844,103.94999694824219,97.36575317382812
15-03-2017,103.86000061035156,104.5,781700,105.51000213623047,105.22000122070312,98.5553207397461
16-03-2017,103.70999908447266,105.0999984741211,1017400,105.7300033569336,104.01000213623047,97.42195892333984
17-03-2017,104.4000015258789,104.48999786376953,1436900,106.52999877929688,106.20999908447266,99.48260498046875
20-03-2017,105.12000274658203,106.04000091552734,1032400,106.19000244140625,106.06999969482422,99.3514633178711
21-03-2017,104.06999969482422,106.06999969482422,1249500,107.55999755859375,104.25,97.64675903320312
22-03-2017,103.30000305175781,104.5999984741211,984800,105.47000122070312,105.22000122070312,98.5553207397461
23-03-2017,104.8499984741211,105.18000030517578,690000,106.38999938964844,105.1500015258789,98.48975372314453
24-03-2017,104.02999877929688,105.54000091552734,527400,106.18000030517578,104.44999694824219,97.8340835571289
27-03-2017,102.6500015258789,103.62000274658203,841100,104.94999694824219,104.5999984741211,97.97460174560547
28-03-2017,104.12999725341797,104.58000183105469,805000,105.45999908447266,104.87999725341797,98.2368392944336
29-03-2017,104.9000015258789,105.0,916300,105.94999694824219,105.04000091552734,98.38671875
30-03-2017,104.83999633789062,105.08000183105469,671400,106.08999633789062,105.13999938964844,98.48038482666016
31-03-2017,104.37999725341797,104.95999908447266,936800,106.48999786376953,105.63999938964844,98.94872283935547
03-04-2017,103.83000183105469,105.7300033569336,991500,106.30000305175781,105.02999877929688,98.37734985351562
04-04-2017,104.80999755859375,104.97000122070312,884000,105.91999816894531,105.5,98.81756591796875
05-04-2017,104.91000366210938,105.69000244140625,1168300,106.69999694824219,105.20999908447266,98.54595184326172
06-04-2017,104.9000015258789,105.33000183105469,705100,106.16999816894531,106.02999877929688,99.31403350830078
07-04-2017,105.51000213623047,106.0199966430664,1211600,106.30000305175781,105.94000244140625,99.22972106933594
10-04-2017,104.58000183105469,105.95999908447266,984200,106.20999908447266,104.86000061035156,98.2181167602539
11-04-2017,104.33000183105469,104.55999755859375,645700,105.69999694824219,105.61000061035156,98.92061614990234
12-04-2017,103.80000305175781,106.0,689600,106.08000183105469,104.12000274658203,97.5250015258789
13-04-2017,103.41999816894531,104.0,499300,104.80999755859375,103.62000274658203,97.0566635131836
17-04-2017,103.45999908447266,103.75,721100,104.62999725341797,104.62999725341797,98.002685546875
18-04-2017,103.94999694824219,103.94999694824219,890800,105.80999755859375,105.7699966430664,99.07047271728516
19-04-2017,105.37000274658203,106.05000305175781,948500,106.93000030517578,105.83999633789062,99.13604736328125
20-04-2017,105.38999938964844,106.13999938964844,888800,106.25,105.5199966430664,98.8363037109375
21-04-2017,104.88999938964844,105.5999984741211,1106600,106.0199966430664,105.0999984741211,98.44292449951172
24-04-2017,105.87999725341797,106.0199966430664,934000,106.94000244140625,106.83000183105469,100.06333923339844
25-04-2017,107.37000274658203,107.44000244140625,706500,108.45999908447266,108.08999633789062,101.2435302734375
26-04-2017,107.23999786376953,108.11000061035156,671200,108.55999755859375,108.30000305175781,101.44023132324219
27-04-2017,107.77999877929688,108.27999877929688,759300,109.2300033569336,108.18000030517578,101.32782745361328
28-04-2017,108.19999694824219,108.23999786376953,1206100,109.05000305175781,108.91000366210938,102.01160430908203
01-05-2017,107.0,109.08999633789062,854800,110.12999725341797,109.38999938964844,102.46118927001953
02-05-2017,108.0,109.33999633789062,831000,109.33999633789062,108.37999725341797,101.51515197753906
03-05-2017,107.19000244140625,108.3499984741211,968600,108.62999725341797,107.6500015258789,100.83139038085938
04-05-2017,108.44000244140625,111.98999786376953,1977000,112.7300033569336,108.70999908447266,101.82425689697266
05-05-2017,108.8499984741211,109.36000061035156,1116500,110.9000015258789,110.01000213623047,103.04190063476562
08-05-2017,108.72000122070312,110.0199966430664,864000,110.30999755859375,109.55999755859375,102.62042999267578
09-05-2017,108.69999694824219,109.5,709800,109.91999816894531,109.33000183105469,102.4050064086914
10-05-2017,109.16000366210938,109.5,819200,110.5999984741211,110.56999969482422,103.56644439697266
11-05-2017,110.08000183105469,110.56999969482422,549000,110.94000244140625,110.73999786376953,103.72566986083984
12-05-2017,110.08999633789062,110.44000244140625,601900,110.73999786376953,110.37999725341797,103.38846588134766
15-05-2017,110.72000122070312,111.08999633789062,654200,112.81999969482422,112.05000305175781,104.95269012451172
16-05-2017,111.69999694824219,112.44999694824219,759900,112.87999725341797,112.37000274658203,105.25243377685547
17-05-2017,110.48999786376953,112.37000274658203,981300,112.37000274658203,110.54000091552734,103.5383529663086
18-05-2017,108.87000274658203,109.9800033569336,921000,110.66999816894531,110.0,103.03253936767578
19-05-2017,110.16000366210938,110.44999694824219,897000,111.80000305175781,110.31999969482422,103.33228302001953
22-05-2017,109.73999786376953,110.91000366210938,797800,111.05999755859375,110.58000183105469,103.5758056640625
23-05-2017,110.58999633789062,110.91000366210938,592100,112.0,111.70999908447266,104.63424682617188
24-05-2017,111.55000305175781,111.70999908447266,548600,112.55000305175781,112.05000305175781,104.95269012451172
25-05-2017,112.26000213623047,112.52999877929688,635900,113.69999694824219,112.58999633789062,105.4584732055664
26-05-2017,112.19999694824219,112.5,601000,113.05999755859375,112.86000061035156,105.71141052246094
30-05-2017,111.44000244140625,112.79000091552734,772000,112.88999938964844,112.45999908447266,105.33673858642578
31-05-2017,111.88999938964844,112.27999877929688,1136200,113.7300033569336,113.5999984741211,106.40454864501953
01-06-2017,112.88999938964844,113.68000030517578,813600,114.29000091552734,113.36000061035156,106.17973327636719
02-06-2017,113.05999755859375,113.4000015258789,605100,114.4000015258789,114.08999633789062,106.86347961425781
05-06-2017,113.16000366210938,113.80000305175781,689500,114.48999786376953,113.61000061035156,106.41389465332031
06-06-2017,112.62000274658203,113.5,754600,113.95999908447266,112.68000030517578,105.54279327392578
07-06-2017,112.37999725341797,112.68000030517578,1068500,113.16999816894531,112.80000305175781,105.65519714355469
08-06-2017,112.37000274658203,112.80000305175781,1440700,114.76000213623047,114.2699966430664,107.03207397460938
09-06-2017,114.08999633789062,114.75,1131500,116.63999938964844,115.4000015258789,108.09050750732422
12-06-2017,110.97000122070312,115.22000122070312,1804700,115.4000015258789,111.19000244140625,104.14718627929688
13-06-2017,110.9800033569336,112.33000183105469,1111600,112.91000366210938,112.66000366210938,105.82864379882812
14-06-2017,108.55999755859375,112.61000061035156,1710400,112.66000366210938,109.2699966430664,102.64418029785156
15-06-2017,103.62999725341797,107.95999908447266,2579100,108.0,106.05000305175781,99.61945343017578
16-06-2017,105.8499984741211,106.19999694824219,1704100,108.12000274658203,108.08999633789062,101.5357437133789
19-06-2017,106.9000015258789,108.5,1114700,109.2300033569336,108.33000183105469,101.7612075805664
20-06-2017,107.0,107.8499984741211,804900,109.13999938964844,107.73999786376953,101.20696258544922
21-06-2017,105.87000274658203,107.56999969482422,1274100,107.62000274658203,106.19000244140625,99.75094604492188
22-06-2017,105.11000061035156,106.47000122070312,1180000,106.69999694824219,105.19999694824219,98.82099151611328
23-06-2017,104.41999816894531,105.30999755859375,3099700,105.91000366210938,104.8499984741211,98.49220275878906
26-06-2017,104.25,105.11000061035156,1826300,106.55999755859375,105.0199966430664,98.65189361572266
27-06-2017,104.30000305175781,105.38999938964844,1313000,105.69000244140625,104.47000122070312,98.13525390625
28-06-2017,104.62999725341797,105.12999725341797,1201500,107.33000183105469,106.91999816894531,100.43669891357422
29-06-2017,103.7699966430664,107.18000030517578,985700,107.26000213623047,104.66999816894531,98.3231201171875
30-06-2017,105.12000274658203,105.22000122070312,807200,106.52999877929688,105.54000091552734,99.14037322998047
03-07-2017,105.33999633789062,106.33999633789062,555400,106.52999877929688,106.02999877929688,99.60067749023438
05-07-2017,106.0,106.0,1356400,108.66000366210938,108.0199966430664,101.4699935913086
06-07-2017,107.30000305175781,107.86000061035156,1173700,109.08000183105469,108.05000305175781,101.49816131591797
07-07-2017,108.1500015258789,108.31999969482422,1567300,110.44999694824219,109.98999786376953,103.32054138183594
10-07-2017,110.0,110.20999908447266,1443600,111.9000015258789,111.33999633789062,104.58868408203125
11-07-2017,110.8499984741211,111.68000030517578,1321700,113.08000183105469,112.94999694824219,106.10105895996094
12-07-2017,113.37999725341797,113.5,2115100,117.12999725341797,116.54000091552734,109.47335815429688
13-07-2017,116.5999984741211,116.5999984741211,2336800,119.0,117.68000030517578,110.54422760009766
14-07-2017,117.01000213623047,118.37000274658203,1723100,118.98999786376953,117.56999969482422,110.44091033935547
17-07-2017,116.45999908447266,117.66000366210938,863700,117.7699966430664,116.86000061035156,109.77397155761719
18-07-2017,116.16999816894531,116.81999969482422,688900,118.18000030517578,117.7300033569336,110.59119415283203
19-07-2017,116.66000366210938,117.97000122070312,1215400,119.58999633789062,119.16000366210938,111.93449401855469
20-07-2017,117.63999938964844,119.0,928700,119.16000366210938,117.91000366210938,110.76029205322266
21-07-2017,117.58999633789062,117.98999786376953,1017200,118.87999725341797,118.33999633789062,111.16421508789062
24-07-2017,117.83999633789062,118.52999877929688,1596600,119.38999938964844,118.5999984741211,111.40845489501953
25-07-2017,118.4000015258789,119.5,1128000,119.5,118.80000305175781,111.59630584716797
26-07-2017,117.0,119.16000366210938,870700,119.27999877929688,117.19999694824219,110.09333038330078
27-07-2017,115.19999694824219,117.80999755859375,955900,118.30999755859375,116.37000274658203,109.31366729736328
28-07-2017,115.9000015258789,116.36000061035156,1388000,116.9800033569336,116.5,109.43578338623047
31-07-2017,115.7300033569336,116.80000305175781,925200,117.01000213623047,115.80000305175781,108.77822875976562
01-08-2017,115.30000305175781,116.05999755859375,916200,117.68000030517578,117.43000030517578,110.30939483642578
02-08-2017,117.05000305175781,117.5,1527100,119.95999908447266,119.44999694824219,112.20689392089844
03-08-2017,118.4800033569336,119.79000091552734,1321400,119.95999908447266,118.80000305175781,111.59630584716797
04-08-2017,118.75,118.97000122070312,1077200,119.98999786376953,119.5999984741211,112.34781646728516
07-08-2017,120.0,120.62000274658203,3815400,123.4800033569336,123.08000183105469,115.61679077148438
08-08-2017,113.68000030517578,119.12999725341797,5311600,119.16999816894531,115.41000366210938,108.4118881225586
09-08-2017,111.2300033569336,114.66000366210938,2603600,115.70999908447266,113.16000366210938,106.29830932617188
10-08-2017,110.25,112.5,2603500,112.51000213623047,110.94999694824219,104.2223129272461
11-08-2017,108.5999984741211,110.0,2137700,110.27999877929688,109.36000061035156,102.72874450683594
14-08-2017,110.05000305175781,110.13999938964844,1620100,111.4800033569336,110.83000183105469,104.1095962524414
15-08-2017,110.01000213623047,111.0,1179300,112.43000030517578,111.87999725341797,105.09593200683594
16-08-2017,111.26000213623047,112.0,1289000,113.83999633789062,113.41999816894531,106.54252624511719
17-08-2017,112.0,113.94000244140625,1046000,113.94000244140625,112.11000061035156,105.31199645996094
18-08-2017,111.55999755859375,112.04000091552734,872700,113.31999969482422,112.58999633789062,105.76286315917969
21-08-2017,112.2300033569336,112.6500015258789,686000,113.58999633789062,113.4800033569336,106.59891510009766
22-08-2017,113.7699966430664,113.88999938964844,974200,116.19000244140625,115.81999969482422,108.79702758789062
23-08-2017,115.11000061035156,115.56999969482422,609300,116.41000366210938,115.38999938964844,108.39310455322266
24-08-2017,114.72000122070312,115.62999725341797,948100,116.2699966430664,114.86000061035156,107.89522552490234
25-08-2017,114.26000213623047,115.12999725341797,605600,115.45999908447266,114.94999694824219,107.97976684570312
28-08-2017,114.45999908447266,115.93000030517578,594800,116.0,115.43000030517578,108.4306640625
29-08-2017,113.47000122070312,114.80000305175781,627300,114.80000305175781,114.45999908447266,107.51948547363281
30-08-2017,113.86000061035156,114.55000305175781,717600,115.54000091552734,115.16999816894531,108.18643188476562
31-08-2017,115.95999908447266,116.22000122070312,909200,117.1500015258789,116.26000213623047,109.21033477783203
01-09-2017,116.62999725341797,117.05999755859375,909300,118.86000061035156,118.62999725341797,111.43663024902344
05-09-2017,116.16000366210938,119.0,1177800,120.02999877929688,116.66999816894531,109.59546661376953
06-09-2017,116.22000122070312,116.94999694824219,1263000,119.6500015258789,118.66000366210938,111.4648208618164
07-09-2017,117.88999938964844,118.75,891800,119.7300033569336,118.08999633789062,110.92937469482422
08-09-2017,117.79000091552734,118.08000183105469,688600,119.0,118.27999877929688,111.10785675048828
11-09-2017,119.5199966430664,120.12000274658203,1724200,124.31999969482422,123.8499984741211,116.3401107788086
12-09-2017,124.2699966430664,124.5,1402000,126.31999969482422,124.63999938964844,117.08218383789062
13-09-2017,124.44000244140625,124.66000366210938,1284400,126.1500015258789,125.5999984741211,117.98400115966797
14-09-2017,124.75,125.27999877929688,1220500,126.19999694824219,126.0,118.66206359863281
15-09-2017,125.30000305175781,126.30000305175781,1617800,127.83000183105469,127.29000091552734,119.87693786621094
18-09-2017,128.16000366210938,128.5,1694500,131.66000366210938,131.02000427246094,123.38969421386719
19-09-2017,131.22000122070312,131.5,1990900,135.25999450683594,134.64999389648438,126.80829620361328
20-09-2017,134.0800018310547,135.2899932861328,2917300,136.9499969482422,136.0800018310547,128.15499877929688
21-09-2017,134.0800018310547,136.5,2017900,136.5,134.88999938964844,127.03433227539062
22-09-2017,133.25999450683594,134.39999389648438,1324200,134.8800048828125,134.2899932861328,126.46924591064453
25-09-2017,127.30999755859375,132.27999877929688,2642500,132.64999389648438,128.88999938964844,121.38374328613281
26-09-2017,127.41000366210938,129.0,1422100,129.91000366210938,128.4199981689453,120.94113159179688
27-09-2017,128.88999938964844,129.16000366210938,1235600,131.1199951171875,130.02000427246094,122.44794464111328
28-09-2017,130.1999969482422,130.57000732421875,1299900,132.5500030517578,132.32000732421875,124.6139907836914
29-09-2017,132.5,132.8000030517578,2103600,137.47999572753906,136.30999755859375,128.37161254882812
02-10-2017,133.83999633789062,136.25,1180300,136.8800048828125,136.6199951171875,128.66358947753906
03-10-2017,136.32000732421875,137.22000122070312,889400,137.8300018310547,137.4199981689453,129.41696166992188
04-10-2017,137.08999633789062,137.89999389648438,1113100,138.58999633789062,138.22000122070312,130.1703643798828
05-10-2017,138.22999572753906,138.67999267578125,820000,140.10000610351562,139.66000366210938,131.5265350341797
06-10-2017,134.5399932861328,135.69000244140625,1988400,137.22000122070312,137.19000244140625,129.20037841796875
09-10-2017,135.22999572753906,137.5500030517578,893400,138.10000610351562,136.5500030517578,128.59768676757812
10-10-2017,135.8300018310547,137.24000549316406,832400,138.14999389648438,137.77000427246094,129.74659729003906
11-10-2017,136.3699951171875,138.0,1205400,138.22000122070312,137.4199981689453,129.41696166992188
12-10-2017,136.9600067138672,137.0,932000,138.3300018310547,137.3000030517578,129.30398559570312
13-10-2017,137.52999877929688,138.75,906400,139.47999572753906,138.94000244140625,130.84844970703125
16-10-2017,138.61000061035156,139.83999633789062,1332600,141.30999755859375,140.16000366210938,131.9974365234375
17-10-2017,138.88999938964844,140.6699981689453,1049200,140.6999969482422,139.41000366210938,131.29110717773438
18-10-2017,139.3000030517578,140.05999755859375,719900,140.27999877929688,139.66000366210938,131.5265350341797
19-10-2017,137.14999389648438,138.22000122070312,798300,139.52000427246094,139.49000549316406,131.36642456054688
20-10-2017,140.05999755859375,140.6999969482422,925000,141.2899932861328,140.77999877929688,132.58128356933594
23-10-2017,137.77000427246094,141.0,1535500,141.39999389648438,138.52999877929688,130.46234130859375
24-10-2017,137.86000061035156,138.89999389648438,1332800,139.47999572753906,138.72000122070312,130.64125061035156
25-10-2017,136.8800048828125,139.5,1778700,140.44000244140625,138.52999877929688,130.46234130859375
26-10-2017,137.60000610351562,139.39999389648438,1375900,139.75999450683594,139.0399932861328,130.94265747070312
27-10-2017,137.8699951171875,139.63999938964844,1204800,139.97000122070312,139.0800018310547,130.98031616210938
30-10-2017,138.52999877929688,139.0800018310547,834800,140.1699981689453,139.50999450683594,131.38528442382812
31-10-2017,139.02000427246094,139.02000427246094,1576300,140.88999938964844,140.88999938964844,132.6848907470703
01-11-2017,140.85000610351562,142.0,906700,142.4199981689453,142.3300018310547,134.04103088378906
02-11-2017,135.61000061035156,142.5,2364000,143.69000244140625,136.91000366210938,128.93667602539062
03-11-2017,135.25,136.5500030517578,1395300,140.35000610351562,140.0399932861328,131.8843994140625
06-11-2017,140.13999938964844,140.24000549316406,950800,142.0,141.97000122070312,133.70199584960938
07-11-2017,141.86000061035156,142.0,1560600,143.57000732421875,143.1300048828125,134.79444885253906
08-11-2017,142.5,143.52999877929688,1750000,144.99000549316406,144.5800018310547,136.16001892089844
09-11-2017,136.38999938964844,142.11000061035156,2589200,142.44000244140625,140.83999633789062,132.63780212402344
10-11-2017,140.4199981689453,141.02000427246094,1056300,142.69000244140625,140.6199951171875,132.43060302734375
13-11-2017,139.52000427246094,139.5399932861328,948500,143.66000366210938,143.3699951171875,135.0204620361328
14-11-2017,136.80999755859375,139.52000427246094,1715600,139.6199951171875,137.64999389648438,129.63357543945312
15-11-2017,131.14999389648438,136.0,1987100,136.1999969482422,134.5399932861328,126.70470428466797
16-11-2017,134.67999267578125,135.5,1915200,136.75,135.3300018310547,127.44869995117188
17-11-2017,134.63999938964844,135.9199981689453,1441700,136.32000732421875,136.2100067138672,128.27745056152344
20-11-2017,135.00999450683594,135.47999572753906,1009300,136.1999969482422,135.39999389648438,127.51461791992188
21-11-2017,136.0500030517578,136.2899932861328,958500,137.72000122070312,136.6999969482422,128.73890686035156
22-11-2017,135.1699981689453,137.75,715400,137.83999633789062,135.25,127.37333679199219
24-11-2017,135.5,135.61000061035156,415500,137.50999450683594,137.05999755859375,129.0779266357422
27-11-2017,136.19000244140625,137.05999755859375,773900,137.35000610351562,136.22999572753906,128.29627990722656
28-11-2017,135.89999389648438,136.75999450683594,690700,137.5399932861328,136.88999938964844,128.9178466796875
29-11-2017,130.6300048828125,137.14999389648438,1529700,137.14999389648438,131.9499969482422,124.26553344726562
30-11-2017,131.75999450683594,132.02999877929688,1291000,134.80999755859375,134.32000732421875,126.49752044677734
01-12-2017,130.00999450683594,134.86000061035156,1240100,135.39999389648438,132.14999389648438,124.4538803100586
04-12-2017,129.1699981689453,133.42999267578125,1595600,133.89999389648438,129.35000610351562,121.81697082519531
05-12-2017,127.18000030517578,128.5,1414300,130.25,127.98999786376953,120.53616333007812
06-12-2017,126.30999755859375,127.52999877929688,1675300,128.1999969482422,127.4800033569336,120.05586242675781
07-12-2017,127.0,127.05999755859375,979500,130.5399932861328,129.0800018310547,121.56268310546875
08-12-2017,129.88999938964844,129.92999267578125,1557300,131.85000610351562,130.60000610351562,122.9941635131836
11-12-2017,130.1699981689453,130.9199981689453,970900,132.14999389648438,131.13999938964844,123.50270080566406
12-12-2017,130.1199951171875,131.0,1025700,131.1199951171875,130.36000061035156,122.76814270019531
13-12-2017,129.77999877929688,130.3699951171875,960800,131.10000610351562,130.10000610351562,122.52327728271484
14-12-2017,127.5199966430664,130.0,1015000,130.05999755859375,127.58000183105469,120.4462890625
15-12-2017,128.99000549316406,129.19000244140625,2133700,132.0399932861328,129.57000732421875,122.32501983642578
18-12-2017,131.1300048828125,131.6300048828125,1387600,132.80999755859375,132.0800018310547,124.6946792602539
19-12-2017,131.60000610351562,132.1199951171875,1047100,132.99000549316406,132.02000427246094,124.63801574707031
20-12-2017,131.3000030517578,132.5,832300,132.80999755859375,131.3300018310547,123.98663330078125
21-12-2017,128.47000122070312,131.69000244140625,1102100,131.97000122070312,128.64999389648438,121.45645141601562
22-12-2017,128.0,128.3699951171875,781100,129.4600067138672,129.2899932861328,122.06068420410156
26-12-2017,128.05999755859375,129.24000549316406,326200,129.39999389648438,129.0399932861328,121.82465362548828
27-12-2017,128.17999267578125,129.0,667800,129.60000610351562,128.42999267578125,121.2487564086914
28-12-2017,127.37000274658203,128.5500030517578,998200,128.80999755859375,128.4499969482422,121.26763153076172
29-12-2017,127.5199966430664,128.77000427246094,714600,129.1999969482422,127.88999938964844,120.73896026611328
02-01-2018,128.49000549316406,128.92999267578125,1118600,131.91000366210938,131.52999877929688,124.17543029785156
03-01-2018,130.6199951171875,132.0399932861328,1042100,133.94000244140625,131.7899932861328,124.42089080810547
04-01-2018,130.11000061035156,132.25,820600,132.9600067138672,130.22000122070312,122.93868255615234
05-01-2018,130.50999450683594,131.0399932861328,806500,132.7899932861328,131.72000122070312,124.35482025146484
08-01-2018,133.5800018310547,134.3000030517578,1945200,138.6699981689453,137.4499969482422,129.764404296875
09-01-2018,135.00999450683594,137.52000427246094,1198100,137.97999572753906,135.44000244140625,127.86680603027344
10-01-2018,132.2899932861328,135.11000061035156,884600,135.25,132.9600067138672,125.52545928955078
11-01-2018,132.60000610351562,133.3000030517578,838400,134.75999450683594,134.69000244140625,127.15874481201172
12-01-2018,133.08999633789062,135.3300018310547,990100,135.80999755859375,133.52000427246094,126.05416107177734
16-01-2018,125.69999694824219,134.11000061035156,2879600,134.8699951171875,128.0,120.84281158447266
17-01-2018,126.0,129.1999969482422,2017000,129.4499969482422,126.94999694824219,119.85152435302734
18-01-2018,112.54000091552734,115.19999694824219,8622300,118.75,117.91000366210938,111.31700897216797
19-01-2018,115.5,118.9000015258789,4275100,119.4000015258789,116.01000213623047,109.52323913574219
22-01-2018,113.05999755859375,115.77999877929688,3648000,115.93000030517578,113.52999877929688,107.18190002441406
23-01-2018,112.12000274658203,114.30999755859375,2972100,115.0,113.0,106.68154907226562
24-01-2018,112.04000091552734,114.0,2727500,114.16000366210938,112.4000015258789,106.1150894165039
25-01-2018,112.66000366210938,112.66000366210938,2499800,116.94000244140625,116.9000015258789,110.36347198486328
26-01-2018,114.01000213623047,117.0,1916700,117.81999969482422,114.41000366210938,108.0126953125
29-01-2018,111.30999755859375,114.2300033569336,2250800,114.45999908447266,111.68000030517578,105.43534851074219
30-01-2018,111.05000305175781,112.37999725341797,2146000,113.73999786376953,111.37000274658203,105.1427001953125
31-01-2018,110.25,111.8499984741211,2606200,112.08000183105469,111.58999633789062,105.35040283203125
01-02-2018,108.95999908447266,110.91999816894531,1961800,111.56999969482422,109.19999694824219,103.0940170288086
02-02-2018,104.91999816894531,108.5199966430664,2738600,109.12000274658203,105.51000213623047,99.6103515625
05-02-2018,102.8499984741211,104.27999877929688,3838000,109.9000015258789,105.1500015258789,99.2704849243164
06-02-2018,103.30999755859375,103.51000213623047,2903900,108.5199966430664,107.54000091552734,101.52685546875
07-02-2018,106.55999755859375,107.45999908447266,1668300,109.4800033569336,106.62999725341797,100.66771697998047
08-02-2018,105.13999938964844,106.94000244140625,2377500,108.69999694824219,105.18000030517578,99.2988052368164
09-02-2018,103.75,106.0,2573800,108.70999908447266,107.72000122070312,101.69678497314453
12-02-2018,109.01000213623047,109.27999877929688,2637100,112.1500015258789,111.58999633789062,105.35040283203125
13-02-2018,108.08000183105469,111.5999984741211,2763500,112.5999984741211,108.44999694824219,102.38594055175781
14-02-2018,106.62999725341797,107.18000030517578,2051700,112.16000366210938,111.72000122070312,105.47311401367188
15-02-2018,111.37999725341797,112.43000030517578,1760200,114.6500015258789,114.61000061035156,108.20150756835938
16-02-2018,111.95999908447266,114.36000061035156,1668900,114.58999633789062,112.23999786376953,105.96403503417969
20-02-2018,112.0,112.0,1431700,115.38999938964844,114.58000183105469,108.17321014404297
21-02-2018,112.87000274658203,115.3499984741211,1775000,116.5,113.01000213623047,106.69097137451172
22-02-2018,113.16000366210938,113.87999725341797,1021900,114.75,113.68000030517578,107.32350158691406
23-02-2018,115.61000061035156,115.83999633789062,2142300,118.83000183105469,118.75,112.11001586914062
26-02-2018,107.12000274658203,114.3499984741211,7152000,114.9000015258789,110.0999984741211,103.94368743896484
27-02-2018,110.55999755859375,110.55999755859375,2665700,113.0999984741211,111.56999969482422,105.33148956298828
28-02-2018,98.93000030517578,112.5999984741211,6717200,112.9000015258789,100.43000030517578,94.81439971923828
01-03-2018,94.69999694824219,101.2699966430664,7170800,101.30999755859375,96.01000213623047,90.64155578613281
02-03-2018,90.48999786376953,95.69000244140625,5718000,95.8499984741211,95.0199966430664,89.70689392089844
05-03-2018,93.5,94.22000122070312,2503300,97.66000366210938,96.44000244140625,91.0475082397461
06-03-2018,97.79000091552734,98.4000015258789,3587400,100.88999938964844,100.13999938964844,94.54061126708984
07-03-2018,98.58000183105469,99.0,1567900,100.62000274658203,100.05000305175781,94.4556655883789
08-03-2018,98.6500015258789,100.16000366210938,1274400,101.3499984741211,99.27999877929688,93.72870635986328
09-03-2018,99.08000183105469,99.70999908447266,1510000,102.41999816894531,101.76000213623047,96.0700454711914
12-03-2018,101.5999984741211,101.98999786376953,1509000,103.97000122070312,102.98999786376953,97.23126983642578
13-03-2018,102.55000305175781,103.0,1373100,104.38999938964844,103.12999725341797,97.36341857910156
14-03-2018,100.0999984741211,103.12999725341797,1965700,104.30999755859375,100.33000183105469,95.0286636352539
15-03-2018,97.8499984741211,100.52999877929688,1506900,100.93000030517578,98.06999969482422,92.88809204101562
16-03-2018,96.5,97.91000366210938,2101800,98.80999755859375,98.37000274658203,93.17224884033203
19-03-2018,95.80999755859375,97.56999969482422,1186300,98.0,96.91000366210938,91.78939819335938
20-03-2018,94.0,96.95999908447266,3660000,96.95999908447266,95.31999969482422,90.28340148925781
21-03-2018,94.61000061035156,95.68000030517578,1780300,98.7699966430664,97.47000122070312,92.31979370117188
22-03-2018,94.05000305175781,96.30999755859375,1536200,97.69999694824219,94.11000061035156,89.13733673095703
23-03-2018,93.02999877929688,94.0,1356700,95.58000183105469,93.23999786376953,88.31329345703125
26-03-2018,93.13999938964844,94.56999969482422,1691600,95.33000183105469,94.36000061035156,89.3741455078125
27-03-2018,92.80999755859375,94.77999877929688,1644700,95.75,93.43000030517578,88.4932632446289
28-03-2018,89.27999877929688,93.43000030517578,2906300,93.83999633789062,89.55999755859375,84.82775115966797
29-03-2018,90.05000305175781,90.45999908447266,2275700,93.69000244140625,92.73999786376953,87.83972930908203
02-04-2018,88.62999725341797,92.05000305175781,1919800,92.44999694824219,88.95999908447266,84.25946044921875
03-04-2018,87.55999755859375,89.58000183105469,1883800,90.6500015258789,90.41999816894531,85.64232635498047
04-04-2018,86.75,87.77999877929688,2280800,91.63999938964844,91.5999984741211,86.75996398925781
05-04-2018,91.86000061035156,92.27999877929688,2884300,98.48999786376953,95.7699966430664,90.70962524414062
06-04-2018,91.2300033569336,94.51000213623047,2707900,95.62000274658203,91.80000305175781,86.94939422607422
09-04-2018,90.77999877929688,92.7699966430664,1161400,92.7699966430664,91.22000122070312,86.40003204345703
10-04-2018,91.68000030517578,92.87000274658203,1453300,93.62999725341797,92.33000183105469,87.4513931274414
11-04-2018,91.20999908447266,91.83999633789062,1072800,93.98999786376953,93.30999755859375,88.37960052490234
12-04-2018,92.31999969482422,93.6500015258789,1185400,94.08999633789062,93.38999938964844,88.45539093017578
13-04-2018,94.44000244140625,96.13999938964844,1999300,96.44000244140625,95.5,90.4538803100586
16-04-2018,94.54000091552734,96.44999694824219,1415800,97.56999969482422,96.87000274658203,91.75151824951172
17-04-2018,95.83999633789062,97.63999938964844,1164200,97.95999908447266,96.62999725341797,91.524169921875
18-04-2018,97.05000305175781,97.26000213623047,1145700,99.77999877929688,98.79000091552734,93.57003784179688
19-04-2018,96.91999816894531,99.0,1526400,99.69999694824219,98.58999633789062,93.380615234375
20-04-2018,97.11000061035156,98.2300033569336,912300,98.31999969482422,97.75,92.58499145507812
23-04-2018,97.02999877929688,97.66999816894531,804900,98.5,97.33999633789062,92.19666290283203
24-04-2018,94.11000061035156,97.8499984741211,1328600,98.5,95.77999877929688,90.71910095214844
25-04-2018,94.4800033569336,95.80000305175781,870800,96.22000122070312,95.45999908447266,90.4159927368164
26-04-2018,94.55999755859375,95.83999633789062,1030400,97.30999755859375,96.55000305175781,91.44840240478516
27-04-2018,96.13999938964844,96.41000366210938,857100,97.66000366210938,96.94999694824219,91.82726287841797
30-04-2018,96.70999908447266,96.95999908447266,1441900,98.83999633789062,96.95999908447266,91.83673858642578
01-05-2018,95.66000366210938,96.2699966430664,1221600,97.62000274658203,97.62000274658203,92.46187591552734
02-05-2018,97.55999755859375,97.5999984741211,1398300,99.7699966430664,97.83999633789062,92.67024230957031
03-05-2018,96.51000213623047,97.8499984741211,1384000,99.23999786376953,97.88999938964844,92.71759796142578
04-05-2018,97.5199966430664,97.61000061035156,1294300,100.77999877929688,100.05999755859375,94.77295684814453
07-05-2018,99.69000244140625,100.11000061035156,1388200,102.37999725341797,100.11000061035156,94.82030487060547
08-05-2018,99.5,100.0,1680600,101.38999938964844,100.72000122070312,95.39807891845703
09-05-2018,100.16999816894531,101.72000122070312,1934900,102.7699966430664,101.75,96.37364196777344
10-05-2018,96.63999938964844,101.45999908447266,3860700,101.88999938964844,98.38999938964844,93.19119262695312
11-05-2018,97.76000213623047,98.0,1683200,99.02999877929688,98.54000091552734,93.33324432373047
14-05-2018,98.9800033569336,99.30000305175781,1525200,101.12999725341797,99.23999786376953,93.99626922607422
15-05-2018,98.02999877929688,99.08000183105469,1728400,101.75,100.80999755859375,95.48332214355469
16-05-2018,101.06999969482422,101.1500015258789,1545800,102.9000015258789,102.3499984741211,96.94194793701172
17-05-2018,102.5,102.62000274658203,2770400,105.87000274658203,104.80000305175781,99.26248168945312
18-05-2018,104.1500015258789,105.0,2305800,106.30000305175781,104.91999816894531,99.37615203857422
21-05-2018,103.51000213623047,105.5,1853900,106.4000015258789,104.06999969482422,98.57106018066406
22-05-2018,102.12999725341797,104.54000091552734,1034200,105.13999938964844,102.33999633789062,96.93247985839844
23-05-2018,100.80000305175781,101.33999633789062,907200,102.25,101.83999633789062,96.45890808105469
24-05-2018,94.94999694824219,99.58000183105469,3516900,99.97000122070312,95.0199966430664,89.99925231933594
25-05-2018,93.37000274658203,94.4000015258789,1741900,95.30999755859375,94.81999969482422,89.80982208251953
29-05-2018,92.61000061035156,94.58000183105469,1612200,94.79000091552734,93.02999877929688,88.11438751220703
30-05-2018,93.0,93.58999633789062,1241000,94.44999694824219,93.58999633789062,88.64482116699219
31-05-2018,93.25,93.55999755859375,1430000,94.31999969482422,93.47000122070312,88.53115844726562
01-06-2018,93.5,93.5,1242800,95.08000183105469,94.26000213623047,89.27941131591797
04-06-2018,93.83000183105469,94.56999969482422,962300,95.0,94.44000244140625,89.44989776611328
05-06-2018,94.29000091552734,94.5,973300,95.33999633789062,94.6500015258789,89.64879608154297
06-06-2018,93.94999694824219,94.80000305175781,1738000,95.68000030517578,95.66999816894531,90.61491394042969
07-06-2018,94.69000244140625,95.63999938964844,887500,96.43000030517578,95.22000122070312,90.1886978149414
08-06-2018,94.63999938964844,95.19999694824219,1044200,95.80000305175781,95.37000274658203,90.33074188232422
11-06-2018,94.62999725341797,95.44999694824219,815800,96.37999725341797,95.37000274658203,90.33074188232422
12-06-2018,95.36000061035156,97.11000061035156,1584600,97.75,95.73999786376953,90.68121337890625
13-06-2018,94.0999984741211,95.83000183105469,1598200,96.02999877929688,94.18000030517578,89.20362854003906
14-06-2018,93.3499984741211,94.19000244140625,1148200,94.97000122070312,93.66000366210938,89.02778625488281
15-06-2018,92.19999694824219,93.12999725341797,1698900,93.62000274658203,93.33000183105469,88.71410369873047
18-06-2018,92.27999877929688,93.11000061035156,1675600,93.13999938964844,92.87000274658203,88.27687072753906
19-06-2018,90.23999786376953,91.80999755859375,1841100,91.87000274658203,91.4000015258789,86.87954711914062
20-06-2018,91.30999755859375,92.08000183105469,1333700,92.62999725341797,91.61000061035156,87.07919311523438
21-06-2018,91.25,91.41000366210938,1319600,92.55999755859375,91.97000122070312,87.42138671875
22-06-2018,92.16000366210938,92.37999725341797,1380200,93.62000274658203,93.45999908447266,88.8376693725586
25-06-2018,91.29000091552734,93.6500015258789,1414900,94.97000122070312,91.95999908447266,87.411865234375
26-06-2018,91.88999938964844,92.33000183105469,1070700,93.0999984741211,92.5199966430664,87.94416809082031
27-06-2018,93.2699966430664,93.73999786376953,1967800,96.33000183105469,93.41000366210938,88.7901611328125
28-06-2018,92.5,93.25,943700,93.76000213623047,93.63999938964844,89.00877380371094
29-06-2018,93.80000305175781,94.12999725341797,1768400,96.94999694824219,94.33000183105469,89.66464233398438
02-07-2018,92.9800033569336,93.94000244140625,1182400,94.79000091552734,93.4800033569336,88.856689453125
03-07-2018,95.87999725341797,96.66000366210938,1726500,97.81999969482422,96.62000274658203,91.84140014648438
05-07-2018,93.30000305175781,96.87999725341797,1850900,97.37000274658203,94.77999877929688,90.09239196777344
06-07-2018,93.83999633789062,94.37999725341797,1171900,96.2699966430664,95.54000091552734,90.81481170654297
09-07-2018,95.4800033569336,95.75,1003600,96.5199966430664,95.9800033569336,91.2330551147461
10-07-2018,95.04000091552734,95.9800033569336,1124600,96.83999633789062,95.80999755859375,91.07144927978516
11-07-2018,94.0999984741211,95.0,1173300,95.20999908447266,94.68000030517578,89.99735260009766
12-07-2018,94.87000274658203,95.97000122070312,996500,96.29000091552734,95.3499984741211,90.63419342041016
13-07-2018,94.86000061035156,95.5,847300,96.0,95.56999969482422,90.84333038330078
16-07-2018,94.66999816894531,95.48999786376953,2343000,95.70999908447266,94.95999908447266,90.26348114013672
17-07-2018,94.5,94.8499984741211,1103900,97.29000091552734,96.97000122070312,92.17410278320312
18-07-2018,96.05999755859375,96.91000366210938,1394600,97.86000061035156,96.73999786376953,91.95545959472656
19-07-2018,95.04000091552734,95.98999786376953,976000,96.55000305175781,96.20999908447266,91.45166778564453
20-07-2018,93.55999755859375,95.66000366210938,1803800,95.70999908447266,93.9000015258789,89.25592041015625
23-07-2018,90.0199966430664,93.73999786376953,2490600,93.73999786376953,90.91999816894531,86.42330169677734
24-07-2018,90.66000366210938,91.83999633789062,1318400,92.43000030517578,90.9000015258789,86.40428924560547
25-07-2018,90.30999755859375,90.54000091552734,1115600,91.93000030517578,91.79000091552734,87.25027465820312
26-07-2018,91.12999725341797,91.9000015258789,1209000,93.43000030517578,93.05999755859375,88.45745849609375
27-07-2018,92.01000213623047,93.2699966430664,889900,94.13999938964844,93.26000213623047,88.64756774902344
30-07-2018,91.62000274658203,93.26000213623047,1272200,93.26000213623047,92.41999816894531,87.8490982055664
31-07-2018,92.30999755859375,92.62999725341797,989500,94.52999877929688,94.19999694824219,89.54106903076172
01-08-2018,90.08999633789062,94.0,1763100,94.16000366210938,91.01000213623047,86.50886535644531
02-08-2018,90.08000183105469,90.6500015258789,1494900,92.36000061035156,92.0199966430664,87.46888732910156
03-08-2018,91.80999755859375,92.26000213623047,786700,92.91000366210938,92.61000061035156,88.02971649169922
06-08-2018,91.87999725341797,92.30000305175781,1110100,92.93000030517578,92.66000366210938,88.07723236083984
07-08-2018,92.5999984741211,93.0,1603600,93.7300033569336,92.80999755859375,88.2198257446289
08-08-2018,96.5199966430664,97.41000366210938,5215100,100.48999786376953,98.7699966430664,93.88505554199219
09-08-2018,98.62000274658203,99.1500015258789,3463900,103.11000061035156,100.76000213623047,95.77664184570312
10-08-2018,98.20999908447266,100.05000305175781,1340100,100.80000305175781,98.5,93.62841033935547
13-08-2018,95.55000305175781,98.12999725341797,2108700,98.41999816894531,95.62999725341797,90.90032958984375
14-08-2018,95.5999984741211,95.75,1152900,97.41999816894531,97.33000183105469,92.51628875732422
15-08-2018,93.54000091552734,96.16999816894531,1930600,96.69999694824219,95.54000091552734,90.81481170654297
16-08-2018,96.48999786376953,96.48999786376953,1116900,98.1500015258789,97.05999755859375,92.2596206665039
17-08-2018,94.27999877929688,96.61000061035156,1334900,96.72000122070312,95.44000244140625,90.71976470947266
20-08-2018,95.31999969482422,95.5999984741211,1129700,96.33000183105469,95.54000091552734,90.81481170654297
21-08-2018,94.44000244140625,95.47000122070312,1384300,95.61000061035156,94.83999633789062,90.14942169189453
22-08-2018,94.30000305175781,95.0,1236100,95.3499984741211,94.52999877929688,89.8547592163086
23-08-2018,92.41000366210938,94.5,3337400,94.5999984741211,93.7699966430664,89.1323471069336
24-08-2018,94.0,94.26000213623047,1612700,96.9800033569336,96.0,91.25205993652344
27-08-2018,96.0999984741211,96.30000305175781,883900,97.98999786376953,96.88999938964844,92.0980453491211
28-08-2018,96.37999725341797,96.94000244140625,1058300,98.11000061035156,96.94000244140625,92.14556884765625
29-08-2018,95.58000183105469,96.80000305175781,753800,97.22000122070312,96.72000122070312,91.93644714355469
30-08-2018,94.55999755859375,96.19000244140625,985200,96.45999908447266,95.05000305175781,90.34904479980469
31-08-2018,94.44999694824219,94.70999908447266,762900,96.43000030517578,95.5199966430664,90.79578399658203
04-09-2018,95.01000213623047,97.0,1488400,97.58000183105469,96.56999969482422,91.79386901855469
05-09-2018,95.05999755859375,96.56999969482422,1333800,96.86000061035156,96.44999694824219,91.67979431152344
06-09-2018,96.63999938964844,96.69000244140625,1355700,98.48999786376953,97.66000366210938,92.82994842529297
07-09-2018,95.77999877929688,96.9000015258789,1280100,97.97000122070312,97.19000244140625,92.38321685791016
10-09-2018,96.83000183105469,97.41999816894531,1227000,97.91999816894531,97.38999938964844,92.57331085205078
11-09-2018,96.38999938964844,97.08000183105469,1536400,99.45999908447266,98.83999633789062,93.95158386230469
12-09-2018,98.1500015258789,98.81999969482422,1221000,100.08000183105469,99.45999908447266,94.54093933105469
13-09-2018,99.5999984741211,99.86000061035156,1415100,101.23999786376953,100.61000061035156,95.9572525024414
14-09-2018,99.47000122070312,100.87000274658203,1250400,101.55000305175781,100.9000015258789,96.23384094238281
17-09-2018,100.62999725341797,100.9000015258789,1769500,103.48999786376953,102.44999694824219,97.71217346191406
18-09-2018,101.2300033569336,102.44999694824219,1301500,103.18000030517578,103.05999755859375,98.2939682006836
19-09-2018,103.33999633789062,103.3499984741211,1644800,106.3499984741211,105.48999786376953,100.61158752441406
20-09-2018,105.41000366210938,105.5999984741211,1523400,107.0,106.5999984741211,101.67025756835938
21-09-2018,104.54000091552734,106.97000122070312,2066900,107.41999816894531,105.41999816894531,100.5448226928711
24-09-2018,104.45999908447266,105.13999938964844,1230600,106.0999984741211,104.94000244140625,100.08702087402344
25-09-2018,102.31999969482422,105.30000305175781,1454700,105.44999694824219,102.52999877929688,97.78846740722656
26-09-2018,101.12999725341797,102.08000183105469,1491500,102.58000183105469,101.31999969482422,96.6344223022461
27-09-2018,99.7300033569336,101.41000366210938,1079100,101.76000213623047,100.94999694824219,96.28153228759766
28-09-2018,99.72000122070312,100.73999786376953,1421000,101.16000366210938,99.77999877929688,95.1656494140625
01-10-2018,100.0999984741211,100.66999816894531,758200,101.12999725341797,100.83999633789062,96.17662811279297
02-10-2018,100.56999969482422,101.13999938964844,1035500,102.01000213623047,101.8499984741211,97.13990020751953
03-10-2018,101.7699966430664,102.02999877929688,1352400,105.0,104.04000091552734,99.2286376953125
04-10-2018,102.61000061035156,104.0,1168100,104.70999908447266,104.22000122070312,99.40032196044922
05-10-2018,101.97000122070312,104.16000366210938,1521000,105.25,103.05999755859375,98.2939682006836
08-10-2018,100.52999877929688,102.12999725341797,2145400,102.5199966430664,102.25,97.52140808105469
09-10-2018,96.97000122070312,101.19999694824219,2716200,101.19999694824219,97.27999877929688,92.78124237060547
10-10-2018,95.4800033569336,97.23999786376953,1833300,97.3499984741211,95.66999816894531,91.24571228027344
11-10-2018,94.02999877929688,94.5999984741211,1614000,96.4000015258789,94.36000061035156,89.99629211425781
12-10-2018,94.11000061035156,95.58000183105469,1048200,96.12000274658203,95.08999633789062,90.69254302978516
15-10-2018,95.0999984741211,95.16000366210938,759200,96.70999908447266,96.05000305175781,91.6081314086914
16-10-2018,95.4000015258789,96.47000122070312,993400,97.41999816894531,97.13999938964844,92.6477279663086
17-10-2018,96.08999633789062,96.4800033569336,1183100,97.36000061035156,96.31999969482422,91.86565399169922
18-10-2018,94.55000305175781,96.23999786376953,1202400,96.8499984741211,95.66999816894531,91.24571228027344
19-10-2018,95.06999969482422,95.55999755859375,880100,96.29000091552734,95.62999725341797,91.20755767822266
22-10-2018,95.37999725341797,96.2699966430664,1317800,98.0199966430664,97.26000213623047,92.76216888427734
23-10-2018,93.76000213623047,95.62999725341797,1497800,96.77999877929688,96.16000366210938,91.71304321289062
24-10-2018,93.4800033569336,96.2699966430664,1538100,96.41000366210938,93.63999938964844,89.30957794189453
25-10-2018,93.68000030517578,94.37000274658203,1135900,95.56999969482422,95.41000366210938,90.99773406982422
26-10-2018,92.6500015258789,94.01000213623047,1621200,95.7699966430664,95.23999786376953,90.83558654785156
29-10-2018,93.95999908447266,96.5,1448600,97.9000015258789,95.16000366210938,90.7593002319336
30-10-2018,93.68000030517578,95.0,1305700,97.37000274658203,97.12000274658203,92.62866973876953
31-10-2018,97.87999725341797,98.08999633789062,2166800,100.25,99.22000122070312,94.63154602050781
01-11-2018,100.0,100.37999725341797,2981900,105.83999633789062,105.41999816894531,100.5448226928711
02-11-2018,105.58999633789062,105.80999755859375,1710800,108.47000122070312,106.44000244140625,101.51763916015625
05-11-2018,104.98999786376953,106.12000274658203,829800,106.8499984741211,106.20999908447266,101.29828643798828
06-11-2018,106.0999984741211,106.25,1222100,107.88999938964844,107.79000091552734,102.80522918701172
07-11-2018,106.66000366210938,108.0,1751800,108.73999786376953,107.98999786376953,102.9959716796875
08-11-2018,101.5999984741211,104.30000305175781,2643900,107.0,105.87000274658203,100.97400665283203
09-11-2018,100.48999786376953,104.0,1455000,104.5,102.37999725341797,97.64539337158203
12-11-2018,97.94999694824219,102.26000213623047,1241600,102.27999877929688,98.06999969482422,93.53472137451172
13-11-2018,98.33000183105469,98.37999725341797,1453900,100.93000030517578,99.19999694824219,94.61245727539062
14-11-2018,99.47000122070312,100.0,785700,101.0199966430664,99.94000244140625,95.31824493408203
15-11-2018,99.06999969482422,99.7300033569336,1139600,103.37000274658203,102.69999694824219,97.95059204101562
16-11-2018,99.86000061035156,102.0999984741211,1379700,102.79000091552734,100.9800033569336,96.3101577758789
19-11-2018,99.30999755859375,100.63999938964844,981100,102.19999694824219,99.61000061035156,95.00350952148438
20-11-2018,95.04000091552734,97.86000061035156,1643800,98.13999938964844,95.73999786376953,91.3124771118164
21-11-2018,93.29000091552734,96.01000213623047,1202700,96.66999816894531,95.5199966430664,91.10264587402344
23-11-2018,94.62000274658203,94.94999694824219,482900,98.08000183105469,96.7699966430664,92.29484558105469
26-11-2018,95.88999938964844,97.33999633789062,977600,98.01000213623047,96.61000061035156,92.14224243164062
27-11-2018,94.62000274658203,95.66000366210938,1014200,96.94999694824219,95.43000030517578,91.01680755615234
28-11-2018,94.02999877929688,95.1500015258789,1093400,96.69000244140625,96.62000274658203,92.15177154541016
29-11-2018,94.38999938964844,96.69999694824219,894300,96.87000274658203,96.41999816894531,91.96102905273438
30-11-2018,95.22000122070312,96.0,1037800,97.29000091552734,96.31999969482422,91.86565399169922
03-12-2018,97.5999984741211,98.58999633789062,1698000,100.36000061035156,98.45999908447266,93.90669250488281
04-12-2018,93.01000213623047,98.18000030517578,2421500,99.81999969482422,93.19000244140625,88.88040924072266
06-12-2018,88.0199966430664,92.04000091552734,2034900,92.04000091552734,91.19000244140625,86.97290802001953
07-12-2018,88.08000183105469,91.31999969482422,1523500,92.2300033569336,88.6500015258789,84.55036163330078
10-12-2018,87.25,88.9800033569336,1088000,89.80999755859375,89.04000091552734,84.92230987548828
11-12-2018,88.70999908447266,91.02999877929688,1060200,92.08999633789062,89.08000183105469,84.96046447753906
12-12-2018,88.70999908447266,90.2699966430664,973000,90.54000091552734,88.77999877929688,84.67434692382812
13-12-2018,87.22000122070312,88.5999984741211,955700,89.0999984741211,87.94000244140625,84.19086456298828
14-12-2018,84.01000213623047,87.06999969482422,1719900,87.63999938964844,84.97000122070312,81.34749603271484
17-12-2018,79.69999694824219,84.52999877929688,2762400,84.61000061035156,80.51000213623047,77.07763671875
18-12-2018,80.63999938964844,81.22000122070312,1690000,82.66999816894531,81.02999877929688,77.5754623413086
19-12-2018,79.06999969482422,81.33000183105469,1764700,82.63999938964844,79.80000305175781,76.39790344238281
20-12-2018,73.66999816894531,77.55999755859375,4684500,78.13999938964844,76.16000366210938,72.91309356689453
21-12-2018,74.5999984741211,76.33000183105469,2776000,77.66000366210938,74.83999633789062,71.64935302734375
24-12-2018,72.44000244140625,73.95999908447266,870200,74.83000183105469,73.12999725341797,70.01226806640625
26-12-2018,71.88999938964844,73.43000030517578,1500300,76.30999755859375,76.27999877929688,73.02796173095703
27-12-2018,74.0,75.27999877929688,1657000,77.30999755859375,77.22000122070312,73.92790222167969
28-12-2018,76.11000061035156,77.58000183105469,1202500,78.38999938964844,76.73999786376953,73.4683609008789
31-12-2018,76.02999877929688,77.0,1040100,77.75,77.06999969482422,73.78428649902344
02-01-2019,75.12999725341797,75.80000305175781,1052300,79.02999877929688,78.11000061035156,74.77995300292969
03-01-2019,72.58000183105469,76.8499984741211,1968100,76.87999725341797,72.69000244140625,69.5910415649414
04-01-2019,74.37000274658203,74.56999969482422,2089500,77.27999877929688,76.23999786376953,72.98967742919922
07-01-2019,75.3499984741211,76.29000091552734,1413300,77.13999938964844,76.58000183105469,73.31519317626953
08-01-2019,76.5999984741211,77.27999877929688,1622800,77.70999908447266,77.33000183105469,74.033203125
09-01-2019,75.93000030517578,77.77999877929688,1113900,78.08000183105469,76.83999633789062,73.56410217285156
10-01-2019,75.54000091552734,76.2300033569336,1929400,77.9800033569336,77.2699966430664,73.97575378417969
11-01-2019,75.37000274658203,76.72000122070312,1526200,77.8499984741211,77.41000366210938,74.10979461669922
14-01-2019,76.08999633789062,76.5999984741211,1374900,77.4800033569336,76.97000122070312,73.68855285644531
15-01-2019,73.12999725341797,74.97000122070312,2128200,76.0199966430664,73.63999938964844,70.5005111694336
16-01-2019,73.5,73.91999816894531,2634300,74.93000030517578,73.93000030517578,70.77816009521484
17-01-2019,73.55000305175781,73.83999633789062,2020800,75.7300033569336,75.29000091552734,72.08016967773438
18-01-2019,75.7699966430664,75.83000183105469,1457300,77.25,76.62999725341797,73.36305236816406
22-01-2019,74.0999984741211,75.48999786376953,1435800,75.70999908447266,75.37000274658203,72.1567611694336
23-01-2019,73.4800033569336,75.63999938964844,1271100,75.83999633789062,73.91999816894531,70.7685775756836
24-01-2019,73.6500015258789,73.97000122070312,1660300,75.19000244140625,74.0199966430664,70.86432647705078
25-01-2019,75.58999633789062,75.77999877929688,2234900,77.36000061035156,76.58000183105469,73.31519317626953
28-01-2019,76.0199966430664,76.2300033569336,1273500,77.54000091552734,77.08999633789062,73.80343627929688
29-01-2019,77.48999786376953,77.48999786376953,1815100,78.77999877929688,78.31999969482422,74.98099517822266
30-01-2019,78.3499984741211,79.08999633789062,1592500,80.47000122070312,80.20999908447266,76.7904281616211
31-01-2019,79.5999984741211,80.73999786376953,1971400,81.55000305175781,80.7300033569336,77.28825378417969
01-02-2019,80.51000213623047,80.88999938964844,969200,81.88999938964844,81.30000305175781,77.83395385742188
04-02-2019,80.97000122070312,81.30000305175781,885100,82.0,81.94000244140625,78.44667053222656
05-02-2019,80.13999938964844,81.25,1410600,81.94000244140625,81.31999969482422,77.85310363769531
06-02-2019,80.8499984741211,80.93000030517578,1154500,82.87999725341797,82.19000244140625,78.68601989746094
07-02-2019,79.29000091552734,81.37000274658203,1222800,81.77999877929688,80.63999938964844,77.20208740234375
08-02-2019,79.5199966430664,79.83000183105469,712500,81.02999877929688,81.01000213623047,77.55632019042969
11-02-2019,80.30999755859375,81.56999969482422,659900,81.88999938964844,80.86000061035156,77.4127197265625
12-02-2019,78.41999816894531,80.33999633789062,1947500,80.88999938964844,80.44999694824219,77.02019500732422
13-02-2019,80.95999908447266,81.0199966430664,886600,82.16000366210938,81.7300033569336,78.2456283569336
14-02-2019,80.4000015258789,81.41000366210938,1362500,81.86000061035156,80.41999816894531,76.99148559570312
15-02-2019,80.33000183105469,81.80000305175781,1549800,81.80000305175781,81.37000274658203,77.90096282958984
19-02-2019,80.41999816894531,81.05000305175781,1616100,83.47000122070312,83.12999725341797,79.58594512939453
20-02-2019,82.73999786376953,83.31999969482422,1770900,84.16999816894531,82.80999755859375,79.27957153320312
21-02-2019,85.83000183105469,88.58999633789062,5503500,92.0,89.26000213623047,85.45460510253906
22-02-2019,88.01000213623047,89.83000183105469,1511000,89.9000015258789,89.18000030517578,85.37800598144531
25-02-2019,89.94000244140625,89.98999786376953,1607600,92.0,91.56999969482422,87.6661148071289
26-02-2019,90.86000061035156,91.22000122070312,1265400,92.29000091552734,91.0,87.12042999267578
27-02-2019,90.6500015258789,91.01000213623047,1128300,93.13999938964844,92.27999877929688,88.3458480834961
28-02-2019,90.91000366210938,92.18000030517578,1338800,92.18000030517578,91.29000091552734,87.39805603027344
01-03-2019,90.61000061035156,92.0,1320900,92.4800033569336,90.79000091552734,86.91936492919922
04-03-2019,87.0999984741211,91.0,1691500,91.0,88.48999786376953,84.7174301147461
05-03-2019,87.37000274658203,88.3499984741211,960800,88.66000366210938,87.93000030517578,84.18131256103516
06-03-2019,86.16000366210938,87.94999694824219,754600,88.2300033569336,86.37000274658203,82.68780517578125
07-03-2019,83.95999908447266,85.7300033569336,1296800,86.0,84.5999984741211,80.99327087402344
08-03-2019,80.80000305175781,83.13999938964844,1779500,83.23999786376953,82.97000122070312,79.4327621459961
11-03-2019,83.0999984741211,83.37000274658203,1016000,85.5199966430664,85.51000213623047,81.86447143554688
12-03-2019,85.04000091552734,85.86000061035156,850400,86.12999725341797,85.47000122070312,81.82618713378906
13-03-2019,85.62000274658203,86.02999877929688,1013400,86.86000061035156,86.20999908447266,82.53462219238281
14-03-2019,84.58000183105469,85.83000183105469,787300,86.19999694824219,84.7300033569336,81.4654769897461
15-03-2019,85.06999969482422,85.06999969482422,1498800,86.0,85.41999816894531,82.12886810302734
18-03-2019,85.0,85.58999633789062,759800,86.44000244140625,86.43000030517578,83.09996032714844
19-03-2019,84.87999725341797,87.3499984741211,891600,87.3499984741211,85.2300033569336,81.94621276855469
20-03-2019,83.91000366210938,85.25,734500,85.33999633789062,84.44000244140625,81.18665313720703
21-03-2019,84.26000213623047,84.44000244140625,916900,86.11000061035156,85.51000213623047,82.21542358398438
22-03-2019,82.51000213623047,85.0,890500,85.38999938964844,82.72000122070312,79.53291320800781
25-03-2019,80.8499984741211,82.13999938964844,1013400,82.25,81.58000183105469,78.43685150146484
26-03-2019,80.38999938964844,81.81999969482422,1568200,82.87000274658203,81.04000091552734,77.91764831542969
27-03-2019,79.80000305175781,81.05000305175781,1091900,81.3499984741211,80.1500015258789,77.06194305419922
28-03-2019,79.80000305175781,80.0,975000,81.41999816894531,81.16999816894531,78.0426254272461
29-03-2019,80.80999755859375,81.31999969482422,1794400,82.37000274658203,81.9800033569336,78.8214340209961
01-04-2019,82.43000030517578,82.43000030517578,1439100,84.55999755859375,84.19999694824219,80.95588684082031
02-04-2019,82.0199966430664,84.37000274658203,1782900,84.5,82.9000015258789,79.70597839355469
03-04-2019,83.38999938964844,83.72000122070312,1976500,84.55000305175781,84.20999908447266,80.96551513671875
04-04-2019,84.12000274658203,84.44999694824219,1544500,85.9800033569336,85.55000305175781,82.25387573242188
05-04-2019,85.41999816894531,85.86000061035156,1424500,86.62999725341797,86.13999938964844,82.8211441040039
08-04-2019,85.77999877929688,86.19999694824219,964300,86.94999694824219,86.94000244140625,83.59032440185547
09-04-2019,84.66999816894531,86.70999908447266,1484000,86.88999938964844,84.77999877929688,81.5135498046875
10-04-2019,84.13999938964844,84.87999725341797,821500,85.80000305175781,85.55000305175781,82.25387573242188
11-04-2019,82.62999725341797,85.19999694824219,1404700,85.30000305175781,82.70999908447266,79.52330017089844
12-04-2019,82.73999786376953,83.08000183105469,1090200,84.25,83.66000366210938,80.43671417236328
15-04-2019,81.98999786376953,83.58000183105469,1352400,83.62999725341797,82.26000213623047,79.09064483642578
16-04-2019,82.11000061035156,82.52999877929688,1399300,83.44999694824219,83.20999908447266,80.00403594970703
17-04-2019,82.0999984741211,83.86000061035156,1357500,85.20999908447266,82.0999984741211,78.93679809570312
18-04-2019,81.19000244140625,82.18000030517578,790800,82.6500015258789,82.56999969482422,79.38868713378906
22-04-2019,81.55999755859375,82.45999908447266,576400,82.56999969482422,82.16999816894531,79.00409698486328
23-04-2019,77.63999938964844,81.63999938964844,2307300,81.63999938964844,79.05000305175781,76.00431060791016
24-04-2019,76.68000030517578,79.0999984741211,1653900,79.68000030517578,76.80000305175781,73.84101104736328
25-04-2019,74.80000305175781,76.5999984741211,1545300,76.75,74.87000274658203,71.9853515625
26-04-2019,73.56999969482422,74.69999694824219,1622300,75.86000061035156,75.55999755859375,72.64876556396484
29-04-2019,74.70999908447266,75.5,1191800,76.11000061035156,75.70999908447266,72.79299926757812
30-04-2019,74.93000030517578,75.8499984741211,1239900,76.30999755859375,75.05999755859375,72.16803741455078
01-05-2019,73.95999908447266,75.0,1045500,75.4000015258789,74.06999969482422,71.21619415283203
02-05-2019,73.25,73.87999725341797,2306400,76.16999816894531,76.08999633789062,73.1583480834961
03-05-2019,76.30999755859375,76.7699966430664,1515800,77.4000015258789,77.05000305175781,74.08138275146484
06-05-2019,75.08999633789062,75.66000366210938,1968300,77.22000122070312,77.05000305175781,74.08138275146484
07-05-2019,75.0999984741211,76.5199966430664,2447500,76.8499984741211,75.8499984741211,72.92760467529297
08-05-2019,71.2300033569336,72.02999877929688,3919100,73.4800033569336,72.58000183105469,69.78359985351562
09-05-2019,69.01000213623047,71.54000091552734,3164500,73.11000061035156,72.61000061035156,69.81243133544922
10-05-2019,70.19999694824219,72.7300033569336,2037100,73.05999755859375,72.62999725341797,69.8316650390625
13-05-2019,68.44999694824219,71.27999877929688,3315500,71.48999786376953,68.55000305175781,65.90886688232422
14-05-2019,68.76000213623047,68.86000061035156,1605800,70.55999755859375,70.22000122070312,67.51451873779297
15-05-2019,69.04000091552734,69.27999877929688,2012600,70.66999816894531,69.58000183105469,66.89917755126953
16-05-2019,69.22000122070312,70.0999984741211,1497200,70.41000366210938,69.41000366210938,66.73573303222656
17-05-2019,67.5999984741211,68.73999786376953,1406300,68.98999786376953,67.76000213623047,65.1492919921875
20-05-2019,67.05999755859375,67.55000305175781,1206300,68.16999816894531,67.77999877929688,65.16853332519531
21-05-2019,67.9000015258789,68.08999633789062,1100100,69.41000366210938,68.5,65.86079406738281
22-05-2019,67.86000061035156,68.08000183105469,734100,68.61000061035156,67.95999908447266,65.34159851074219
23-05-2019,65.9800033569336,66.5,2144900,67.22000122070312,66.33999633789062,63.78401184082031
24-05-2019,66.08000183105469,66.97000122070312,1544400,67.43000030517578,66.80000305175781,64.22628784179688
28-05-2019,66.5999984741211,67.06999969482422,1514500,67.80000305175781,67.43000030517578,64.83201599121094
29-05-2019,65.45999908447266,66.5,1783800,66.91999816894531,65.80000305175781,63.26482009887695
30-05-2019,65.30000305175781,65.5999984741211,1167400,66.5,65.56999969482422,63.04368209838867
31-05-2019,63.130001068115234,65.0,1593200,65.0,63.29999923706055,60.86114501953125
03-06-2019,63.099998474121094,63.209999084472656,2087900,65.12999725341797,65.05000305175781,62.54372024536133
04-06-2019,65.43000030517578,65.43000030517578,1452700,67.56999969482422,67.54000091552734,64.93778228759766
05-06-2019,66.13999938964844,68.30999755859375,1044400,68.30999755859375,67.37000274658203,64.77433013916016
06-06-2019,67.04000091552734,67.13999938964844,1177000,68.54000091552734,68.45999908447266,65.82232666015625
07-06-2019,68.25,68.97000122070312,1311800,69.63999938964844,69.08000183105469,66.4184341430664
10-06-2019,69.6500015258789,69.83000183105469,1278800,71.16000366210938,70.93000030517578,68.1971664428711
11-06-2019,71.7300033569336,72.23999786376953,2485400,73.8499984741211,73.43000030517578,70.6008529663086
12-06-2019,72.01000213623047,73.37000274658203,1366300,73.94000244140625,72.18000030517578,69.39900207519531
13-06-2019,71.5199966430664,72.0999984741211,920600,72.77999877929688,72.76000213623047,70.31515502929688
14-06-2019,70.54000091552734,72.7300033569336,966800,72.8499984741211,70.87999725341797,68.49830627441406
17-06-2019,69.7699966430664,70.69000244140625,1008100,71.86000061035156,71.23999786376953,68.8462142944336
18-06-2019,70.7300033569336,71.83999633789062,1230200,72.47000122070312,70.7699966430664,68.39201354980469
19-06-2019,68.16999816894531,71.12000274658203,1805400,71.16999816894531,68.94000244140625,66.62350463867188
20-06-2019,68.19999694824219,69.91999816894531,1999900,70.18000030517578,69.48999786376953,67.155029296875
21-06-2019,67.25,69.01000213623047,1889800,69.12999725341797,68.33999633789062,66.04366302490234
24-06-2019,67.58000183105469,68.2699966430664,988000,68.86000061035156,68.01000213623047,65.72474670410156
25-06-2019,67.5199966430664,68.1500015258789,1372700,68.43000030517578,67.79000091552734,65.51214599609375
26-06-2019,68.01000213623047,68.22000122070312,1252100,69.4000015258789,69.16000366210938,66.83611297607422
27-06-2019,69.44000244140625,69.61000061035156,778900,70.97000122070312,69.5199966430664,67.18402099609375
28-06-2019,68.37000274658203,70.0,2059500,70.93000030517578,70.41000366210938,68.04412078857422
01-07-2019,69.73999786376953,71.19999694824219,932000,71.79000091552734,70.33000183105469,67.966796875
02-07-2019,69.4000015258789,70.68000030517578,682500,70.68000030517578,69.87000274658203,67.52226257324219
03-07-2019,69.87000274658203,70.19000244140625,626300,71.5999984741211,71.54000091552734,69.13614654541016
05-07-2019,69.97000122070312,71.25,732900,71.33000183105469,70.51000213623047,68.1407470703125
08-07-2019,69.55000305175781,70.43000030517578,787900,71.12000274658203,70.19000244140625,67.83150482177734
09-07-2019,69.52999877929688,69.75,926300,70.63999938964844,70.62000274658203,68.24706268310547
10-07-2019,69.80999755859375,70.93000030517578,1376500,70.93000030517578,70.48999786376953,68.12142181396484
11-07-2019,70.12000274658203,70.3499984741211,813300,70.91999816894531,70.58000183105469,68.20840454101562
12-07-2019,70.55999755859375,70.80000305175781,1272600,72.80999755859375,72.62999725341797,70.18951416015625
15-07-2019,71.05999755859375,72.83999633789062,975400,73.01000213623047,72.41999816894531,69.986572265625
16-07-2019,71.47000122070312,72.0,1188200,73.2300033569336,73.05000305175781,70.59539794921875
17-07-2019,71.7300033569336,73.0199966430664,1101700,73.05000305175781,72.63999938964844,70.19918060302734
18-07-2019,72.37999725341797,72.4800033569336,736700,73.4000015258789,73.0,70.54708862304688
19-07-2019,73.01000213623047,73.26000213623047,1455300,75.16999816894531,74.47000122070312,71.96770477294922
22-07-2019,73.08000183105469,74.55000305175781,1548900,75.33000183105469,73.18000030517578,70.72103881835938
23-07-2019,73.26000213623047,73.76000213623047,818700,74.79000091552734,74.58000183105469,72.0739974975586
24-07-2019,74.06999969482422,74.3499984741211,856800,75.91999816894531,75.52999877929688,72.99207305908203
25-07-2019,73.94000244140625,74.91999816894531,781300,75.05999755859375,74.61000061035156,72.10298919677734
26-07-2019,73.37000274658203,74.61000061035156,930600,75.02999877929688,74.58000183105469,72.0739974975586
29-07-2019,72.9800033569336,74.37000274658203,1074900,74.66000366210938,73.08999633789062,70.6340560913086
30-07-2019,72.05999755859375,72.66999816894531,1056200,73.80000305175781,73.5999984741211,71.12691497802734
31-07-2019,72.37999725341797,73.4800033569336,1361500,74.3499984741211,72.95999908447266,70.5084228515625
01-08-2019,69.16999816894531,72.55000305175781,1568800,73.38999938964844,69.58999633789062,67.25166320800781
02-08-2019,67.44000244140625,68.98999786376953,1457500,70.05000305175781,68.68000030517578,66.37223815917969
05-08-2019,64.3499984741211,67.19999694824219,2421400,67.19999694824219,65.41000366210938,63.21211624145508
06-08-2019,64.0999984741211,65.80000305175781,1731500,66.0,65.44999694824219,63.250770568847656
07-08-2019,64.51000213623047,64.5999984741211,2620800,68.01000213623047,67.58999633789062,65.31886291503906
08-08-2019,69.69000244140625,74.70999908447266,4385400,74.93000030517578,73.48999786376953,71.02061462402344
09-08-2019,69.4000015258789,71.9000015258789,2188000,72.33000183105469,70.25,67.88949584960938
12-08-2019,67.05999755859375,69.80000305175781,1516600,70.0199966430664,67.37999725341797,65.11591339111328
13-08-2019,66.80000305175781,67.4000015258789,1597200,71.18000030517578,68.44999694824219,66.14997100830078
14-08-2019,64.01000213623047,66.45999908447266,2087400,66.94999694824219,64.29000091552734,62.12975311279297
15-08-2019,61.2400016784668,64.33999633789062,2688300,64.33999633789062,61.65999984741211,59.5881233215332
16-08-2019,61.2400016784668,62.279998779296875,1666700,64.33999633789062,63.09000015258789,60.97007369995117
19-08-2019,63.939998626708984,64.20999908447266,1388200,65.33000183105469,64.91999816894531,62.738590240478516
20-08-2019,63.709999084472656,64.44999694824219,1091500,64.68000030517578,64.16999816894531,62.013790130615234
21-08-2019,64.69999694824219,65.31999969482422,1003800,66.29000091552734,65.91000366210938,63.69532775878906
22-08-2019,62.689998626708984,64.70999908447266,1850400,65.12000274658203,63.220001220703125,61.095706939697266
23-08-2019,59.709999084472656,62.56999969482422,1778100,62.689998626708984,59.95000076293945,57.93558120727539
26-08-2019,60.15999984741211,60.849998474121094,805200,61.459999084472656,60.810001373291016,58.76669692993164
27-08-2019,59.130001068115234,61.43000030517578,1066600,61.439998626708984,59.29999923706055,57.30743408203125
28-08-2019,58.630001068115234,59.060001373291016,2283800,59.7400016784668,59.31999969482422,57.326751708984375
29-08-2019,60.099998474121094,60.58000183105469,2307100,61.40999984741211,60.4900016784668,58.45743942260742
30-08-2019,61.290000915527344,61.290000915527344,1403500,63.27000045776367,61.72999954223633,59.65576934814453
03-09-2019,59.5099983215332,61.0,1372100,61.0,60.22999954223633,58.2061767578125
04-09-2019,60.86000061035156,61.599998474121094,898800,61.97999954223633,61.310001373291016,59.24988555908203
05-09-2019,62.33000183105469,62.33000183105469,1854400,63.40999984741211,62.970001220703125,60.85410690307617
06-09-2019,61.93000030517578,63.040000915527344,1023700,63.779998779296875,63.22999954223633,61.105369567871094
09-09-2019,63.279998779296875,63.4900016784668,1216400,65.44000244140625,65.36000061035156,63.163814544677734
10-09-2019,65.48999786376953,65.48999786376953,2358000,68.5,68.27999877929688,65.98567962646484
11-09-2019,67.19999694824219,68.80000305175781,1839300,69.37999725341797,69.25,66.92310333251953
12-09-2019,67.81999969482422,69.19999694824219,986700,69.95999908447266,69.27999877929688,67.30977630615234
13-09-2019,68.19999694824219,69.88999938964844,1169900,70.41000366210938,69.27999877929688,67.30977630615234
16-09-2019,68.63999938964844,68.91999816894531,1003000,69.79000091552734,68.83999633789062,66.88228607177734
17-09-2019,67.20999908447266,68.19000244140625,1120500,68.66000366210938,67.76000213623047,65.83300018310547
18-09-2019,66.52999877929688,67.3499984741211,1131000,68.27999877929688,67.4000015258789,65.48323822021484
19-09-2019,66.70999908447266,67.4000015258789,1238600,68.47000122070312,68.29000091552734,66.34791564941406
20-09-2019,68.52999877929688,68.66999816894531,2741900,70.41999816894531,68.86000061035156,66.90172576904297
23-09-2019,67.6500015258789,67.97000122070312,990400,69.41000366210938,68.22000122070312,66.27992248535156
24-09-2019,66.97000122070312,68.5,1382700,68.70999908447266,67.88999938964844,65.95930480957031
25-09-2019,67.38999938964844,67.81999969482422,999500,68.51000213623047,68.30000305175781,66.3576431274414
26-09-2019,66.76000213623047,68.0999984741211,989000,68.12999725341797,67.19000244140625,65.27920532226562
27-09-2019,66.7699966430664,67.37000274658203,1667600,68.22000122070312,68.13999938964844,66.20219421386719
30-09-2019,67.98999786376953,68.25,1387800,69.87000274658203,69.5199966430664,67.5429458618164
01-10-2019,67.91000366210938,69.94999694824219,1721400,70.83999633789062,68.30999755859375,66.36734771728516
02-10-2019,66.0999984741211,67.37999725341797,1202800,67.47000122070312,66.56999969482422,64.67681884765625
03-10-2019,64.9000015258789,66.05000305175781,1122100,67.2300033569336,67.2300033569336,65.31806945800781
04-10-2019,65.94000244140625,67.05000305175781,974100,67.33999633789062,66.31999969482422,64.43394470214844
07-10-2019,64.66999816894531,65.87999725341797,1073600,66.5,65.68000030517578,63.81215286254883
08-10-2019,63.459999084472656,65.0,1148000,65.0,63.70000076293945,61.88846206665039
09-10-2019,62.77000045776367,64.36000061035156,1144100,64.7300033569336,63.599998474121094,61.79130554199219
10-10-2019,63.790000915527344,64.01000213623047,1093100,65.79000091552734,65.45999908447266,63.59840774536133
11-10-2019,66.25,66.52999877929688,1318400,69.30000305175781,68.91000366210938,66.9502944946289
14-10-2019,67.37000274658203,68.2300033569336,1194500,68.58000183105469,67.55999755859375,65.63868713378906
15-10-2019,67.12999725341797,67.9000015258789,803200,68.7300033569336,67.87000274658203,65.93986511230469
16-10-2019,67.45999908447266,67.86000061035156,721600,68.93000030517578,67.58000183105469,65.65811920166016
17-10-2019,67.75,68.3499984741211,1062800,69.08999633789062,68.22000122070312,66.27992248535156
18-10-2019,67.11000061035156,68.2300033569336,908400,68.73999786376953,67.12999725341797,65.22091674804688
21-10-2019,66.80999755859375,67.91000366210938,1153100,68.18000030517578,67.23999786376953,65.3277816772461
22-10-2019,64.87999725341797,67.23999786376953,1271000,67.87000274658203,66.79000091552734,64.89057922363281
23-10-2019,66.94000244140625,67.38999938964844,766400,68.16000366210938,67.45999908447266,65.54151916503906
24-10-2019,68.05999755859375,68.16999816894531,1374200,69.68000030517578,69.44999694824219,67.47494506835938
25-10-2019,62.5,63.790000915527344,5988000,65.48999786376953,63.59000015258789,61.78158950805664
28-10-2019,62.59000015258789,62.75,2780700,64.58000183105469,63.7400016784668,61.92732238769531
29-10-2019,62.75,63.45000076293945,2192200,64.4800033569336,63.029998779296875,61.23751449584961
30-10-2019,61.81999969482422,62.86000061035156,2227400,63.439998626708984,62.66999816894531,60.88774871826172
31-10-2019,60.20000076293945,62.310001373291016,2912300,62.5,60.7400016784668,59.01264190673828
01-11-2019,61.119998931884766,61.459999084472656,2339900,64.5,64.48999786376953,62.65598678588867
04-11-2019,65.0999984741211,65.16000366210938,2246900,67.76000213623047,67.69999694824219,65.77470397949219
05-11-2019,66.73999786376953,68.37000274658203,2004600,68.66000366210938,67.37000274658203,65.45408630371094
06-11-2019,66.22000122070312,66.79000091552734,2319200,67.83000183105469,66.72000122070312,64.82257080078125
07-11-2019,67.0,67.63999938964844,3003500,72.27999877929688,71.38999938964844,69.3597640991211
08-11-2019,66.20999908447266,69.4800033569336,3410000,69.58000183105469,67.9800033569336,66.04674530029297
11-11-2019,66.62000274658203,67.48999786376953,1164300,67.88999938964844,67.7300033569336,65.8038558959961
12-11-2019,64.9800033569336,67.0,1820100,67.8499984741211,65.30999755859375,63.452667236328125
13-11-2019,63.369998931884766,63.720001220703125,1554000,65.47000122070312,65.18000030517578,63.32636642456055
14-11-2019,64.02999877929688,64.37000274658203,1079200,65.58999633789062,65.54000091552734,63.67613220214844
15-11-2019,65.62000274658203,66.0999984741211,1028800,67.37000274658203,66.13999938964844,64.25906372070312
18-11-2019,65.23999786376953,66.12000274658203,1190100,67.36000061035156,67.0999984741211,65.19176483154297
19-11-2019,65.45999908447266,67.76000213623047,926100,67.76000213623047,66.45999908447266,64.5699691772461
20-11-2019,64.73999786376953,65.70999908447266,1496800,66.54000091552734,65.05000305175781,63.20006561279297
21-11-2019,64.52999877929688,65.29000091552734,1386700,66.23999786376953,65.12999725341797,63.27778625488281
22-11-2019,63.75,64.11000061035156,1147000,65.45999908447266,64.9000015258789,63.0543327331543
25-11-2019,64.66000366210938,65.11000061035156,1086300,65.9000015258789,65.13999938964844,63.28750228881836
26-11-2019,64.31999969482422,65.1500015258789,1417100,65.77999877929688,65.58999633789062,63.72470474243164
27-11-2019,64.73999786376953,65.7300033569336,930000,65.94000244140625,65.5,63.63726806640625
29-11-2019,64.91999816894531,65.31999969482422,440500,65.8499984741211,65.37999725341797,63.52067184448242
02-12-2019,64.97000122070312,65.66999816894531,1128200,66.81999969482422,65.04000091552734,63.19035339355469
03-12-2019,62.11000061035156,63.65999984741211,1559200,63.869998931884766,63.650001525878906,61.839881896972656
04-12-2019,62.88999938964844,64.19999694824219,1550100,65.19000244140625,62.91999816894531,61.13063430786133
05-12-2019,62.61000061035156,63.27000045776367,1379600,63.970001220703125,63.68000030517578,61.869022369384766
06-12-2019,63.619998931884766,64.29000091552734,1195900,64.9000015258789,64.30000305175781,62.47140121459961
09-12-2019,64.0,64.25,908900,65.5,64.72000122070312,62.87945556640625
10-12-2019,64.11000061035156,64.61000061035156,1020600,65.5199966430664,65.30000305175781,63.442970275878906
11-12-2019,65.01000213623047,65.33999633789062,1034600,66.05999755859375,65.66999816894531,63.802433013916016
12-12-2019,65.5999984741211,65.69999694824219,1771700,68.19999694824219,68.0199966430664,66.45801544189453
13-12-2019,66.31999969482422,68.2699966430664,1536000,68.44000244140625,66.62999725341797,65.09993743896484
16-12-2019,66.0,67.55999755859375,1431800,67.88999938964844,66.19999694824219,64.6798095703125
17-12-2019,66.0,66.30000305175781,1525600,68.95999908447266,68.7699966430664,67.19078826904297
18-12-2019,68.58000183105469,68.9000015258789,1382100,69.54000091552734,68.9000015258789,67.31781005859375
19-12-2019,68.27999877929688,69.0,1945900,70.44000244140625,69.44999694824219,67.85518646240234
20-12-2019,69.56999969482422,70.37000274658203,2492200,70.98999786376953,70.36000061035156,68.74429321289062
23-12-2019,69.66999816894531,70.36000061035156,2011200,72.66000366210938,72.43000030517578,70.7667465209961
24-12-2019,72.02999877929688,72.41000366210938,640700,72.95999908447266,72.31999969482422,70.6592788696289
26-12-2019,71.69999694824219,72.33000183105469,730300,72.5,72.48999786376953,70.82536315917969
27-12-2019,71.81999969482422,72.55999755859375,741600,72.93000030517578,72.01000213623047,70.35639190673828
30-12-2019,71.69999694824219,72.0999984741211,802200,72.8499984741211,71.93000030517578,70.27823638916016
31-12-2019,71.5,71.61000061035156,1016000,73.36000061035156,73.04000091552734,71.36274719238281
02-01-2020,72.19000244140625,73.5,1620800,73.87999725341797,72.61000061035156,70.94261932373047
03-01-2020,71.22000122070312,71.41000366210938,1337600,72.38999938964844,71.56999969482422,69.9264907836914
06-01-2020,70.19000244140625,71.0,1330000,72.16999816894531,71.48999786376953,69.84833526611328
07-01-2020,71.12999725341797,71.6500015258789,1574400,73.48999786376953,72.43000030517578,70.7667465209961
08-01-2020,69.61000061035156,70.5999984741211,2029500,71.5,71.18000030517578,69.54545593261719
09-01-2020,70.7300033569336,71.31999969482422,1301100,73.06999969482422,72.73999786376953,71.06963348388672
10-01-2020,71.8499984741211,73.01000213623047,1493300,73.83000183105469,72.0999984741211,70.4443359375
13-01-2020,72.88999938964844,72.94999694824219,2668000,76.0,75.86000061035156,74.11798095703125
14-01-2020,75.5999984741211,76.22000122070312,3835800,78.87000274658203,78.18000030517578,76.38470458984375
15-01-2020,78.0,78.9000015258789,3101800,80.93000030517578,80.12000274658203,78.2801742553711
16-01-2020,78.51000213623047,80.36000061035156,2178700,81.5,80.41999816894531,78.5732650756836
17-01-2020,79.77999877929688,80.9800033569336,2151400,81.30000305175781,80.9000015258789,79.04224395751953
21-01-2020,80.58000183105469,80.79000091552734,2312700,81.41999816894531,81.31999969482422,79.45259857177734
22-01-2020,80.7699966430664,81.18000030517578,2138400,81.95999908447266,81.37999725341797,79.51122283935547
23-01-2020,79.51000213623047,80.33000183105469,1654700,82.0999984741211,81.9000015258789,80.01927947998047
24-01-2020,80.37999725341797,82.0,1409600,82.12999725341797,81.18000030517578,79.3158187866211
27-01-2020,78.01000213623047,78.62999725341797,2060800,79.66000366210938,78.94000244140625,77.12726593017578
28-01-2020,79.51000213623047,79.69999694824219,1130900,81.22000122070312,80.19999694824219,78.35832214355469
29-01-2020,79.73999786376953,80.83000183105469,1084500,81.61000061035156,80.7300033569336,78.87615966796875
30-01-2020,79.37999725341797,80.08999633789062,1261400,80.9800033569336,80.77999877929688,78.92499542236328
31-01-2020,78.72000122070312,79.80000305175781,5676000,80.36000061035156,80.27999877929688,78.43649291992188
03-02-2020,79.72000122070312,80.79000091552734,2220200,81.27999877929688,80.79000091552734,78.93476867675781
04-02-2020,82.41999816894531,82.5,4739800,91.93000030517578,90.43000030517578,88.35340118408203
05-02-2020,85.55000305175781,88.76000213623047,3418600,89.0,87.58000183105469,85.56885528564453
06-02-2020,85.54000091552734,87.56999969482422,1849600,87.98999786376953,86.94999694824219,84.95332336425781
07-02-2020,82.0999984741211,85.5199966430664,2337700,85.72000122070312,82.54000091552734,80.64458465576172
10-02-2020,83.11000061035156,83.11000061035156,1553700,84.69999694824219,83.25,81.33828735351562
11-02-2020,83.26000213623047,83.7699966430664,1311100,85.38999938964844,84.70999908447266,82.76476287841797
12-02-2020,86.0999984741211,87.0199966430664,1311800,88.08999633789062,86.83000183105469,84.83607482910156
13-02-2020,85.0999984741211,85.94000244140625,1725100,88.66999816894531,87.93000030517578,85.91082000732422
14-02-2020,88.48999786376953,88.54000091552734,2105500,90.54000091552734,89.63999938964844,87.58153533935547
18-02-2020,86.69000244140625,88.79000091552734,1448800,89.58000183105469,88.69999694824219,86.66313171386719
19-02-2020,88.69000244140625,89.0,2041200,90.69999694824219,89.33999633789062,87.28844451904297
20-02-2020,88.3499984741211,89.0,4973600,99.4000015258789,94.30999755859375,92.1443099975586
21-02-2020,90.45999908447266,92.1500015258789,2263400,93.31999969482422,92.43000030517578,90.30748748779297
24-02-2020,87.20999908447266,87.87000274658203,1682200,90.52999877929688,89.61000061035156,87.55223846435547
25-02-2020,85.68000030517578,90.38999938964844,2195600,91.16999816894531,85.83000183105469,83.85902404785156
26-02-2020,84.30999755859375,85.19000244140625,1583900,87.77999877929688,85.6500015258789,83.68317413330078
27-02-2020,80.73999786376953,83.11000061035156,2530000,84.94000244140625,80.80000305175781,78.94454956054688
28-02-2020,76.66999816894531,78.11000061035156,2580200,82.0,81.8499984741211,79.9704360961914
02-03-2020,80.1500015258789,82.48999786376953,1661200,84.30000305175781,84.30000305175781,82.36418151855469
03-03-2020,80.87999725341797,83.70999908447266,1932300,85.23999786376953,82.79000091552734,80.88884735107422
04-03-2020,83.2699966430664,85.05999755859375,1198000,86.37000274658203,86.2699966430664,84.28893280029297
05-03-2020,83.51000213623047,83.83000183105469,1490200,86.77999877929688,84.7699966430664,82.8233642578125
06-03-2020,80.63999938964844,82.36000061035156,1490700,83.95999908447266,82.5999984741211,80.7032241821289
09-03-2020,69.58999633789062,75.5,2627400,76.3499984741211,72.95999908447266,71.28457641601562
10-03-2020,72.22000122070312,77.11000061035156,2771400,77.62999725341797,75.19000244140625,73.46337127685547
11-03-2020,69.05999755859375,73.37999725341797,2059300,73.37999725341797,70.06999969482422,68.46094512939453
12-03-2020,60.56999969482422,63.970001220703125,2619400,68.55999755859375,64.79000091552734,63.65192794799805
13-03-2020,62.119998931884766,69.45999908447266,2067800,69.77999877929688,68.01000213623047,66.81536865234375
16-03-2020,58.93000030517578,61.34000015258789,2388300,63.02000045776367,58.959999084472656,57.92433166503906
17-03-2020,57.310001373291016,60.290000915527344,3062400,68.26000213623047,67.05999755859375,65.8820571899414
18-03-2020,58.619998931884766,62.40999984741211,2762300,69.11000061035156,68.63999938964844,67.43429565429688
19-03-2020,60.25,66.55000305175781,2016200,67.83000183105469,61.939998626708984,60.851985931396484
20-03-2020,53.02000045776367,62.68000030517578,2963600,63.40999984741211,53.45000076293945,52.5111198425293
23-03-2020,48.88999938964844,52.380001068115234,2507500,54.380001068115234,50.900001525878906,50.005916595458984
24-03-2020,53.04999923706055,53.88999938964844,1839500,57.869998931884766,56.029998779296875,55.045799255371094
25-03-2020,55.380001068115234,56.38999938964844,2295600,63.86000061035156,60.02000045776367,58.965721130371094
26-03-2020,57.20000076293945,60.0,2245100,60.720001220703125,60.459999084472656,59.397979736328125
27-03-2020,54.75,58.0,2439600,58.0,55.02000045776367,54.05354309082031
30-03-2020,54.5099983215332,55.61000061035156,2045800,56.4900016784668,55.599998474121094,54.623348236083984
31-03-2020,55.11000061035156,55.52000045776367,2585900,57.72999954223633,56.369998931884766,55.379825592041016
01-04-2020,53.619998931884766,54.2599983215332,2253900,57.040000915527344,54.84000015258789,53.87670135498047
02-04-2020,52.95000076293945,54.880001068115234,1911400,59.0099983215332,53.65999984741211,52.717430114746094
03-04-2020,52.689998626708984,53.630001068115234,1749700,55.380001068115234,52.70000076293945,51.7742919921875
06-04-2020,54.47999954223633,55.130001068115234,1725800,57.68000030517578,56.93000030517578,55.92999267578125
07-04-2020,56.4900016784668,58.310001373291016,1952000,60.349998474121094,57.0,55.99876022338867
08-04-2020,57.31999969482422,57.61000061035156,1706000,62.43000030517578,61.81999969482422,60.73409652709961
09-04-2020,62.16999816894531,62.349998474121094,1775400,67.23999786376953,67.0199966430664,65.84275817871094
13-04-2020,61.66999816894531,66.77999877929688,1678600,67.3499984741211,63.310001373291016,62.19792938232422
14-04-2020,63.25,64.75,1068400,65.83999633789062,63.68000030517578,62.561424255371094
15-04-2020,57.86000061035156,61.439998626708984,1335900,61.720001220703125,58.25,57.226810455322266
16-04-2020,56.70000076293945,58.2599983215332,1618100,58.91999816894531,58.56999969482422,57.54118347167969
17-04-2020,60.5,60.58000183105469,1011000,62.790000915527344,61.470001220703125,60.39024353027344
20-04-2020,59.5,60.0,1270600,61.68000030517578,60.0,58.94606399536133
21-04-2020,57.709999084472656,58.5,1381600,59.2400016784668,57.86000061035156,56.84365463256836
22-04-2020,58.599998474121094,58.959999084472656,684800,60.08000183105469,59.45000076293945,58.40572738647461
23-04-2020,60.2599983215332,60.66999816894531,816500,62.25,60.65999984741211,59.5944709777832
24-04-2020,59.68000030517578,61.11000061035156,1027100,61.959999084472656,61.529998779296875,60.449188232421875
27-04-2020,61.650001525878906,61.81999969482422,736800,62.83000183105469,62.25,61.15654754638672
28-04-2020,63.25,64.0,1087700,65.69999694824219,64.30999755859375,63.180355072021484
29-04-2020,64.05999755859375,64.05999755859375,1447900,66.37000274658203,64.66999816894531,63.53403854370117
30-04-2020,61.11000061035156,63.79999923706055,2007200,64.1500015258789,61.43000030517578,60.350948333740234
01-05-2020,56.939998626708984,60.5,1924900,60.5,57.439998626708984,56.4310302734375
04-05-2020,55.75,56.81999969482422,1275400,57.81999969482422,57.2599983215332,56.254188537597656
05-05-2020,58.310001373291016,58.369998931884766,1109000,60.34000015258789,58.470001220703125,57.44293975830078
06-05-2020,57.79999923706055,59.16999816894531,1885300,60.2400016784668,57.93000030517578,56.91242980957031
07-05-2020,57.38999938964844,59.900001525878906,2206600,61.86000061035156,59.7400016784668,58.69063186645508
08-05-2020,60.20000076293945,60.630001068115234,1514500,64.5,64.25,63.12141418457031
11-05-2020,62.880001068115234,63.15999984741211,1471300,65.72000122070312,64.41000366210938,63.27860641479492
12-05-2020,59.0099983215332,63.0,1881900,63.709999084472656,59.2599983215332,58.219058990478516
13-05-2020,57.77000045776367,59.02000045776367,1770000,60.29999923706055,59.91999816894531,58.86747360229492
14-05-2020,56.16999816894531,59.0,1333300,59.779998779296875,59.709999084472656,58.661155700683594
15-05-2020,59.41999816894531,59.5,1428000,61.619998931884766,61.349998474121094,60.2723503112793
18-05-2020,63.25,64.0,1288900,65.31999969482422,63.93000030517578,62.80703353881836
19-05-2020,63.0,63.81999969482422,1329900,65.29000091552734,63.5099983215332,62.3944091796875
20-05-2020,65.01000213623047,65.19000244140625,1641500,68.61000061035156,68.13999938964844,66.94307708740234
21-05-2020,67.41000366210938,67.81999969482422,1428300,69.79000091552734,67.97000122070312,66.77606964111328
22-05-2020,66.87000274658203,67.80000305175781,825400,68.41999816894531,68.11000061035156,66.91361236572266
26-05-2020,70.51000213623047,70.66000366210938,2391600,75.75,74.93000030517578,73.61380767822266
27-05-2020,74.04000091552734,76.38999938964844,1592500,79.12999725341797,75.04000091552734,73.72187805175781
28-05-2020,75.55000305175781,76.4800033569336,1408600,78.43000030517578,75.93000030517578,74.59624481201172
29-05-2020,74.3499984741211,75.44999694824219,1589800,77.31999969482422,76.5199966430664,75.1758804321289
01-06-2020,76.5199966430664,76.66000366210938,1061900,78.5999984741211,77.41999816894531,76.06007385253906
02-06-2020,77.02999877929688,78.31999969482422,1268300,79.44000244140625,78.58999633789062,77.20951843261719
03-06-2020,78.8499984741211,79.62999725341797,1685100,80.95999908447266,78.94000244140625,77.55338287353516
04-06-2020,77.7300033569336,78.0,1493700,80.0,79.97000122070312,78.56527709960938
05-06-2020,80.77999877929688,81.72000122070312,1950000,84.97000122070312,84.30999755859375,82.82904052734375
08-06-2020,84.25,84.62000274658203,1304100,86.91000366210938,86.73999786376953,85.21636199951172
09-06-2020,84.06999969482422,85.0,962300,86.0,85.0,83.50692749023438
10-06-2020,83.69999694824219,85.31999969482422,957900,85.5999984741211,83.86000061035156,82.38694763183594
11-06-2020,74.0199966430664,78.94999694824219,1656600,80.04000091552734,74.5199966430664,73.54866790771484
12-06-2020,75.36000061035156,78.0,1219900,78.66999816894531,77.31999969482422,76.31217193603516
15-06-2020,74.0,74.18000030517578,1134900,77.72000122070312,76.41000366210938,75.41404724121094
16-06-2020,77.26000213623047,79.7699966430664,1060000,80.30999755859375,79.2300033569336,78.1972885131836
17-06-2020,78.81999969482422,79.25,727000,80.30000305175781,79.16999816894531,78.13806915283203
18-06-2020,77.54000091552734,78.25,863700,79.55000305175781,78.80999755859375,77.78275299072266
19-06-2020,77.62999725341797,80.22000122070312,1243100,80.97000122070312,78.3499984741211,77.32875061035156
22-06-2020,74.66000366210938,75.51000213623047,1023200,76.93000030517578,75.77999877929688,74.79225158691406
23-06-2020,76.01000213623047,76.83999633789062,781700,77.20999908447266,76.12000274658203,75.1278305053711
24-06-2020,72.38999938964844,75.41000366210938,965600,75.41999816894531,73.31999969482422,72.36431884765625
25-06-2020,72.58999633789062,73.26000213623047,727200,74.22000122070312,73.94999694824219,72.9861068725586
26-06-2020,73.19999694824219,74.93000030517578,1652200,75.83000183105469,74.63999938964844,73.66709899902344
29-06-2020,75.02999877929688,75.97000122070312,843100,77.37000274658203,76.33000183105469,75.3350830078125
30-06-2020,75.73999786376953,75.80999755859375,1033100,77.55999755859375,77.20999908447266,76.20361328125
01-07-2020,75.2699966430664,76.94999694824219,891600,77.66999816894531,76.05999755859375,75.06859588623047
02-07-2020,77.63999938964844,77.66999816894531,886000,79.63999938964844,78.55999755859375,77.53601837158203
06-07-2020,79.38999938964844,80.0,1045200,81.30000305175781,81.22000122070312,80.16133880615234
07-07-2020,77.62000274658203,80.26000213623047,1281300,80.44000244140625,78.0,76.98331451416016
08-07-2020,76.44999694824219,77.93000030517578,1351200,79.73999786376953,77.94999694824219,76.9339599609375
09-07-2020,74.77999877929688,78.19000244140625,1154300,78.19000244140625,75.75,74.76263427734375
10-07-2020,75.33999633789062,76.0,1071800,79.04000091552734,78.88999938964844,77.86170959472656
13-07-2020,80.1500015258789,80.30000305175781,2213100,84.45999908447266,81.55999755859375,80.49691009521484
14-07-2020,80.91999816894531,81.55999755859375,1353700,84.36000061035156,84.1500015258789,83.05316162109375
15-07-2020,85.1500015258789,85.87999725341797,1385100,86.83000183105469,86.5999984741211,85.47122192382812
16-07-2020,85.44000244140625,86.30999755859375,852600,86.7699966430664,86.44999694824219,85.32317352294922
17-07-2020,86.93000030517578,87.0,1360300,89.62000274658203,88.45999908447266,87.30696868896484
20-07-2020,86.6500015258789,88.75,816800,89.16999816894531,87.04000091552734,85.90548706054688
21-07-2020,87.02999877929688,87.56999969482422,821300,88.12999725341797,87.18000030517578,86.04366302490234
22-07-2020,86.66999816894531,87.19999694824219,726100,88.38999938964844,87.69000244140625,86.5470199584961
23-07-2020,86.97000122070312,87.76000213623047,756600,89.41000366210938,87.93000030517578,86.78388214111328
24-07-2020,86.19999694824219,87.0,586000,87.91999816894531,87.04000091552734,85.90548706054688
27-07-2020,83.8499984741211,85.5199966430664,1164900,86.11000061035156,85.77999877929688,84.66191101074219
28-07-2020,83.61000061035156,85.30000305175781,883600,85.79000091552734,83.69999694824219,82.6090087890625
29-07-2020,81.95999908447266,84.58999633789062,1161800,84.58999633789062,83.83000183105469,82.73731994628906
30-07-2020,81.05000305175781,82.47000122070312,900600,83.88999938964844,83.0,81.91814422607422
31-07-2020,80.5,82.61000061035156,2397900,82.95999908447266,82.45999908447266,81.38517761230469
03-08-2020,82.08999633789062,82.9800033569336,1124700,83.9000015258789,83.33000183105469,82.24384307861328
04-08-2020,82.38999938964844,83.11000061035156,1634100,87.04000091552734,85.33000183105469,84.2177734375
05-08-2020,86.23999786376953,86.79000091552734,2177700,89.2300033569336,88.5999984741211,87.44515228271484
06-08-2020,82.31999969482422,86.63999938964844,2453400,87.80999755859375,83.33999633789062,82.25370788574219
07-08-2020,82.6500015258789,83.0,1236300,86.41999816894531,84.44000244140625,83.3393783569336
10-08-2020,85.16999816894531,85.44999694824219,810900,87.27999877929688,87.22000122070312,86.0831298828125
11-08-2020,88.5,88.62999725341797,1931300,92.77999877929688,92.44999694824219,91.2449722290039
12-08-2020,90.20999908447266,93.22000122070312,1070700,93.9000015258789,91.0199966430664,89.8335952758789
13-08-2020,89.5999984741211,90.41000366210938,1008000,92.13999938964844,91.5999984741211,90.40604400634766
14-08-2020,90.97000122070312,91.31999969482422,838200,92.5999984741211,92.38999938964844,91.18575286865234
17-08-2020,91.36000061035156,92.72000122070312,604500,93.27999877929688,91.7699966430664,90.57382202148438
18-08-2020,91.3499984741211,91.98999786376953,557400,93.0199966430664,92.19999694824219,90.99822998046875
19-08-2020,91.76000213623047,92.5,760800,93.55999755859375,92.25,91.04757690429688
20-08-2020,89.5999984741211,91.06999969482422,940900,91.7300033569336,91.05000305175781,89.86321258544922
21-08-2020,89.12000274658203,90.48999786376953,885200,91.27999877929688,89.73999786376953,88.5702896118164
24-08-2020,89.61000061035156,90.75,668900,92.0,91.9800033569336,90.78109741210938
25-08-2020,90.69000244140625,92.05000305175781,420500,92.73999786376953,91.08999633789062,89.9026870727539
26-08-2020,91.31999969482422,92.12999725341797,653200,92.37999725341797,91.9000015258789,90.70214080810547
27-08-2020,90.02999877929688,92.16999816894531,474500,92.83999633789062,91.12999725341797,89.94217681884766
28-08-2020,90.47000122070312,91.12999725341797,412000,92.37000274658203,92.31999969482422,91.11666870117188
31-08-2020,90.91000366210938,92.30000305175781,718500,93.41000366210938,91.01000213623047,89.82374572753906
01-09-2020,90.04000091552734,91.0999984741211,1561100,97.43000030517578,97.38999938964844,96.1205825805664
02-09-2020,96.75,97.0,1311100,99.80999755859375,99.6500015258789,98.35111236572266
03-09-2020,91.73999786376953,98.8499984741211,1731400,99.61000061035156,93.18000030517578,91.96544647216797
04-09-2020,90.7699966430664,93.04000091552734,1100800,95.54000091552734,94.72000122070312,93.4853744506836
08-09-2020,92.12000274658203,93.0,835700,95.0,93.13999938964844,91.92597198486328
09-09-2020,94.02999877929688,94.3499984741211,643900,96.75,95.41999816894531,94.17625427246094
10-09-2020,93.48999786376953,95.61000061035156,667800,96.45999908447266,93.5,92.28128051757812
11-09-2020,93.80000305175781,94.63999938964844,650900,96.08000183105469,94.95999908447266,93.72224426269531
14-09-2020,95.1500015258789,95.87000274658203,671800,98.70999908447266,98.16999816894531,96.89041137695312
15-09-2020,98.33000183105469,99.0,1192300,100.30999755859375,98.38999938964844,97.1075439453125
16-09-2020,97.69999694824219,99.0,998300,99.58999633789062,97.80000305175781,96.52523803710938
17-09-2020,95.5199966430664,96.27999877929688,937100,100.97000122070312,100.44999694824219,99.53250885009766
18-09-2020,97.12999725341797,100.37999725341797,1337200,101.0,97.95999908447266,97.06525421142578
21-09-2020,90.5199966430664,96.38999938964844,1406500,96.38999938964844,95.12999725341797,94.26110076904297
22-09-2020,92.93000030517578,94.70999908447266,656600,95.54000091552734,95.23999786376953,94.3700942993164
23-09-2020,80.1500015258789,88.9800033569336,5194900,89.3499984741211,80.41999816894531,79.68545532226562
24-09-2020,79.05999755859375,80.06999969482422,2368200,85.5999984741211,83.30999755859375,82.54906463623047
25-09-2020,82.54000091552734,82.9800033569336,1197800,85.25,84.5199966430664,83.74800872802734
28-09-2020,83.87999725341797,86.1500015258789,1433100,87.4000015258789,84.83999633789062,84.06509399414062
29-09-2020,84.77999877929688,84.94999694824219,1252900,87.62999725341797,86.86000061035156,86.06664276123047
30-09-2020,87.22000122070312,87.41000366210938,1369100,90.12999725341797,89.27999877929688,88.46453857421875
01-10-2020,86.47000122070312,90.01000213623047,1371800,90.97000122070312,86.7300033569336,85.93782806396484
02-10-2020,84.56999969482422,85.44000244140625,1204200,91.08000183105469,89.29000091552734,88.47444152832031
05-10-2020,91.13999938964844,91.26000213623047,1598300,95.88999938964844,94.76000213623047,93.89449310302734
06-10-2020,93.5199966430664,96.27999877929688,1381400,96.97000122070312,93.73999786376953,92.88379669189453
07-10-2020,95.5999984741211,96.0,1129100,97.98999786376953,96.69000244140625,95.80685424804688
08-10-2020,95.95999908447266,98.12000274658203,1133500,98.37000274658203,96.94999694824219,96.0644760131836
09-10-2020,95.66000366210938,98.0999984741211,767800,99.12999725341797,96.02999877929688,95.15287017822266
12-10-2020,94.6500015258789,96.7300033569336,798100,96.7300033569336,94.94000244140625,94.07283782958984
13-10-2020,93.91000366210938,94.3499984741211,863900,95.58999633789062,95.13999938964844,94.27100372314453
14-10-2020,91.8499984741211,92.76000213623047,1070500,95.33999633789062,94.58999633789062,93.72602844238281
15-10-2020,91.80000305175781,92.98999786376953,923200,94.75,94.3499984741211,93.48822021484375
16-10-2020,93.4000015258789,95.12999725341797,655600,95.83000183105469,93.41999816894531,92.56671142578125
19-10-2020,92.22000122070312,93.33999633789062,641400,94.51000213623047,92.56999969482422,91.7244873046875
20-10-2020,92.79000091552734,93.48999786376953,740600,95.22000122070312,93.55999755859375,92.70543670654297
21-10-2020,94.5999984741211,95.2699966430664,793400,97.29000091552734,95.87000274658203,94.99434661865234
22-10-2020,93.75,95.58000183105469,669300,96.11000061035156,94.95999908447266,94.0926513671875
23-10-2020,95.3499984741211,95.87000274658203,669200,97.44999694824219,96.4800033569336,95.5987777709961
26-10-2020,92.83999633789062,94.77999877929688,952300,94.77999877929688,94.4800033569336,93.61703491210938
27-10-2020,94.75,95.33999633789062,987800,96.87000274658203,95.18000030517578,94.3106460571289
28-10-2020,90.06999969482422,92.30999755859375,982100,93.83999633789062,90.77999877929688,89.95083618164062
29-10-2020,90.2300033569336,90.5,819600,94.56999969482422,93.7699966430664,92.91351318359375
30-10-2020,90.86000061035156,92.94000244140625,1275000,94.05999755859375,93.20999908447266,92.358642578125
02-11-2020,93.79000091552734,94.73999786376953,924900,97.8499984741211,96.83999633789062,95.95548248291016
03-11-2020,96.33999633789062,96.75,971900,98.27999877929688,97.62000274658203,96.72836303710938
04-11-2020,93.0999984741211,97.5199966430664,1656900,97.5199966430664,93.43000030517578,92.57662963867188
05-11-2020,93.0,96.05000305175781,3231500,106.33000183105469,105.5,104.53639221191406
06-11-2020,102.80000305175781,104.83000183105469,2609200,113.33000183105469,112.22000122070312,111.19500732421875
09-11-2020,114.80000305175781,114.94999694824219,2138400,120.80999755859375,116.7300033569336,115.663818359375
10-11-2020,113.06999969482422,116.0,1244200,118.30000305175781,117.93000030517578,116.85285186767578
11-11-2020,116.5,117.48999786376953,881900,119.9800033569336,118.56999969482422,117.48699951171875
12-11-2020,116.63999938964844,117.5,839200,120.69000244140625,118.63999938964844,117.55636596679688
13-11-2020,117.69000244140625,118.91999816894531,1014700,122.97000122070312,122.4800033569336,121.36128997802734
16-11-2020,123.0,123.0,1526100,129.14999389648438,128.9199981689453,127.74246978759766
17-11-2020,124.4000015258789,127.52999877929688,1904500,128.60000610351562,127.94999694824219,126.78133392333984
18-11-2020,126.52999877929688,127.94999694824219,870800,130.2100067138672,126.54000091552734,125.38420867919922
19-11-2020,122.44999694824219,126.01000213623047,1138500,126.48999786376953,125.80000305175781,124.6509780883789
20-11-2020,125.5,126.0,748700,128.5,127.88999938964844,126.72188568115234
23-11-2020,129.02999877929688,129.3000030517578,1400100,134.75999450683594,134.05999755859375,132.8355255126953
24-11-2020,134.2899932861328,135.6699981689453,1428200,137.7100067138672,137.25999450683594,136.0063018798828
25-11-2020,133.24000549316406,135.1999969482422,1126200,136.4199981689453,134.72999572753906,133.49940490722656
27-11-2020,136.25999450683594,136.4199981689453,531400,138.19000244140625,137.66000366210938,136.40264892578125
30-11-2020,134.16000366210938,137.25,1096100,137.5,135.97000122070312,134.7280731201172
01-12-2020,134.82000732421875,137.5,1719800,138.19000244140625,135.8800048828125,134.63890075683594
02-12-2020,132.16000366210938,134.82000732421875,1576100,136.0,135.25,134.01466369628906
03-12-2020,130.75999450683594,135.32000732421875,1969300,136.22999572753906,131.72000122070312,130.51690673828125
04-12-2020,132.2100067138672,132.50999450683594,1157900,139.22999572753906,139.22000122070312,137.94839477539062
07-12-2020,138.10000610351562,139.44000244140625,1122100,141.0399932861328,140.0,138.7212677001953
08-12-2020,138.1999969482422,139.2100067138672,892700,144.1199951171875,143.9499969482422,142.6351776123047
09-12-2020,140.6300048828125,144.08999633789062,1444400,146.11000061035156,142.5500030517578,141.24798583984375
10-12-2020,140.2100067138672,141.0,1102900,143.6999969482422,141.42999267578125,140.5177001953125
11-12-2020,136.61000061035156,140.14999389648438,962400,141.94000244140625,138.64999389648438,137.75564575195312
14-12-2020,134.25,140.55999755859375,1387300,141.0,134.57000732421875,133.7019805908203
15-12-2020,135.00999450683594,136.77000427246094,1211900,138.22000122070312,137.94000244140625,137.05023193359375
16-12-2020,135.52999877929688,138.69000244140625,908800,139.99000549316406,135.77999877929688,134.90415954589844
17-12-2020,134.14999389648438,137.24000549316406,1127700,137.97000122070312,137.47999572753906,136.5931854248047
18-12-2020,137.0500030517578,137.5,2447400,139.2899932861328,138.89999389648438,138.0040283203125
21-12-2020,135.41000366210938,135.77999877929688,1180900,142.17999267578125,142.02000427246094,141.10391235351562
22-12-2020,142.64999389648438,143.44000244140625,1294200,147.99000549316406,146.27000427246094,145.32650756835938
23-12-2020,147.25999450683594,147.85000610351562,1718100,152.82000732421875,149.91000366210938,148.94300842285156
24-12-2020,148.2899932861328,149.89999389648438,487400,150.3699951171875,149.63999938964844,148.6747589111328
28-12-2020,149.60000610351562,151.38999938964844,1228600,153.47999572753906,149.72000122070312,148.75424194335938
29-12-2020,144.74000549316406,149.47999572753906,1112800,149.91000366210938,146.22000122070312,145.2768096923828
30-12-2020,147.75999450683594,148.1699981689453,1041100,151.6300048828125,149.2899932861328,148.32701110839844
31-12-2020,146.80999755859375,148.75999450683594,779200,149.3699951171875,147.52000427246094,146.56845092773438
04-01-2021,150.2899932861328,152.89999389648438,2898700,156.75999450683594,152.6300048828125,151.64547729492188
05-01-2021,152.6699981689453,152.6699981689453,2628000,166.77999877929688,162.92999267578125,161.8790283203125
06-01-2021,165.5,165.5,3335500,178.58999633789062,175.10000610351562,173.9705352783203
07-01-2021,180.5500030517578,183.47999572753906,2947800,187.25,184.0,182.81312561035156
08-01-2021,178.66000366210938,184.49000549316406,1659400,186.92999267578125,184.10000610351562,182.9124755859375
11-01-2021,173.4199981689453,178.8000030517578,2940000,180.0,177.2899932861328,176.1464080810547
12-01-2021,176.5,177.2899932861328,1655200,183.13999938964844,182.5,181.32278442382812
13-01-2021,178.00999450683594,182.89999389648438,1481400,182.99000549316406,179.9199981689453,178.7594451904297
14-01-2021,180.5,180.5,1037800,184.08999633789062,182.3699951171875,181.19363403320312
15-01-2021,177.74000549316406,180.0,1196600,183.77999877929688,180.13999938964844,178.97801208496094
19-01-2021,178.38999938964844,181.0,1520700,185.6300048828125,185.25,184.0550537109375
20-01-2021,179.3800048828125,187.50999450683594,1404400,188.35000610351562,180.19000244140625,179.02769470214844
21-01-2021,174.4199981689453,181.5,1321300,181.99000549316406,176.41000366210938,175.27207946777344
22-01-2021,171.1699981689453,173.24000549316406,2034500,174.8699951171875,173.7100067138672,172.58950805664062
25-01-2021,172.0800018310547,174.0,1372300,179.5,176.9199981689453,175.77879333496094
26-01-2021,172.6300048828125,177.82000732421875,1406100,178.8300018310547,175.3800048828125,174.2487335205078
27-01-2021,161.36000061035156,170.25999450683594,2907700,170.60000610351562,168.85000610351562,167.76084899902344
28-01-2021,163.8800048828125,170.6199951171875,1706500,171.14999389648438,166.3699951171875,165.29684448242188
29-01-2021,160.4199981689453,165.0800018310547,3133400,169.4600067138672,162.66000366210938,161.61077880859375
01-02-2021,163.30999755859375,165.77999877929688,1233900,167.89999389648438,166.3699951171875,165.29684448242188
02-02-2021,167.72000122070312,169.4499969482422,1177200,171.64999389648438,169.25,168.1582794189453
03-02-2021,160.41000366210938,166.5,2278800,171.1199951171875,161.8800048828125,160.8358154296875
04-02-2021,151.63999938964844,152.94000244140625,8388900,156.5,154.89999389648438,153.9008331298828
05-02-2021,154.33999633789062,157.0,4970300,159.10000610351562,157.1699981689453,156.15618896484375
08-02-2021,158.82000732421875,160.0,2523900,163.86000061035156,161.55999755859375,160.51788330078125
09-02-2021,155.80999755859375,160.36000061035156,1537600,161.27999877929688,158.69000244140625,157.66639709472656
10-02-2021,155.11000061035156,161.25999450683594,1485500,161.8000030517578,156.0500030517578,155.0434112548828
11-02-2021,154.52000427246094,156.08999633789062,1455000,160.4499969482422,159.85000610351562,158.81890869140625
12-02-2021,161.07000732421875,164.47000122070312,1590000,165.9499969482422,164.63999938964844,163.5780029296875
16-02-2021,161.6699981689453,170.5,1869300,171.35000610351562,162.1999969482422,161.1537322998047
17-02-2021,154.33999633789062,162.6300048828125,2300400,162.75999450683594,157.47000122070312,156.45423889160156
18-02-2021,140.72999572753906,150.47999572753906,4075000,151.25,141.4600067138672,140.5475311279297
19-02-2021,144.5,144.75999450683594,3729900,156.97999572753906,156.1699981689453,155.1626434326172
22-02-2021,153.60000610351562,154.13999938964844,2317400,159.8800048828125,156.49000549316406,155.4805908203125
23-02-2021,141.13999938964844,150.2100067138672,2314500,155.25999450683594,154.6199951171875,153.6226348876953
24-02-2021,152.7899932861328,155.0,1816500,162.1300048828125,160.89999389648438,159.86212158203125
25-02-2021,151.91000366210938,161.47999572753906,1326300,162.89999389648438,153.47999572753906,152.489990234375
26-02-2021,151.82000732421875,152.97999572753906,1718100,158.91000366210938,157.2100067138672,156.19593811035156
01-03-2021,151.5,160.0500030517578,2385400,161.27999877929688,152.9499969482422,151.96340942382812
02-03-2021,153.3699951171875,153.88999938964844,1321400,158.6300048828125,153.72000122070312,152.7284393310547
03-03-2021,146.72999572753906,153.91000366210938,1523100,154.69000244140625,147.0,146.05178833007812
04-03-2021,137.1199951171875,145.94000244140625,2915300,146.64999389648438,141.50999450683594,140.59719848632812
05-03-2021,133.82000732421875,144.27000427246094,1416700,144.5800018310547,143.8800048828125,142.95191955566406
08-03-2021,140.25,144.97000122070312,1322900,146.6999969482422,140.69000244140625,139.78248596191406
09-03-2021,142.3000030517578,143.9199981689453,1218900,148.3300018310547,145.77000427246094,144.82972717285156
10-03-2021,149.13999938964844,150.0,1937200,156.30999755859375,152.3000030517578,151.31759643554688
11-03-2021,154.24000549316406,156.3000030517578,1589700,162.0,161.27000427246094,160.64109802246094
12-03-2021,155.85000610351562,160.05999755859375,984800,161.92999267578125,157.27999877929688,156.66665649414062
15-03-2021,156.0800018310547,156.0800018310547,704300,159.74000549316406,158.8300018310547,158.2106170654297
16-03-2021,154.30999755859375,159.92999267578125,957600,159.92999267578125,155.36000061035156,154.754150390625
17-03-2021,151.5800018310547,153.27000427246094,1014400,156.83999633789062,155.91000366210938,155.302001953125
18-03-2021,152.41000366210938,155.47000122070312,1326800,158.5500030517578,152.52000427246094,151.92523193359375
19-03-2021,148.63999938964844,152.69000244140625,1670700,153.41000366210938,151.5,150.90919494628906
22-03-2021,148.75,151.60000610351562,740300,153.0,152.14999389648438,151.55665588378906
23-03-2021,145.42999267578125,150.82000732421875,765200,152.0399932861328,146.47000122070312,145.89881896972656
24-03-2021,146.55999755859375,148.02999877929688,1039800,151.10000610351562,146.6300048828125,146.05819702148438
25-03-2021,141.94000244140625,145.42999267578125,964200,149.3000030517578,148.92999267578125,148.34921264648438
26-03-2021,146.63999938964844,151.0,722500,151.0,150.39999389648438,149.81349182128906
29-03-2021,145.39999389648438,149.6199951171875,758800,149.6199951171875,146.41000366210938,145.83905029296875
30-03-2021,143.82000732421875,146.1999969482422,1348000,146.57000732421875,145.38999938964844,144.82302856445312
31-03-2021,145.6999969482422,147.1300048828125,1990000,148.47000122070312,146.11000061035156,145.5402069091797
01-04-2021,147.5399932861328,148.19000244140625,1126200,151.82000732421875,150.74000549316406,150.1521759033203
05-04-2021,149.0,153.47000122070312,776000,153.83999633789062,150.22000122070312,149.6342010498047
06-04-2021,149.0500030517578,149.50999450683594,888000,153.6999969482422,152.88999938964844,152.29379272460938
07-04-2021,143.25999450683594,152.58999633789062,1292200,152.88999938964844,143.6999969482422,143.13961791992188
08-04-2021,144.27000427246094,144.94000244140625,852600,146.85000610351562,146.1699981689453,145.59999084472656
09-04-2021,144.82000732421875,146.1999969482422,638900,147.5,147.32000732421875,146.74551391601562
12-04-2021,145.63999938964844,147.35000610351562,793000,148.3300018310547,147.7100067138672,147.1339874267578
13-04-2021,145.94000244140625,148.02999877929688,1061900,149.27000427246094,148.5800018310547,148.00057983398438
14-04-2021,148.22999572753906,148.72999572753906,1104600,154.47999572753906,152.92999267578125,152.3336181640625
15-04-2021,149.11000061035156,154.02999877929688,1036700,154.32000732421875,150.50999450683594,149.92306518554688
16-04-2021,150.89999389648438,151.83999633789062,727900,153.0,152.02999877929688,151.4371337890625
19-04-2021,154.7899932861328,155.44000244140625,1259300,159.75999450683594,157.5,156.88580322265625
20-04-2021,146.77999877929688,156.0500030517578,1072200,156.3300018310547,148.52000427246094,147.94082641601562
21-04-2021,146.52000427246094,147.86000061035156,690300,153.13999938964844,153.0500030517578,152.45315551757812
22-04-2021,153.6300048828125,156.0,1417900,159.8699951171875,155.8000030517578,155.1924285888672
23-04-2021,154.6699981689453,156.0500030517578,1576800,167.86000061035156,161.22999572753906,160.60125732421875
26-04-2021,162.0,162.75,1351300,171.9600067138672,170.57000732421875,169.90484619140625
27-04-2021,167.4600067138672,169.0,948800,171.60000610351562,169.75,169.08802795410156
28-04-2021,167.17999267578125,168.75,594000,170.64999389648438,169.39999389648438,168.73939514160156
29-04-2021,164.3699951171875,171.02999877929688,771700,171.8699951171875,167.6199951171875,166.96633911132812
30-04-2021,165.1999969482422,165.39999389648438,1372300,169.0500030517578,168.1699981689453,167.51419067382812
03-05-2021,165.47000122070312,169.50999450683594,652000,169.99000549316406,165.99000549316406,165.3426971435547
04-05-2021,158.5399932861328,163.50999450683594,949100,163.9199981689453,162.11000061035156,161.4778289794922
05-05-2021,163.58999633789062,165.97999572753906,991400,168.5800018310547,167.14999389648438,166.49815368652344
06-05-2021,150.0,157.74000549316406,2553600,159.1300048828125,152.85000610351562,152.2539520263672
07-05-2021,154.0,154.4600067138672,1115900,163.1300048828125,162.72000122070312,162.08544921875
10-05-2021,159.19000244140625,163.38999938964844,1127000,165.13999938964844,159.47999572753906,158.8580780029297
11-05-2021,153.67999267578125,155.64999389648438,600900,160.89999389648438,160.5,159.8740997314453
12-05-2021,154.08999633789062,158.5,1022300,159.5,154.60000610351562,153.9971160888672
13-05-2021,155.25,158.0500030517578,681900,160.72000122070312,157.69000244140625,157.07505798339844
14-05-2021,158.86000061035156,159.1300048828125,820200,164.99000549316406,163.80999755859375,163.1711883544922
17-05-2021,155.49000549316406,162.5,1032500,163.80999755859375,157.7899932861328,157.17465209960938
18-05-2021,156.9199981689453,158.9499969482422,904900,161.89999389648438,159.35000610351562,158.7285919189453
19-05-2021,152.5800018310547,155.0,735800,157.75,156.97999572753906,156.36782836914062
20-05-2021,154.44000244140625,156.66000366210938,721700,158.3000030517578,157.99000549316406,157.3739013671875
21-05-2021,158.85000610351562,159.44000244140625,1082800,162.27000427246094,159.5800018310547,158.9576873779297
24-05-2021,154.22999572753906,160.5500030517578,553500,160.8000030517578,159.58999633789062,158.9676513671875
25-05-2021,157.47999572753906,160.44000244140625,801200,161.77000427246094,158.02000427246094,157.40377807617188
26-05-2021,157.97999572753906,158.02000427246094,573900,162.24000549316406,162.1999969482422,161.56747436523438
27-05-2021,162.3699951171875,164.02000427246094,2357400,169.6999969482422,168.55999755859375,167.90267944335938
28-05-2021,165.22000122070312,168.49000549316406,749800,169.16000366210938,167.0800018310547,166.42845153808594
01-06-2021,169.5,170.0,1281300,173.7899932861328,171.42999267578125,170.761474609375
02-06-2021,168.74000549316406,171.0399932861328,649900,172.24000549316406,170.36000061035156,169.69564819335938
03-06-2021,165.77999877929688,168.9499969482422,537600,170.0,168.1699981689453,167.51419067382812
04-06-2021,168.89999389648438,169.05999755859375,634100,173.83999633789062,173.5399932861328,172.86325073242188
07-06-2021,168.52999877929688,174.0,758600,174.2100067138672,170.77999877929688,170.114013671875
08-06-2021,170.64999389648438,171.3000030517578,819800,177.5800018310547,176.00999450683594,175.32362365722656
09-06-2021,173.47000122070312,175.3699951171875,914300,176.07000732421875,174.3699951171875,173.69000244140625
10-06-2021,167.33999633789062,174.2899932861328,786300,174.2899932861328,167.77999877929688,167.50035095214844
11-06-2021,167.55999755859375,168.9199981689453,680800,170.38999938964844,170.17999267578125,169.89633178710938
14-06-2021,167.2100067138672,169.6300048828125,473600,170.38999938964844,168.33999633789062,168.0594024658203
15-06-2021,162.9499969482422,168.5,998100,168.72999572753906,166.02999877929688,165.75326538085938
16-06-2021,162.75999450683594,165.08999633789062,706100,166.41000366210938,165.27999877929688,165.0045166015625
17-06-2021,159.1699981689453,164.14999389648438,1231700,164.91000366210938,163.8699951171875,163.59686279296875
18-06-2021,157.82000732421875,160.4600067138672,1348200,162.64999389648438,157.97000122070312,157.70669555664062
21-06-2021,159.4499969482422,159.92999267578125,1026900,162.52000427246094,161.41000366210938,161.14096069335938
22-06-2021,158.9199981689453,161.39999389648438,803500,162.4199981689453,161.5800018310547,161.31068420410156
23-06-2021,162.67999267578125,162.67999267578125,701100,165.85000610351562,163.6699981689453,163.39720153808594
24-06-2021,163.00999450683594,166.2899932861328,840600,166.2899932861328,165.97000122070312,165.693359375
25-06-2021,166.10000610351562,167.94000244140625,1648700,169.86000061035156,166.77000427246094,166.49203491210938
28-06-2021,165.97000122070312,167.8300018310547,670700,170.9499969482422,169.0500030517578,168.7682342529297
29-06-2021,166.85000610351562,170.0,606000,170.52999877929688,167.5399932861328,167.2607421875
30-06-2021,166.3699951171875,166.66000366210938,589300,168.60000610351562,168.4600067138672,168.17921447753906
01-07-2021,169.3699951171875,170.0,677000,172.24000549316406,172.02999877929688,171.74325561523438
02-07-2021,169.88999938964844,172.13999938964844,501300,172.52000427246094,170.64999389648438,170.3655548095703
06-07-2021,166.57000732421875,171.0,665800,171.16000366210938,168.55999755859375,168.27903747558594
07-07-2021,166.7899932861328,168.0,741100,171.60000610351562,170.0399932861328,169.75657653808594
08-07-2021,163.1999969482422,165.69000244140625,731500,168.4499969482422,167.91000366210938,167.630126953125
09-07-2021,169.5,170.5,1314100,176.32000732421875,175.50999450683594,175.2174530029297
12-07-2021,176.00999450683594,176.7100067138672,3652500,192.77000427246094,187.49000549316406,187.17750549316406
13-07-2021,184.0500030517578,185.89999389648438,1098900,188.99000549316406,184.86000061035156,184.5518798828125
14-07-2021,181.33999633789062,185.5,1126600,190.52999877929688,182.52000427246094,182.21578979492188
15-07-2021,182.64999389648438,182.64999389648438,1478700,190.32000732421875,185.8300018310547,185.520263671875
16-07-2021,179.4600067138672,187.0,978100,188.94000244140625,180.66000366210938,180.35888671875
19-07-2021,170.24000549316406,174.1999969482422,1756500,179.64999389648438,178.0800018310547,177.78318786621094
20-07-2021,178.57000732421875,179.0,1268200,188.7100067138672,187.25,186.93789672851562
21-07-2021,189.22999572753906,194.0,1826100,198.3300018310547,190.22000122070312,189.90293884277344
22-07-2021,189.2899932861328,191.94000244140625,811300,194.3300018310547,192.75999450683594,192.43870544433594
23-07-2021,186.25,192.07000732421875,905500,193.67999267578125,190.35000610351562,190.03273010253906
26-07-2021,190.52000427246094,191.0,1038200,194.9199981689453,194.83999633789062,194.51524353027344
27-07-2021,184.9499969482422,191.57000732421875,1197000,191.99000549316406,188.99000549316406,188.6750030517578
28-07-2021,189.3800048828125,190.00999450683594,774900,195.5,194.5399932861328,194.2157440185547
29-07-2021,195.80999755859375,197.19000244140625,2550000,211.0,202.82000732421875,202.48194885253906
30-07-2021,201.50999450683594,202.82000732421875,1555700,207.58999633789062,206.0399932861328,205.69656372070312
02-08-2021,204.6300048828125,208.36000061035156,1109900,208.9600067138672,206.89999389648438,206.5551300048828
03-08-2021,201.5500030517578,204.7899932861328,1046900,207.80999755859375,206.97999572753906,206.635009765625
04-08-2021,206.07000732421875,209.10000610351562,1153700,212.0399932861328,206.83999633789062,206.4952392578125
05-08-2021,208.30999755859375,209.86000061035156,2505200,226.22000122070312,218.6199951171875,218.25559997558594
06-08-2021,215.02000427246094,221.0,1650700,227.38999938964844,226.7100067138672,226.33212280273438
09-08-2021,220.0800018310547,224.7100067138672,1425200,232.52999877929688,231.3800048828125,230.9943389892578
10-08-2021,232.3000030517578,232.3000030517578,1977900,242.00999450683594,239.02999877929688,238.631591796875
11-08-2021,227.74000549316406,240.0,1916300,242.07000732421875,235.99000549316406,235.59666442871094
12-08-2021,230.4199981689453,235.61000061035156,1089600,237.55999755859375,236.5399932861328,236.14573669433594
13-08-2021,233.14999389648438,237.9600067138672,849200,239.9600067138672,235.22000122070312,234.82794189453125
16-08-2021,221.35000610351562,232.4499969482422,2147800,232.4499969482422,225.89999389648438,225.52346801757812
17-08-2021,210.75999450683594,221.3800048828125,2133000,223.75,216.4499969482422,216.08921813964844
18-08-2021,215.14999389648438,217.30999755859375,946100,221.67999267578125,217.72999572753906,217.36708068847656
19-08-2021,210.52000427246094,211.10000610351562,1361800,217.07000732421875,213.35000610351562,212.99440002441406
20-08-2021,213.72999572753906,213.82000732421875,1116000,220.50999450683594,219.67999267578125,219.31382751464844
23-08-2021,222.57000732421875,225.1300048828125,1550100,230.24000549316406,227.94000244140625,227.56007385253906
24-08-2021,222.0500030517578,228.1300048828125,1208600,229.3000030517578,229.1999969482422,228.81796264648438
25-08-2021,227.5,229.5500030517578,1834600,240.5399932861328,234.1699981689453,233.77969360351562
26-08-2021,230.4499969482422,232.89999389648438,908400,236.39999389648438,230.6999969482422,230.3154754638672
27-08-2021,232.69000244140625,232.69000244140625,985000,237.85000610351562,236.64999389648438,236.25555419921875
30-08-2021,236.8800048828125,240.7100067138672,1119600,244.42999267578125,236.97999572753906,236.5850067138672
31-08-2021,230.5800018310547,237.00999450683594,833100,237.10000610351562,236.74000549316406,236.3454132080078
01-09-2021,233.66000366210938,236.74000549316406,924000,241.3000030517578,239.1999969482422,238.80130004882812
02-09-2021,240.0,240.0,1092800,248.7100067138672,244.02999877929688,243.62326049804688
03-09-2021,239.66000366210938,243.4600067138672,860500,245.5399932861328,241.86000061035156,241.45687866210938
07-09-2021,238.13999938964844,241.0,1042300,241.8699951171875,238.77999877929688,238.3820037841797
08-09-2021,235.33999633789062,243.75,1203200,243.75,239.27999877929688,238.88116455078125
09-09-2021,237.72999572753906,238.0,1172100,247.92999267578125,243.41000366210938,243.00428771972656
10-09-2021,240.97000122070312,249.83999633789062,1533700,253.10000610351562,241.1699981689453,240.7680206298828
13-09-2021,222.4499969482422,242.92999267578125,2522900,243.25,229.1300048828125,228.7480926513672
14-09-2021,228.74000549316406,232.1999969482422,1322400,235.0,230.47000122070312,230.0858612060547
15-09-2021,230.41000366210938,230.55999755859375,1469300,236.60000610351562,233.97999572753906,233.58999633789062
16-09-2021,225.35000610351562,232.3000030517578,1323100,232.55999755859375,231.25,231.25
17-09-2021,223.75,228.44000244140625,2097300,230.0,226.85000610351562,226.85000610351562
20-09-2021,210.24000549316406,216.64999389648438,2246600,218.0,215.47999572753906,215.47999572753906
21-09-2021,213.52999877929688,218.63999938964844,1008900,220.35000610351562,216.49000549316406,216.49000549316406
22-09-2021,217.02000427246094,219.6999969482422,904500,226.63999938964844,223.27999877929688,223.27999877929688
23-09-2021,226.88999938964844,226.88999938964844,1055100,232.24000549316406,229.14999389648438,229.14999389648438
24-09-2021,224.72000122070312,227.88999938964844,704200,229.6699981689453,226.39999389648438,226.39999389648438
27-09-2021,220.02999877929688,225.99000549316406,843700,226.67999267578125,222.25,222.25
28-09-2021,215.05999755859375,219.00999450683594,984200,219.94000244140625,216.4499969482422,216.4499969482422
29-09-2021,216.39999389648438,218.80999755859375,740400,220.9199981689453,218.97000122070312,218.97000122070312
30-09-2021,218.83999633789062,223.63999938964844,1019700,228.85000610351562,218.97000122070312,218.97000122070312
01-10-2021,210.49000549316406,219.47000122070312,1116200,221.6300048828125,218.88999938964844,218.88999938964844
04-10-2021,212.61000061035156,219.0,1015800,220.0500030517578,215.2100067138672,215.2100067138672
05-10-2021,215.14999389648438,217.02000427246094,1049600,223.82000732421875,222.38999938964844,222.38999938964844
06-10-2021,214.55999755859375,220.0,1005800,222.77000427246094,222.3699951171875,222.3699951171875
07-10-2021,221.89999389648438,226.0,641000,226.94000244140625,222.3000030517578,222.3000030517578
08-10-2021,213.55999755859375,221.97999572753906,1260600,222.75999450683594,215.05999755859375,215.05999755859375
11-10-2021,213.89999389648438,215.10000610351562,743100,219.17999267578125,214.16000366210938,214.16000366210938
12-10-2021,214.8699951171875,217.9600067138672,707300,218.9499969482422,216.8699951171875,216.8699951171875
13-10-2021,217.89999389648438,218.5,1016400,226.22000122070312,223.66000366210938,223.66000366210938
14-10-2021,225.0399932861328,225.0500030517578,1127900,232.3800048828125,231.3300018310547,231.3300018310547
15-10-2021,228.6199951171875,233.58999633789062,906700,234.5399932861328,228.77000427246094,228.77000427246094
18-10-2021,227.5399932861328,227.83999633789062,1223100,237.8699951171875,236.91000366210938,236.91000366210938
19-10-2021,233.07000732421875,243.77000427246094,1069900,244.36000061035156,235.9499969482422,235.9499969482422
20-10-2021,232.6300048828125,238.38999938964844,911700,238.99000549316406,235.1699981689453,235.1699981689453
21-10-2021,230.39999389648438,233.9199981689453,656500,235.8000030517578,234.16000366210938,234.16000366210938
22-10-2021,230.92999267578125,235.47999572753906,761800,237.69000244140625,231.50999450683594,231.50999450683594
25-10-2021,232.13999938964844,234.89999389648438,1600500,243.0,239.44000244140625,239.44000244140625
26-10-2021,234.0,239.44000244140625,1121200,242.14999389648438,236.16000366210938,236.16000366210938
27-10-2021,230.6300048828125,236.6999969482422,1140400,238.63999938964844,231.75,231.75
28-10-2021,232.75,233.25999450683594,1569900,246.2100067138672,246.2100067138672,246.2100067138672
29-10-2021,236.08999633789062,239.75,4260400,251.8000030517578,250.47000122070312,250.47000122070312
01-11-2021,249.58999633789062,256.0,1638100,259.17999267578125,255.8699951171875,255.8699951171875
02-11-2021,251.5500030517578,256.0,1631500,260.989990234375,260.0199890136719,260.0199890136719
03-11-2021,255.49000549316406,258.489990234375,1172500,263.5,261.95001220703125,261.95001220703125
04-11-2021,264.04998779296875,273.7699890136719,1841800,276.0,272.6600036621094,272.6600036621094
05-11-2021,267.4800109863281,273.7900085449219,990800,274.989990234375,272.510009765625,272.510009765625
08-11-2021,272.6199951171875,275.79998779296875,1234600,279.95001220703125,278.5199890136719,278.5199890136719
09-11-2021,271.07000732421875,280.0,1051000,282.8699951171875,274.57000732421875,274.57000732421875
10-11-2021,263.57000732421875,269.8900146484375,1331100,274.0799865722656,265.75,265.75
11-11-2021,263.9599914550781,266.57000732421875,785700,273.3800048828125,272.30999755859375,272.30999755859375
12-11-2021,270.1000061035156,272.489990234375,767700,276.6199951171875,276.3999938964844,276.3999938964844
15-11-2021,265.32000732421875,275.8299865722656,946100,276.5299987792969,271.2900085449219,271.2900085449219
16-11-2021,267.0299987792969,269.55999755859375,674400,273.489990234375,272.4700012207031,272.4700012207031
17-11-2021,270.25,273.20001220703125,603300,275.8999938964844,273.3900146484375,273.3900146484375
18-11-2021,269.5899963378906,277.0,823400,278.239990234375,274.6600036621094,274.6600036621094
19-11-2021,272.8800048828125,274.04998779296875,1028800,282.54998779296875,281.42999267578125,281.42999267578125
22-11-2021,281.1000061035156,287.260009765625,2346100,291.4800109863281,283.79998779296875,283.79998779296875
23-11-2021,271.0400085449219,282.0,1329500,286.489990234375,275.1600036621094,275.1600036621094
24-11-2021,267.1099853515625,272.2799987792969,974400,275.0,274.4800109863281,274.4800109863281
26-11-2021,262.8399963378906,265.0,884300,269.67999267578125,266.8500061035156,266.8500061035156
29-11-2021,268.510009765625,271.2900085449219,378615,272.95001220703125,271.3699951171875,271.3699951171875
