Date,Low,Open,Volume,High,Close,Adjusted Close
17-07-2001,2160.0,2200.0,3042,2450.0,2402.0,2402.0
18-07-2001,2380.0,2416.0,1474,2610.0,2570.0,2570.0
19-07-2001,2532.0,2590.0,464,2702.0,2614.0,2614.0
20-07-2001,2560.0,2610.0,487,2780.0,2666.0,2666.0
23-07-2001,2656.0,2680.0,306,2800.0,2784.0,2784.0
24-07-2001,2590.0,2760.0,1120,2760.0,2622.0,2622.0
25-07-2001,2634.0,2644.0,357,2796.0,2720.0,2720.0
26-07-2001,2710.0,2722.0,374,2774.0,2720.0,2720.0
27-07-2001,2624.0,2736.0,250,2736.0,2650.0,2650.0
30-07-2001,2548.0,2616.0,728,2658.0,2604.0,2604.0
31-07-2001,2546.0,2604.0,888,2742.0,2690.0,2690.0
01-08-2001,2730.0,2740.0,1560,2940.0,2800.0,2800.0
02-08-2001,2790.0,2858.0,552,2950.0,2920.0,2920.0
03-08-2001,2800.0,2948.0,869,3178.0,2996.0,2996.0
06-08-2001,2798.0,2970.0,188,2982.0,2850.0,2850.0
07-08-2001,2690.0,2850.0,175,2858.0,2776.0,2776.0
08-08-2001,2712.0,2800.0,169,2830.0,2752.0,2752.0
09-08-2001,2540.0,2702.0,400,2732.0,2620.0,2620.0
10-08-2001,2540.0,2620.0,97,2640.0,2640.0,2640.0
13-08-2001,2552.0,2552.0,163,2856.0,2856.0,2856.0
14-08-2001,2820.0,2820.0,169,2908.0,2880.0,2880.0
15-08-2001,2760.0,2850.0,146,2860.0,2760.0,2760.0
16-08-2001,2750.0,2760.0,68,2850.0,2850.0,2850.0
17-08-2001,2792.0,2860.0,123,2860.0,2812.0,2812.0
20-08-2001,2770.0,2782.0,68,2800.0,2800.0,2800.0
21-08-2001,2750.0,2760.0,93,2848.0,2800.0,2800.0
22-08-2001,2750.0,2800.0,99,2800.0,2790.0,2790.0
23-08-2001,2760.0,2790.0,78,2800.0,2780.0,2780.0
24-08-2001,2776.0,2808.0,286,2810.0,2784.0,2784.0
27-08-2001,2630.0,2784.0,186,2810.0,2676.0,2676.0
28-08-2001,2510.0,2650.0,361,2810.0,2720.0,2720.0
29-08-2001,2716.0,2720.0,125,2740.0,2724.0,2724.0
30-08-2001,2730.0,2732.0,257,2820.0,2800.0,2800.0
31-08-2001,2780.0,2804.0,279,2826.0,2808.0,2808.0
04-09-2001,2790.0,2838.0,159,2840.0,2790.0,2790.0
05-09-2001,2726.0,2770.0,371,2770.0,2740.0,2740.0
06-09-2001,2530.0,2670.0,179,2670.0,2546.0,2546.0
07-09-2001,2270.0,2540.0,170,2546.0,2270.0,2270.0
10-09-2001,2140.0,2338.0,99,2338.0,2222.0,2222.0
17-09-2001,1810.0,2194.0,154,2194.0,2020.0,2020.0
18-09-2001,1850.0,1850.0,180,1960.0,1960.0,1960.0
19-09-2001,1870.0,1978.0,475,1978.0,1950.0,1950.0
20-09-2001,1908.0,1934.0,1040,2020.0,1980.0,1980.0
21-09-2001,1830.0,1930.0,686,1934.0,1870.0,1870.0
24-09-2001,1900.0,1900.0,338,1970.0,1942.0,1942.0
25-09-2001,1836.0,1932.0,909,1942.0,1850.0,1850.0
26-09-2001,1500.0,1838.0,987,1838.0,1528.0,1528.0
27-09-2001,1382.0,1474.0,1271,1744.0,1714.0,1714.0
28-09-2001,1690.0,1736.0,1052,1800.0,1746.0,1746.0
01-10-2001,1610.0,1740.0,691,1746.0,1620.0,1620.0
02-10-2001,1514.0,1612.0,2621,1620.0,1560.0,1560.0
03-10-2001,1508.0,1540.0,1288,1662.0,1638.0,1638.0
04-10-2001,1690.0,1700.0,944,1860.0,1800.0,1800.0
05-10-2001,1780.0,1848.0,471,1874.0,1860.0,1860.0
08-10-2001,1850.0,1850.0,365,1918.0,1910.0,1910.0
09-10-2001,1904.0,1904.0,674,2092.0,2042.0,2042.0
10-10-2001,2020.0,2074.0,585,2158.0,2158.0,2158.0
11-10-2001,2158.0,2160.0,360,2248.0,2190.0,2190.0
12-10-2001,2046.0,2238.0,404,2248.0,2152.0,2152.0
15-10-2001,2104.0,2106.0,1039,2390.0,2390.0,2390.0
16-10-2001,2330.0,2354.0,901,2492.0,2470.0,2470.0
17-10-2001,2444.0,2504.0,494,2546.0,2500.0,2500.0
18-10-2001,2452.0,2470.0,311,2570.0,2502.0,2502.0
19-10-2001,2244.0,2470.0,3893,2474.0,2340.0,2340.0
22-10-2001,2322.0,2390.0,451,2510.0,2436.0,2436.0
23-10-2001,2382.0,2382.0,2246,2440.0,2440.0,2440.0
24-10-2001,2342.0,2404.0,812,2416.0,2400.0,2400.0
25-10-2001,2312.0,2380.0,1444,2400.0,2380.0,2380.0
26-10-2001,2322.0,2322.0,493,2400.0,2394.0,2394.0
29-10-2001,2220.0,2370.0,599,2392.0,2308.0,2308.0
30-10-2001,2144.0,2262.0,1015,2280.0,2210.0,2210.0
31-10-2001,2180.0,2270.0,1343,2286.0,2188.0,2188.0
01-11-2001,2170.0,2190.0,1470,2598.0,2428.0,2428.0
02-11-2001,2398.0,2404.0,1088,2570.0,2520.0,2520.0
05-11-2001,2442.0,2536.0,1528,2660.0,2642.0,2642.0
06-11-2001,2560.0,2606.0,3054,3224.0,3224.0,3224.0
07-11-2001,3040.0,3098.0,721,3190.0,3040.0,3040.0
08-11-2001,2920.0,3080.0,1551,3196.0,3014.0,3014.0
09-11-2001,2970.0,2970.0,252,3100.0,3000.0,3000.0
12-11-2001,2666.0,3020.0,816,3020.0,2776.0,2776.0
13-11-2001,2800.0,2866.0,1245,3000.0,3000.0,3000.0
14-11-2001,2910.0,2930.0,1073,3004.0,2980.0,2980.0
15-11-2001,2740.0,2950.0,46149,2988.0,2900.0,2900.0
16-11-2001,2842.0,2900.0,4029,3384.0,3380.0,3380.0
19-11-2001,3276.0,3422.0,2902,3470.0,3392.0,3392.0
20-11-2001,3002.0,3294.0,1510,3376.0,3070.0,3070.0
21-11-2001,3042.0,3060.0,1086,3140.0,3060.0,3060.0
23-11-2001,3008.0,3042.0,277,3144.0,3038.0,3038.0
26-11-2001,3198.0,3204.0,5553,3780.0,3780.0,3780.0
27-11-2001,3520.0,3688.0,5454,3700.0,3610.0,3610.0
28-11-2001,3414.0,3636.0,776,3732.0,3698.0,3698.0
29-11-2001,3576.0,3690.0,2218,4000.0,4000.0,4000.0
30-11-2001,3778.0,3980.0,1945,4000.0,3796.0,3796.0
03-12-2001,3658.0,3838.0,887,3882.0,3870.0,3870.0
04-12-2001,3800.0,3840.0,4554,4226.0,4072.0,4072.0
05-12-2001,4070.0,4114.0,4315,4210.0,4176.0,4176.0
06-12-2001,3900.0,3980.0,2791,4248.0,4050.0,4050.0
07-12-2001,3910.0,4050.0,1347,4148.0,4022.0,4022.0
10-12-2001,3910.0,3920.0,1120,4024.0,4010.0,4010.0
11-12-2001,3936.0,4010.0,1404,4010.0,3984.0,3984.0
12-12-2001,3850.0,3978.0,1570,4000.0,3882.0,3882.0
13-12-2001,3316.0,3862.0,3165,3878.0,3668.0,3668.0
14-12-2001,3400.0,3642.0,2354,3664.0,3518.0,3518.0
17-12-2001,3450.0,3488.0,2000,3770.0,3592.0,3592.0
18-12-2001,3364.0,3402.0,1565,3548.0,3390.0,3390.0
19-12-2001,3280.0,3360.0,1817,3428.0,3290.0,3290.0
20-12-2001,3256.0,3310.0,7281,3370.0,3354.0,3354.0
21-12-2001,3248.0,3398.0,6204,3460.0,3396.0,3396.0
24-12-2001,3358.0,3420.0,631,3420.0,3400.0,3400.0
26-12-2001,3380.0,3390.0,3460,3660.0,3650.0,3650.0
27-12-2001,3670.0,3676.0,4507,4240.0,4138.0,4138.0
28-12-2001,4000.0,4098.0,1747,4210.0,4160.0,4160.0
31-12-2001,4052.0,4196.0,1191,4198.0,4120.0,4120.0
02-01-2002,3760.0,4032.0,2009,4042.0,3898.0,3898.0
03-01-2002,3896.0,3910.0,3786,4358.0,4270.0,4270.0
04-01-2002,3830.0,4348.0,2864,4554.0,4142.0,4142.0
07-01-2002,3810.0,4142.0,2034,4182.0,4000.0,4000.0
08-01-2002,3720.0,3976.0,1831,4210.0,4174.0,4174.0
09-01-2002,3900.0,4110.0,796,4110.0,3916.0,3916.0
10-01-2002,3782.0,3910.0,2840,4166.0,4128.0,4128.0
11-01-2002,4022.0,4130.0,2097,4358.0,4226.0,4226.0
14-01-2002,3742.0,4100.0,1302,4138.0,3966.0,3966.0
15-01-2002,3600.0,3950.0,1570,4000.0,3630.0,3630.0
16-01-2002,3040.0,3606.0,6501,3616.0,3210.0,3210.0
17-01-2002,3102.0,3312.0,2140,3358.0,3250.0,3250.0
18-01-2002,3100.0,3200.0,1847,3258.0,3178.0,3178.0
22-01-2002,3050.0,3200.0,2453,3240.0,3138.0,3138.0
23-01-2002,3134.0,3156.0,1181,3306.0,3240.0,3240.0
24-01-2002,3120.0,3270.0,1436,3412.0,3134.0,3134.0
25-01-2002,3118.0,3242.0,2155,3330.0,3220.0,3220.0
28-01-2002,3148.0,3318.0,1391,3320.0,3160.0,3160.0
29-01-2002,3000.0,3166.0,1193,3202.0,3000.0,3000.0
30-01-2002,2850.0,3022.0,6135,3030.0,3014.0,3014.0
31-01-2002,2680.0,3018.0,2307,3032.0,2730.0,2730.0
01-02-2002,2700.0,2740.0,3582,3100.0,3038.0,3038.0
04-02-2002,2860.0,3066.0,1129,3066.0,2948.0,2948.0
05-02-2002,2908.0,2932.0,655,2954.0,2910.0,2910.0
06-02-2002,2850.0,2910.0,1064,2930.0,2850.0,2850.0
07-02-2002,2714.0,2866.0,1506,2868.0,2740.0,2740.0
08-02-2002,2612.0,2770.0,1065,2800.0,2770.0,2770.0
11-02-2002,2710.0,2784.0,1756,2830.0,2728.0,2728.0
12-02-2002,2660.0,2700.0,970,2760.0,2700.0,2700.0
13-02-2002,2690.0,2720.0,984,2806.0,2762.0,2762.0
14-02-2002,2650.0,2766.0,444,2780.0,2712.0,2712.0
15-02-2002,2540.0,2720.0,1100,2758.0,2590.0,2590.0
19-02-2002,2500.0,2582.0,2338,2620.0,2558.0,2558.0
20-02-2002,2438.0,2536.0,1621,2560.0,2452.0,2452.0
21-02-2002,2432.0,2432.0,3024,2552.0,2512.0,2512.0
22-02-2002,2434.0,2508.0,1015,2534.0,2480.0,2480.0
25-02-2002,2470.0,2482.0,1337,2544.0,2500.0,2500.0
26-02-2002,2504.0,2506.0,1949,2604.0,2584.0,2584.0
27-02-2002,2616.0,2624.0,1782,2706.0,2700.0,2700.0
28-02-2002,2690.0,2708.0,981,2762.0,2762.0,2762.0
01-03-2002,2700.0,2756.0,1380,3000.0,3000.0,3000.0
04-03-2002,2990.0,3008.0,3274,3400.0,3400.0,3400.0
05-03-2002,3256.0,3298.0,1590,3580.0,3436.0,3436.0
06-03-2002,3092.0,3374.0,899,3510.0,3250.0,3250.0
07-03-2002,3200.0,3240.0,1353,3340.0,3260.0,3260.0
08-03-2002,3290.0,3348.0,1292,3400.0,3300.0,3300.0
11-03-2002,3226.0,3302.0,2059,3360.0,3330.0,3330.0
12-03-2002,3190.0,3300.0,539,3300.0,3190.0,3190.0
13-03-2002,3090.0,3186.0,1430,3200.0,3100.0,3100.0
14-03-2002,2890.0,3090.0,1799,3110.0,2940.0,2940.0
15-03-2002,2900.0,2960.0,1080,2976.0,2932.0,2932.0
18-03-2002,2840.0,2932.0,907,2932.0,2892.0,2892.0
19-03-2002,2880.0,2892.0,571,2910.0,2886.0,2886.0
20-03-2002,2832.0,2880.0,867,2890.0,2852.0,2852.0
21-03-2002,2778.0,2842.0,1699,2850.0,2800.0,2800.0
22-03-2002,2598.0,2770.0,8447,2800.0,2688.0,2688.0
25-03-2002,2652.0,2660.0,860,2740.0,2696.0,2696.0
26-03-2002,2500.0,2696.0,2420,2740.0,2568.0,2568.0
27-03-2002,2242.0,2550.0,4719,2620.0,2350.0,2350.0
28-03-2002,2008.0,2388.0,10164,2438.0,2300.0,2300.0
01-04-2002,2250.0,2250.0,1219,2430.0,2400.0,2400.0
02-04-2002,2158.0,2398.0,786,2410.0,2300.0,2300.0
03-04-2002,2190.0,2322.0,712,2350.0,2244.0,2244.0
04-04-2002,2200.0,2246.0,1794,2310.0,2296.0,2296.0
05-04-2002,2220.0,2260.0,370,2310.0,2250.0,2250.0
08-04-2002,2160.0,2232.0,1344,2258.0,2210.0,2210.0
09-04-2002,2178.0,2230.0,1209,2230.0,2206.0,2206.0
10-04-2002,2190.0,2200.0,1762,2314.0,2314.0,2314.0
11-04-2002,2260.0,2316.0,618,2350.0,2312.0,2312.0
12-04-2002,2298.0,2330.0,554,2450.0,2392.0,2392.0
15-04-2002,2368.0,2392.0,635,2430.0,2400.0,2400.0
16-04-2002,2430.0,2442.0,1131,2790.0,2702.0,2702.0
17-04-2002,2696.0,2800.0,609,2890.0,2882.0,2882.0
18-04-2002,2836.0,2900.0,757,2974.0,2890.0,2890.0
19-04-2002,2640.0,2884.0,2285,2932.0,2680.0,2680.0
22-04-2002,2512.0,2664.0,618,2708.0,2650.0,2650.0
23-04-2002,2612.0,2620.0,182,2652.0,2622.0,2622.0
24-04-2002,2510.0,2612.0,637,2740.0,2582.0,2582.0
25-04-2002,2544.0,2584.0,236,2644.0,2610.0,2610.0
26-04-2002,2564.0,2612.0,383,2650.0,2564.0,2564.0
29-04-2002,2564.0,2590.0,565,2720.0,2648.0,2648.0
30-04-2002,2640.0,2678.0,487,2680.0,2660.0,2660.0
01-05-2002,2628.0,2652.0,259,2680.0,2634.0,2634.0
02-05-2002,2580.0,2662.0,1133,2708.0,2602.0,2602.0
03-05-2002,2550.0,2582.0,1199,2614.0,2550.0,2550.0
06-05-2002,2544.0,2556.0,373,2670.0,2598.0,2598.0
07-05-2002,2550.0,2590.0,480,2616.0,2596.0,2596.0
08-05-2002,2582.0,2582.0,1019,2824.0,2750.0,2750.0
09-05-2002,2610.0,2748.0,329,2760.0,2640.0,2640.0
10-05-2002,2642.0,2642.0,497,2740.0,2714.0,2714.0
13-05-2002,2730.0,2744.0,618,2900.0,2836.0,2836.0
14-05-2002,2800.0,2858.0,948,2890.0,2870.0,2870.0
15-05-2002,2798.0,2828.0,1461,2960.0,2910.0,2910.0
16-05-2002,2856.0,2910.0,539,2930.0,2930.0,2930.0
17-05-2002,2852.0,2930.0,674,3010.0,2866.0,2866.0
20-05-2002,2698.0,2870.0,444,2916.0,2898.0,2898.0
21-05-2002,2730.0,2878.0,606,3000.0,2840.0,2840.0
22-05-2002,2804.0,2846.0,312,2846.0,2828.0,2828.0
23-05-2002,2776.0,2828.0,348,2908.0,2902.0,2902.0
24-05-2002,2800.0,2892.0,289,2892.0,2850.0,2850.0
28-05-2002,2652.0,2800.0,654,2832.0,2738.0,2738.0
29-05-2002,2740.0,2740.0,1147,2884.0,2744.0,2744.0
30-05-2002,2702.0,2770.0,579,2770.0,2728.0,2728.0
31-05-2002,2700.0,2706.0,351,2812.0,2714.0,2714.0
03-06-2002,2638.0,2714.0,808,2738.0,2638.0,2638.0
04-06-2002,2530.0,2630.0,1065,2632.0,2580.0,2580.0
05-06-2002,2492.0,2564.0,611,2598.0,2520.0,2520.0
06-06-2002,2470.0,2488.0,617,2510.0,2478.0,2478.0
07-06-2002,2288.0,2450.0,2229,2460.0,2288.0,2288.0
10-06-2002,2316.0,2342.0,1192,2380.0,2316.0,2316.0
11-06-2002,2082.0,2312.0,1112,2312.0,2210.0,2210.0
12-06-2002,2136.0,2210.0,358,2210.0,2178.0,2178.0
13-06-2002,2102.0,2182.0,673,2184.0,2138.0,2138.0
14-06-2002,1930.0,2124.0,861,2190.0,2130.0,2130.0
17-06-2002,2138.0,2170.0,643,2210.0,2152.0,2152.0
18-06-2002,2122.0,2144.0,953,2220.0,2138.0,2138.0
19-06-2002,2118.0,2198.0,389,2200.0,2150.0,2150.0
20-06-2002,1834.0,2130.0,1502,2150.0,1848.0,1848.0
21-06-2002,1750.0,1882.0,1423,1956.0,1806.0,1806.0
24-06-2002,1652.0,1812.0,732,1816.0,1710.0,1710.0
25-06-2002,1710.0,1710.0,628,1902.0,1886.0,1886.0
26-06-2002,1852.0,1858.0,1421,2290.0,2280.0,2280.0
27-06-2002,2160.0,2280.0,2083,2300.0,2280.0,2280.0
28-06-2002,1950.0,2252.0,5859,2260.0,2202.0,2202.0
01-07-2002,1972.0,2190.0,938,2190.0,1988.0,1988.0
02-07-2002,1836.0,1984.0,593,1984.0,1836.0,1836.0
03-07-2002,1792.0,1834.0,676,2004.0,1952.0,1952.0
05-07-2002,1954.0,1954.0,135,2148.0,2112.0,2112.0
08-07-2002,2020.0,2080.0,556,2080.0,2036.0,2036.0
09-07-2002,1906.0,2020.0,727,2028.0,1918.0,1918.0
10-07-2002,1840.0,1904.0,677,1940.0,1850.0,1850.0
11-07-2002,1740.0,1854.0,527,1854.0,1768.0,1768.0
12-07-2002,1780.0,1798.0,495,1872.0,1872.0,1872.0
15-07-2002,1870.0,1870.0,673,1944.0,1938.0,1938.0
16-07-2002,1874.0,1944.0,509,1972.0,1930.0,1930.0
17-07-2002,1750.0,1940.0,564,1946.0,1926.0,1926.0
18-07-2002,1540.0,1912.0,1683,1946.0,1594.0,1594.0
19-07-2002,1560.0,1598.0,1018,1870.0,1720.0,1720.0
22-07-2002,1720.0,1758.0,565,1898.0,1878.0,1878.0
23-07-2002,1818.0,1898.0,483,1900.0,1900.0,1900.0
24-07-2002,1804.0,1818.0,1049,1976.0,1940.0,1940.0
25-07-2002,1832.0,1900.0,769,1938.0,1920.0,1920.0
26-07-2002,1840.0,1950.0,446,1950.0,1930.0,1930.0
29-07-2002,1876.0,1928.0,468,1960.0,1944.0,1944.0
30-07-2002,1938.0,1944.0,410,1974.0,1968.0,1968.0
31-07-2002,1910.0,1968.0,332,2000.0,1910.0,1910.0
01-08-2002,1752.0,1894.0,699,2000.0,1936.0,1936.0
02-08-2002,1710.0,1916.0,442,1916.0,1788.0,1788.0
05-08-2002,1720.0,1722.0,168,1802.0,1720.0,1720.0
06-08-2002,1720.0,1732.0,187,1820.0,1804.0,1804.0
07-08-2002,1798.0,1798.0,775,1960.0,1892.0,1892.0
08-08-2002,1762.0,1900.0,471,1910.0,1850.0,1850.0
09-08-2002,1800.0,1850.0,437,1966.0,1900.0,1900.0
12-08-2002,1820.0,1900.0,318,1954.0,1884.0,1884.0
13-08-2002,1848.0,1862.0,242,2000.0,1890.0,1890.0
14-08-2002,1682.0,1890.0,717,1890.0,1700.0,1700.0
15-08-2002,1442.0,1708.0,944,1720.0,1552.0,1552.0
16-08-2002,1388.0,1554.0,1627,1570.0,1480.0,1480.0
19-08-2002,1442.0,1480.0,870,1488.0,1470.0,1470.0
20-08-2002,1388.0,1470.0,828,1500.0,1436.0,1436.0
21-08-2002,1450.0,1450.0,1871,1636.0,1616.0,1616.0
22-08-2002,1618.0,1638.0,1027,1800.0,1748.0,1748.0
23-08-2002,1730.0,1732.0,1065,1766.0,1750.0,1750.0
26-08-2002,1734.0,1734.0,555,1818.0,1800.0,1800.0
27-08-2002,1786.0,1800.0,207,1828.0,1800.0,1800.0
28-08-2002,1742.0,1800.0,547,1818.0,1744.0,1744.0
29-08-2002,1744.0,1784.0,215,1838.0,1802.0,1802.0
30-08-2002,1780.0,1806.0,352,1814.0,1798.0,1798.0
03-09-2002,1740.0,1774.0,482,1818.0,1818.0,1818.0
04-09-2002,1780.0,1792.0,433,1850.0,1842.0,1842.0
05-09-2002,1780.0,1780.0,215,1840.0,1824.0,1824.0
06-09-2002,1840.0,1852.0,786,1938.0,1920.0,1920.0
09-09-2002,1886.0,1918.0,203,1932.0,1912.0,1912.0
10-09-2002,1902.0,1904.0,160,2000.0,1998.0,1998.0
11-09-2002,1916.0,2000.0,305,2032.0,2022.0,2022.0
12-09-2002,1936.0,2000.0,224,2006.0,1958.0,1958.0
13-09-2002,1940.0,1958.0,438,2060.0,2034.0,2034.0
16-09-2002,1960.0,2030.0,184,2030.0,1970.0,1970.0
17-09-2002,1942.0,2006.0,142,2020.0,1988.0,1988.0
18-09-2002,1950.0,1972.0,258,1978.0,1964.0,1964.0
19-09-2002,1880.0,1950.0,227,2032.0,2000.0,2000.0
20-09-2002,1910.0,2000.0,819,2028.0,1950.0,1950.0
23-09-2002,1732.0,1942.0,363,1942.0,1762.0,1762.0
24-09-2002,1710.0,1740.0,309,1918.0,1838.0,1838.0
25-09-2002,1830.0,1836.0,348,2028.0,2008.0,2008.0
26-09-2002,1972.0,2000.0,388,2012.0,2012.0,2012.0
27-09-2002,1996.0,2008.0,322,2100.0,2006.0,2006.0
30-09-2002,1966.0,1998.0,520,2084.0,2000.0,2000.0
01-10-2002,1610.0,1998.0,1501,1998.0,1672.0,1672.0
02-10-2002,1450.0,1690.0,1076,1700.0,1450.0,1450.0
03-10-2002,1398.0,1400.0,360,1476.0,1466.0,1466.0
04-10-2002,1452.0,1452.0,604,1574.0,1564.0,1564.0
07-10-2002,1560.0,1572.0,262,1620.0,1600.0,1600.0
08-10-2002,1600.0,1600.0,254,1700.0,1664.0,1664.0
09-10-2002,1514.0,1646.0,297,1652.0,1514.0,1514.0
10-10-2002,1482.0,1504.0,303,1728.0,1728.0,1728.0
11-10-2002,1642.0,1700.0,251,1778.0,1772.0,1772.0
14-10-2002,1744.0,1772.0,558,1832.0,1784.0,1784.0
15-10-2002,1806.0,1806.0,915,2000.0,1876.0,1876.0
16-10-2002,1782.0,1872.0,355,1900.0,1786.0,1786.0
17-10-2002,1612.0,1790.0,742,1794.0,1716.0,1716.0
18-10-2002,1688.0,1716.0,2195,1960.0,1950.0,1950.0
21-10-2002,1850.0,1912.0,535,2072.0,1974.0,1974.0
22-10-2002,1880.0,1960.0,399,1960.0,1906.0,1906.0
23-10-2002,1880.0,1894.0,580,2180.0,2100.0,2100.0
24-10-2002,2030.0,2120.0,532,2182.0,2054.0,2054.0
25-10-2002,1946.0,2072.0,752,2074.0,2010.0,2010.0
28-10-2002,2010.0,2010.0,812,2170.0,2138.0,2138.0
29-10-2002,2020.0,2140.0,282,2140.0,2052.0,2052.0
30-10-2002,1994.0,2052.0,575,2062.0,2002.0,2002.0
31-10-2002,1902.0,2010.0,228,2010.0,1904.0,1904.0
01-11-2002,1904.0,1904.0,735,2150.0,2142.0,2142.0
04-11-2002,2150.0,2150.0,1779,2454.0,2298.0,2298.0
05-11-2002,2250.0,2300.0,1135,2400.0,2288.0,2288.0
06-11-2002,2256.0,2300.0,327,2310.0,2266.0,2266.0
07-11-2002,2018.0,2260.0,631,2260.0,2086.0,2086.0
08-11-2002,2040.0,2084.0,490,2100.0,2098.0,2098.0
11-11-2002,2056.0,2096.0,383,2120.0,2080.0,2080.0
12-11-2002,2072.0,2080.0,898,2146.0,2120.0,2120.0
13-11-2002,2060.0,2074.0,413,2120.0,2076.0,2076.0
14-11-2002,2076.0,2080.0,488,2218.0,2214.0,2214.0
15-11-2002,2210.0,2220.0,377,2264.0,2222.0,2222.0
18-11-2002,2236.0,2236.0,1131,2416.0,2402.0,2402.0
19-11-2002,2380.0,2412.0,883,2414.0,2400.0,2400.0
20-11-2002,2382.0,2396.0,1759,2640.0,2550.0,2550.0
21-11-2002,2556.0,2556.0,1804,2802.0,2740.0,2740.0
22-11-2002,2624.0,2678.0,756,2680.0,2658.0,2658.0
25-11-2002,2550.0,2638.0,1195,2848.0,2834.0,2834.0
26-11-2002,2760.0,2838.0,1041,2900.0,2868.0,2868.0
27-11-2002,2870.0,2882.0,1094,2964.0,2960.0,2960.0
29-11-2002,2942.0,2968.0,564,2978.0,2966.0,2966.0
02-12-2002,2898.0,2972.0,2057,3076.0,2904.0,2904.0
03-12-2002,2610.0,2898.0,690,2898.0,2768.0,2768.0
04-12-2002,2580.0,2740.0,1297,2742.0,2662.0,2662.0
05-12-2002,2604.0,2690.0,600,2700.0,2652.0,2652.0
06-12-2002,2582.0,2582.0,420,2758.0,2752.0,2752.0
09-12-2002,2450.0,2712.0,1446,2712.0,2546.0,2546.0
10-12-2002,2560.0,2560.0,1496,2672.0,2660.0,2660.0
11-12-2002,2578.0,2616.0,473,2630.0,2594.0,2594.0
12-12-2002,2550.0,2604.0,463,2604.0,2560.0,2560.0
13-12-2002,2470.0,2524.0,1089,2570.0,2474.0,2474.0
16-12-2002,2464.0,2484.0,560,2620.0,2606.0,2606.0
17-12-2002,2580.0,2580.0,756,2720.0,2712.0,2712.0
18-12-2002,2582.0,2660.0,556,2700.0,2632.0,2632.0
19-12-2002,2484.0,2624.0,1127,2672.0,2622.0,2622.0
20-12-2002,2578.0,2648.0,419,2730.0,2698.0,2698.0
23-12-2002,2660.0,2720.0,501,2766.0,2670.0,2670.0
24-12-2002,2610.0,2678.0,153,2686.0,2612.0,2612.0
26-12-2002,2620.0,2620.0,631,2674.0,2666.0,2666.0
27-12-2002,2636.0,2636.0,462,2726.0,2640.0,2640.0
30-12-2002,2340.0,2638.0,1035,2682.0,2392.0,2392.0
31-12-2002,2392.0,2400.0,1036,2594.0,2416.0,2416.0
02-01-2003,2328.0,2438.0,1050,2464.0,2394.0,2394.0
03-01-2003,2232.0,2386.0,1128,2386.0,2374.0,2374.0
06-01-2003,2290.0,2348.0,1066,2400.0,2340.0,2340.0
07-01-2003,2340.0,2340.0,1377,2470.0,2402.0,2402.0
08-01-2003,2312.0,2410.0,510,2410.0,2312.0,2312.0
09-01-2003,2318.0,2318.0,542,2470.0,2442.0,2442.0
10-01-2003,2400.0,2430.0,412,2460.0,2450.0,2450.0
13-01-2003,2368.0,2472.0,745,2484.0,2382.0,2382.0
14-01-2003,2394.0,2406.0,392,2424.0,2424.0,2424.0
15-01-2003,2364.0,2406.0,1309,2506.0,2496.0,2496.0
16-01-2003,2400.0,2488.0,1616,2528.0,2402.0,2402.0
17-01-2003,2350.0,2370.0,493,2398.0,2350.0,2350.0
21-01-2003,2234.0,2370.0,278,2370.0,2268.0,2268.0
22-01-2003,2142.0,2262.0,412,2262.0,2174.0,2174.0
23-01-2003,2058.0,2190.0,1174,2192.0,2070.0,2070.0
24-01-2003,1562.0,1894.0,7196,1920.0,1600.0,1600.0
27-01-2003,1600.0,1606.0,1589,1716.0,1662.0,1662.0
28-01-2003,1650.0,1664.0,884,1724.0,1680.0,1680.0
29-01-2003,1644.0,1658.0,327,1794.0,1788.0,1788.0
30-01-2003,1650.0,1772.0,907,1814.0,1654.0,1654.0
31-01-2003,1568.0,1654.0,765,1694.0,1672.0,1672.0
03-02-2003,1600.0,1678.0,1113,1678.0,1608.0,1608.0
04-02-2003,1598.0,1620.0,1015,1662.0,1600.0,1600.0
05-02-2003,1574.0,1610.0,777,1616.0,1576.0,1576.0
06-02-2003,1542.0,1568.0,705,1610.0,1594.0,1594.0
07-02-2003,1450.0,1562.0,1154,1580.0,1484.0,1484.0
10-02-2003,1484.0,1492.0,499,1542.0,1508.0,1508.0
11-02-2003,1456.0,1502.0,503,1540.0,1468.0,1468.0
12-02-2003,1440.0,1470.0,581,1500.0,1450.0,1450.0
13-02-2003,1282.0,1440.0,1951,1468.0,1300.0,1300.0
14-02-2003,1314.0,1314.0,1264,1384.0,1354.0,1354.0
18-02-2003,1364.0,1388.0,987,1408.0,1368.0,1368.0
19-02-2003,1272.0,1388.0,1585,1412.0,1292.0,1292.0
20-02-2003,1192.0,1352.0,1423,1352.0,1222.0,1222.0
21-02-2003,1070.0,1216.0,1757,1248.0,1228.0,1228.0
24-02-2003,1222.0,1260.0,1094,1270.0,1236.0,1236.0
25-02-2003,1140.0,1220.0,1836,1220.0,1174.0,1174.0
26-02-2003,1168.0,1198.0,392,1200.0,1168.0,1168.0
27-02-2003,1170.0,1170.0,1172,1218.0,1200.0,1200.0
28-02-2003,1156.0,1200.0,920,1208.0,1192.0,1192.0
03-03-2003,1190.0,1200.0,2241,1262.0,1240.0,1240.0
04-03-2003,1258.0,1264.0,1381,1304.0,1260.0,1260.0
05-03-2003,1266.0,1286.0,975,1304.0,1290.0,1290.0
06-03-2003,1290.0,1294.0,1536,1330.0,1330.0,1330.0
07-03-2003,1290.0,1300.0,814,1332.0,1290.0,1290.0
10-03-2003,1286.0,1292.0,657,1324.0,1300.0,1300.0
11-03-2003,1290.0,1298.0,794,1340.0,1310.0,1310.0
12-03-2003,1270.0,1318.0,591,1328.0,1320.0,1320.0
13-03-2003,1296.0,1324.0,816,1440.0,1438.0,1438.0
14-03-2003,1422.0,1440.0,1523,1536.0,1520.0,1520.0
17-03-2003,1496.0,1504.0,2463,1620.0,1596.0,1596.0
18-03-2003,1600.0,1600.0,3635,1902.0,1890.0,1890.0
19-03-2003,1730.0,1886.0,1506,1888.0,1784.0,1784.0
20-03-2003,1660.0,1760.0,457,1800.0,1772.0,1772.0
21-03-2003,1656.0,1800.0,1156,1800.0,1680.0,1680.0
24-03-2003,1564.0,1658.0,483,1680.0,1586.0,1586.0
25-03-2003,1548.0,1580.0,1105,1596.0,1582.0,1582.0
26-03-2003,1580.0,1608.0,708,1626.0,1590.0,1590.0
27-03-2003,1418.0,1580.0,1936,1580.0,1454.0,1454.0
28-03-2003,1422.0,1486.0,502,1486.0,1422.0,1422.0
31-03-2003,1380.0,1420.0,1058,1420.0,1408.0,1408.0
01-04-2003,1380.0,1420.0,836,1428.0,1394.0,1394.0
02-04-2003,1440.0,1454.0,825,1498.0,1486.0,1486.0
03-04-2003,1414.0,1500.0,985,1500.0,1428.0,1428.0
04-04-2003,1332.0,1446.0,1482,1462.0,1410.0,1410.0
07-04-2003,1320.0,1432.0,2736,1470.0,1324.0,1324.0
08-04-2003,1244.0,1324.0,2225,1340.0,1250.0,1250.0
09-04-2003,1242.0,1278.0,377,1278.0,1250.0,1250.0
10-04-2003,1200.0,1248.0,607,1270.0,1216.0,1216.0
11-04-2003,1200.0,1238.0,1918,1260.0,1240.0,1240.0
14-04-2003,1212.0,1248.0,2048,1248.0,1230.0,1230.0
15-04-2003,1220.0,1240.0,1944,1330.0,1292.0,1292.0
16-04-2003,1308.0,1316.0,2053,1394.0,1378.0,1378.0
17-04-2003,1366.0,1406.0,995,1460.0,1374.0,1374.0
21-04-2003,1150.0,1260.0,6974,1260.0,1160.0,1160.0
22-04-2003,1140.0,1178.0,4916,1194.0,1164.0,1164.0
23-04-2003,1160.0,1166.0,1698,1212.0,1202.0,1202.0
24-04-2003,1200.0,1212.0,1235,1212.0,1204.0,1204.0
25-04-2003,1176.0,1210.0,2042,1212.0,1184.0,1184.0
28-04-2003,1172.0,1188.0,815,1212.0,1212.0,1212.0
29-04-2003,1176.0,1176.0,792,1220.0,1210.0,1210.0
30-04-2003,1190.0,1212.0,676,1212.0,1196.0,1196.0
01-05-2003,1186.0,1196.0,1784,1286.0,1286.0,1286.0
02-05-2003,1294.0,1308.0,1689,1340.0,1330.0,1330.0
05-05-2003,1322.0,1328.0,1664,1420.0,1408.0,1408.0
06-05-2003,1394.0,1418.0,1294,1462.0,1440.0,1440.0
07-05-2003,1400.0,1412.0,1425,1450.0,1418.0,1418.0
08-05-2003,1404.0,1408.0,988,1438.0,1416.0,1416.0
09-05-2003,1400.0,1420.0,9470,1556.0,1500.0,1500.0
12-05-2003,1500.0,1514.0,2645,1610.0,1606.0,1606.0
13-05-2003,1582.0,1600.0,2184,1632.0,1618.0,1618.0
14-05-2003,1580.0,1610.0,825,1624.0,1590.0,1590.0
15-05-2003,1598.0,1640.0,999,1650.0,1628.0,1628.0
16-05-2003,1588.0,1618.0,672,1630.0,1598.0,1598.0
19-05-2003,1512.0,1582.0,971,1620.0,1552.0,1552.0
20-05-2003,1462.0,1512.0,530,1544.0,1498.0,1498.0
21-05-2003,1440.0,1480.0,458,1500.0,1484.0,1484.0
22-05-2003,1480.0,1480.0,741,1590.0,1550.0,1550.0
23-05-2003,1540.0,1550.0,614,1614.0,1600.0,1600.0
27-05-2003,1584.0,1602.0,969,1640.0,1640.0,1640.0
28-05-2003,1596.0,1640.0,363,1656.0,1608.0,1608.0
29-05-2003,1604.0,1604.0,2214,1726.0,1678.0,1678.0
30-05-2003,1636.0,1700.0,1969,1726.0,1652.0,1652.0
02-06-2003,1596.0,1632.0,1753,1646.0,1626.0,1626.0
03-06-2003,1584.0,1612.0,3594,1632.0,1610.0,1610.0
04-06-2003,1608.0,1610.0,2123,1730.0,1694.0,1694.0
05-06-2003,1660.0,1698.0,1755,1794.0,1784.0,1784.0
06-06-2003,1682.0,1790.0,1607,1880.0,1692.0,1692.0
09-06-2003,1610.0,1682.0,613,1692.0,1640.0,1640.0
10-06-2003,1632.0,1642.0,803,1680.0,1674.0,1674.0
11-06-2003,1636.0,1660.0,984,1674.0,1640.0,1640.0
12-06-2003,1638.0,1638.0,851,1714.0,1660.0,1660.0
13-06-2003,1602.0,1680.0,844,1680.0,1624.0,1624.0
16-06-2003,1634.0,1648.0,666,1710.0,1704.0,1704.0
17-06-2003,1654.0,1704.0,639,1730.0,1710.0,1710.0
18-06-2003,1676.0,1710.0,1033,1762.0,1758.0,1758.0
19-06-2003,1762.0,1762.0,1524,1880.0,1804.0,1804.0
20-06-2003,1780.0,1816.0,428,1840.0,1810.0,1810.0
23-06-2003,1688.0,1800.0,934,1820.0,1724.0,1724.0
24-06-2003,1710.0,1736.0,901,1798.0,1774.0,1774.0
25-06-2003,1752.0,1782.0,1088,1814.0,1812.0,1812.0
26-06-2003,1770.0,1816.0,949,1828.0,1826.0,1826.0
27-06-2003,1808.0,1812.0,713,1860.0,1820.0,1820.0
30-06-2003,1810.0,1810.0,2029,1880.0,1830.0,1830.0
01-07-2003,1800.0,1828.0,1289,1850.0,1848.0,1848.0
02-07-2003,1830.0,1830.0,1051,1910.0,1880.0,1880.0
03-07-2003,1832.0,1848.0,347,1944.0,1894.0,1894.0
07-07-2003,1894.0,1894.0,2528,2094.0,2092.0,2092.0
08-07-2003,2100.0,2104.0,2435,2388.0,2324.0,2324.0
09-07-2003,2320.0,2358.0,4722,2448.0,2340.0,2340.0
10-07-2003,2248.0,2346.0,834,2348.0,2320.0,2320.0
11-07-2003,2310.0,2336.0,1399,2512.0,2510.0,2510.0
14-07-2003,2460.0,2514.0,1560,2624.0,2500.0,2500.0
15-07-2003,2482.0,2528.0,1685,2610.0,2500.0,2500.0
16-07-2003,2190.0,2400.0,3755,2408.0,2228.0,2228.0
17-07-2003,2026.0,2200.0,2395,2220.0,2036.0,2036.0
18-07-2003,1620.0,1892.0,8547,1960.0,1882.0,1882.0
21-07-2003,1734.0,1824.0,1321,1856.0,1782.0,1782.0
22-07-2003,1698.0,1700.0,912,1852.0,1836.0,1836.0
23-07-2003,1760.0,1760.0,1185,1976.0,1972.0,1972.0
24-07-2003,1946.0,1946.0,1512,2050.0,2020.0,2020.0
25-07-2003,1990.0,2000.0,1291,2020.0,2000.0,2000.0
28-07-2003,1992.0,2000.0,756,2020.0,2006.0,2006.0
29-07-2003,1970.0,1980.0,789,2018.0,2004.0,2004.0
30-07-2003,1980.0,1980.0,932,2012.0,2002.0,2002.0
31-07-2003,1980.0,1980.0,913,2040.0,2016.0,2016.0
01-08-2003,1976.0,2000.0,688,2054.0,2020.0,2020.0
04-08-2003,1818.0,2008.0,998,2010.0,1880.0,1880.0
05-08-2003,1750.0,1858.0,612,1860.0,1776.0,1776.0
06-08-2003,1728.0,1756.0,422,1796.0,1780.0,1780.0
07-08-2003,1732.0,1760.0,561,1820.0,1820.0,1820.0
08-08-2003,1794.0,1800.0,414,1830.0,1818.0,1818.0
11-08-2003,1710.0,1798.0,1272,1854.0,1846.0,1846.0
12-08-2003,1808.0,1834.0,754,1882.0,1870.0,1870.0
13-08-2003,1852.0,1894.0,966,1894.0,1894.0,1894.0
14-08-2003,1870.0,1880.0,2461,2140.0,2106.0,2106.0
15-08-2003,1962.0,2110.0,498,2114.0,2000.0,2000.0
18-08-2003,1948.0,1980.0,872,2090.0,2088.0,2088.0
19-08-2003,2020.0,2078.0,1219,2108.0,2098.0,2098.0
20-08-2003,1994.0,2058.0,940,2060.0,2020.0,2020.0
21-08-2003,2030.0,2032.0,362,2106.0,2100.0,2100.0
22-08-2003,2014.0,2074.0,302,2112.0,2024.0,2024.0
25-08-2003,1950.0,2010.0,294,2030.0,2012.0,2012.0
26-08-2003,1990.0,2004.0,410,2120.0,2120.0,2120.0
27-08-2003,2060.0,2112.0,774,2120.0,2090.0,2090.0
28-08-2003,2022.0,2100.0,530,2102.0,2060.0,2060.0
29-08-2003,1984.0,1984.0,347,2062.0,2002.0,2002.0
02-09-2003,1960.0,2000.0,880,2012.0,1962.0,1962.0
03-09-2003,1938.0,1956.0,930,2010.0,2010.0,2010.0
04-09-2003,2000.0,2010.0,756,2068.0,2008.0,2008.0
05-09-2003,2002.0,2030.0,545,2090.0,2032.0,2032.0
08-09-2003,1950.0,2028.0,914,2100.0,2060.0,2060.0
09-09-2003,2052.0,2064.0,712,2102.0,2102.0,2102.0
10-09-2003,2010.0,2070.0,519,2096.0,2048.0,2048.0
11-09-2003,2036.0,2076.0,427,2076.0,2060.0,2060.0
12-09-2003,1926.0,2048.0,843,2054.0,1970.0,1970.0
15-09-2003,1912.0,1970.0,459,1990.0,1936.0,1936.0
16-09-2003,1928.0,1940.0,621,1992.0,1966.0,1966.0
17-09-2003,1952.0,1974.0,348,1992.0,1970.0,1970.0
18-09-2003,1952.0,1964.0,349,1986.0,1964.0,1964.0
19-09-2003,1940.0,1964.0,470,1980.0,1942.0,1942.0
22-09-2003,1900.0,1942.0,242,1956.0,1900.0,1900.0
23-09-2003,1904.0,1904.0,327,1990.0,1984.0,1984.0
24-09-2003,1870.0,1944.0,239,1978.0,1876.0,1876.0
25-09-2003,1782.0,1914.0,1128,1914.0,1786.0,1786.0
26-09-2003,1676.0,1786.0,831,1786.0,1682.0,1682.0
29-09-2003,1662.0,1672.0,471,1718.0,1690.0,1690.0
30-09-2003,1636.0,1682.0,524,1728.0,1684.0,1684.0
01-10-2003,1684.0,1698.0,242,1728.0,1726.0,1726.0
02-10-2003,1700.0,1716.0,460,1752.0,1716.0,1716.0
03-10-2003,1726.0,1726.0,1407,1784.0,1782.0,1782.0
06-10-2003,1734.0,1782.0,795,1782.0,1742.0,1742.0
07-10-2003,1730.0,1734.0,1493,1766.0,1730.0,1730.0
08-10-2003,1668.0,1728.0,1757,1728.0,1668.0,1668.0
09-10-2003,1622.0,1664.0,2830,1696.0,1640.0,1640.0
10-10-2003,1476.0,1526.0,3683,1700.0,1680.0,1680.0
13-10-2003,1698.0,1702.0,1153,1758.0,1742.0,1742.0
14-10-2003,1720.0,1740.0,931,1762.0,1750.0,1750.0
15-10-2003,1736.0,1750.0,945,1782.0,1750.0,1750.0
16-10-2003,1734.0,1742.0,793,1786.0,1764.0,1764.0
17-10-2003,1722.0,1754.0,1091,1798.0,1758.0,1758.0
20-10-2003,1730.0,1732.0,430,1788.0,1788.0,1788.0
21-10-2003,1740.0,1798.0,519,1810.0,1770.0,1770.0
22-10-2003,1702.0,1768.0,916,1768.0,1716.0,1716.0
23-10-2003,1638.0,1720.0,1775,1720.0,1642.0,1642.0
24-10-2003,1630.0,1654.0,790,1670.0,1670.0,1670.0
27-10-2003,1590.0,1658.0,1685,1714.0,1590.0,1590.0
28-10-2003,1558.0,1592.0,1489,1654.0,1652.0,1652.0
29-10-2003,1616.0,1638.0,517,1670.0,1662.0,1662.0
30-10-2003,1616.0,1670.0,448,1670.0,1650.0,1650.0
31-10-2003,1592.0,1654.0,438,1654.0,1630.0,1630.0
03-11-2003,1572.0,1610.0,1454,1672.0,1612.0,1612.0
04-11-2003,1468.0,1580.0,5814,1610.0,1470.0,1470.0
05-11-2003,1420.0,1498.0,3637,1498.0,1422.0,1422.0
06-11-2003,1380.0,1442.0,3421,1482.0,1444.0,1444.0
07-11-2003,1440.0,1440.0,2766,1528.0,1496.0,1496.0
10-11-2003,1484.0,1560.0,2063,1570.0,1502.0,1502.0
11-11-2003,1484.0,1526.0,1249,1526.0,1500.0,1500.0
12-11-2003,1498.0,1498.0,2321,1632.0,1630.0,1630.0
13-11-2003,1548.0,1636.0,2579,1636.0,1570.0,1570.0
14-11-2003,1500.0,1594.0,1396,1596.0,1536.0,1536.0
17-11-2003,1500.0,1510.0,1159,1556.0,1528.0,1528.0
18-11-2003,1472.0,1536.0,995,1570.0,1550.0,1550.0
19-11-2003,1514.0,1514.0,1052,1570.0,1534.0,1534.0
20-11-2003,1494.0,1558.0,789,1568.0,1510.0,1510.0
21-11-2003,1430.0,1498.0,1062,1532.0,1458.0,1458.0
24-11-2003,1428.0,1452.0,1014,1536.0,1500.0,1500.0
25-11-2003,1450.0,1498.0,579,1524.0,1500.0,1500.0
26-11-2003,1480.0,1502.0,509,1512.0,1502.0,1502.0
28-11-2003,1486.0,1498.0,131,1522.0,1492.0,1492.0
01-12-2003,1486.0,1500.0,744,1520.0,1502.0,1502.0
02-12-2003,1512.0,1512.0,1686,1582.0,1560.0,1560.0
03-12-2003,1456.0,1560.0,1175,1588.0,1462.0,1462.0
04-12-2003,1412.0,1450.0,735,1510.0,1448.0,1448.0
05-12-2003,1416.0,1436.0,575,1486.0,1430.0,1430.0
08-12-2003,1400.0,1426.0,644,1480.0,1400.0,1400.0
09-12-2003,1362.0,1402.0,1098,1436.0,1362.0,1362.0
10-12-2003,1328.0,1360.0,959,1382.0,1330.0,1330.0
11-12-2003,1330.0,1350.0,1213,1428.0,1406.0,1406.0
12-12-2003,1352.0,1406.0,1113,1442.0,1400.0,1400.0
15-12-2003,1334.0,1430.0,1229,1440.0,1342.0,1342.0
16-12-2003,1334.0,1350.0,1249,1412.0,1408.0,1408.0
17-12-2003,1396.0,1412.0,1653,1534.0,1532.0,1532.0
18-12-2003,1544.0,1544.0,3231,1704.0,1696.0,1696.0
19-12-2003,1610.0,1706.0,857,1728.0,1678.0,1678.0
22-12-2003,1544.0,1680.0,1359,1680.0,1610.0,1610.0
23-12-2003,1590.0,1590.0,783,1660.0,1652.0,1652.0
24-12-2003,1592.0,1648.0,282,1670.0,1598.0,1598.0
26-12-2003,1518.0,1598.0,365,1600.0,1588.0,1588.0
29-12-2003,1530.0,1530.0,841,1670.0,1670.0,1670.0
30-12-2003,1640.0,1640.0,1592,1780.0,1780.0,1780.0
31-12-2003,1690.0,1764.0,1004,1782.0,1714.0,1714.0
02-01-2004,1656.0,1716.0,960,1812.0,1694.0,1694.0
05-01-2004,1706.0,1706.0,1357,1840.0,1820.0,1820.0
06-01-2004,1810.0,1810.0,863,1870.0,1830.0,1830.0
07-01-2004,1732.0,1820.0,1199,1850.0,1802.0,1802.0
08-01-2004,1784.0,1810.0,834,1840.0,1818.0,1818.0
09-01-2004,1754.0,1816.0,1098,1818.0,1760.0,1760.0
12-01-2004,1720.0,1768.0,832,1772.0,1760.0,1760.0
13-01-2004,1760.0,1768.0,1266,1854.0,1854.0,1854.0
14-01-2004,1848.0,1854.0,991,1938.0,1906.0,1906.0
15-01-2004,1788.0,1900.0,945,1900.0,1808.0,1808.0
16-01-2004,1792.0,1822.0,606,1890.0,1866.0,1866.0
20-01-2004,1762.0,1864.0,1231,1896.0,1772.0,1772.0
21-01-2004,1730.0,1772.0,1262,1812.0,1812.0,1812.0
22-01-2004,1712.0,1788.0,1133,1810.0,1718.0,1718.0
23-01-2004,1380.0,1418.0,12173,1644.0,1626.0,1626.0
26-01-2004,1574.0,1610.0,2252,1614.0,1598.0,1598.0
27-01-2004,1546.0,1576.0,1476,1600.0,1590.0,1590.0
28-01-2004,1558.0,1588.0,1806,1604.0,1588.0,1588.0
29-01-2004,1520.0,1560.0,1631,1600.0,1538.0,1538.0
30-01-2004,1540.0,1546.0,1902,1600.0,1592.0,1592.0
02-02-2004,1570.0,1574.0,1809,1608.0,1604.0,1604.0
03-02-2004,1568.0,1600.0,2387,1600.0,1586.0,1586.0
04-02-2004,1514.0,1582.0,1773,1584.0,1522.0,1522.0
05-02-2004,1502.0,1530.0,1628,1530.0,1508.0,1508.0
06-02-2004,1502.0,1506.0,1208,1600.0,1568.0,1568.0
09-02-2004,1510.0,1586.0,623,1586.0,1522.0,1522.0
10-02-2004,1530.0,1544.0,641,1546.0,1538.0,1538.0
11-02-2004,1510.0,1550.0,1021,1560.0,1528.0,1528.0
12-02-2004,1492.0,1522.0,1384,1550.0,1530.0,1530.0
13-02-2004,1504.0,1520.0,1007,1526.0,1526.0,1526.0
17-02-2004,1504.0,1520.0,651,1534.0,1520.0,1520.0
18-02-2004,1500.0,1510.0,584,1516.0,1506.0,1506.0
19-02-2004,1500.0,1500.0,591,1524.0,1510.0,1510.0
20-02-2004,1480.0,1502.0,1045,1514.0,1500.0,1500.0
23-02-2004,1400.0,1538.0,3521,1540.0,1400.0,1400.0
24-02-2004,2490.0,2554.0,94386,2616.0,2594.0,2594.0
25-02-2004,2582.0,2588.0,16919,2624.0,2618.0,2618.0
26-02-2004,2616.0,2616.0,7167,2628.0,2624.0,2624.0
27-02-2004,2614.0,2614.0,5974,2630.0,2626.0,2626.0
01-03-2004,2624.0,2630.0,4111,2630.0,2624.0,2624.0
02-03-2004,2626.0,2626.0,5388,2630.0,2626.0,2626.0
03-03-2004,2624.0,2624.0,2961,2632.0,2626.0,2626.0
04-03-2004,2626.0,2626.0,2766,2652.0,2644.0,2644.0
05-03-2004,2630.0,2632.0,4359,2640.0,2634.0,2634.0
08-03-2004,2624.0,2634.0,2207,2646.0,2630.0,2630.0
09-03-2004,2628.0,2630.0,3067,2640.0,2640.0,2640.0
10-03-2004,2626.0,2628.0,1650,2640.0,2630.0,2630.0
11-03-2004,2620.0,2630.0,4008,2640.0,2620.0,2620.0
12-03-2004,2626.0,2626.0,3079,2634.0,2630.0,2630.0
15-03-2004,2628.0,2628.0,937,2634.0,2630.0,2630.0
16-03-2004,2630.0,2636.0,1831,2636.0,2636.0,2636.0
17-03-2004,2630.0,2636.0,6634,2646.0,2636.0,2636.0
18-03-2004,2626.0,2638.0,6500,2644.0,2634.0,2634.0
19-03-2004,2630.0,2646.0,4201,2650.0,2640.0,2640.0
22-03-2004,2670.0,2674.0,8026,2678.0,2674.0,2674.0
23-03-2004,2674.0,2678.0,2677,2680.0,2674.0,2674.0
24-03-2004,2672.0,2676.0,4604,2678.0,2674.0,2674.0
25-03-2004,2674.0,2676.0,4068,2678.0,2676.0,2676.0
26-03-2004,2670.0,2676.0,3625,2678.0,2672.0,2672.0
29-03-2004,2674.0,2676.0,2033,2680.0,2676.0,2676.0
30-03-2004,2674.0,2674.0,2327,2678.0,2676.0,2676.0
31-03-2004,2674.0,2674.0,2565,2678.0,2678.0,2678.0
01-04-2004,2674.0,2676.0,2892,2680.0,2678.0,2678.0
02-04-2004,2672.0,2676.0,6465,2680.0,2674.0,2674.0
05-04-2004,2532.0,2672.0,7727,2690.0,2598.0,2598.0
06-04-2004,2322.0,2576.0,15135,2580.0,2500.0,2500.0
07-04-2004,2468.0,2512.0,3080,2520.0,2498.0,2498.0
08-04-2004,2396.0,2500.0,4633,2504.0,2408.0,2408.0
12-04-2004,2376.0,2420.0,3240,2456.0,2414.0,2414.0
13-04-2004,2360.0,2428.0,6385,2470.0,2404.0,2404.0
14-04-2004,2390.0,2432.0,5456,2460.0,2410.0,2410.0
15-04-2004,2400.0,2400.0,4244,2450.0,2438.0,2438.0
16-04-2004,2372.0,2372.0,6080,2468.0,2446.0,2446.0
19-04-2004,1380.0,1416.0,75345,1564.0,1546.0,1546.0
20-04-2004,1420.0,1528.0,12547,1530.0,1492.0,1492.0
21-04-2004,1470.0,1500.0,5663,1520.0,1490.0,1490.0
22-04-2004,1456.0,1490.0,5718,1516.0,1490.0,1490.0
23-04-2004,1444.0,1506.0,4781,1510.0,1486.0,1486.0
26-04-2004,1494.0,1518.0,10234,1572.0,1560.0,1560.0
27-04-2004,1518.0,1554.0,5350,1566.0,1550.0,1550.0
28-04-2004,1500.0,1530.0,3225,1558.0,1540.0,1540.0
29-04-2004,1492.0,1532.0,4101,1574.0,1520.0,1520.0
30-04-2004,1492.0,1528.0,9884,1542.0,1504.0,1504.0
03-05-2004,1412.0,1520.0,6746,1520.0,1440.0,1440.0
04-05-2004,1404.0,1440.0,2785,1450.0,1420.0,1420.0
05-05-2004,1380.0,1414.0,3234,1418.0,1398.0,1398.0
06-05-2004,1294.0,1390.0,7757,1396.0,1324.0,1324.0
07-05-2004,1340.0,1378.0,7864,1476.0,1354.0,1354.0
10-05-2004,1326.0,1356.0,2723,1398.0,1350.0,1350.0
11-05-2004,1326.0,1368.0,1933,1406.0,1362.0,1362.0
12-05-2004,1318.0,1364.0,2683,1366.0,1328.0,1328.0
13-05-2004,1304.0,1330.0,1440,1350.0,1312.0,1312.0
14-05-2004,1290.0,1334.0,5721,1340.0,1330.0,1330.0
17-05-2004,1302.0,1316.0,827,1340.0,1340.0,1340.0
18-05-2004,1330.0,1348.0,1259,1390.0,1388.0,1388.0
19-05-2004,1362.0,1388.0,1306,1390.0,1362.0,1362.0
20-05-2004,1346.0,1368.0,554,1374.0,1362.0,1362.0
21-05-2004,1350.0,1384.0,463,1384.0,1358.0,1358.0
24-05-2004,1360.0,1362.0,815,1396.0,1384.0,1384.0
25-05-2004,1360.0,1386.0,772,1396.0,1394.0,1394.0
26-05-2004,1376.0,1376.0,757,1420.0,1404.0,1404.0
27-05-2004,1362.0,1398.0,565,1400.0,1388.0,1388.0
28-05-2004,1378.0,1392.0,356,1416.0,1396.0,1396.0
01-06-2004,1388.0,1400.0,917,1406.0,1398.0,1398.0
02-06-2004,1396.0,1396.0,664,1430.0,1400.0,1400.0
03-06-2004,1394.0,1400.0,974,1420.0,1402.0,1402.0
04-06-2004,1396.0,1430.0,1121,1430.0,1402.0,1402.0
07-06-2004,1400.0,1400.0,1062,1418.0,1408.0,1408.0
08-06-2004,1400.0,1400.0,687,1420.0,1418.0,1418.0
09-06-2004,1404.0,1420.0,571,1420.0,1410.0,1410.0
10-06-2004,1400.0,1410.0,870,1426.0,1414.0,1414.0
14-06-2004,1400.0,1420.0,1004,1428.0,1412.0,1412.0
15-06-2004,1414.0,1414.0,891,1432.0,1430.0,1430.0
16-06-2004,1410.0,1440.0,1429,1440.0,1430.0,1430.0
17-06-2004,1406.0,1440.0,1155,1440.0,1432.0,1432.0
18-06-2004,1398.0,1430.0,1409,1440.0,1422.0,1422.0
21-06-2004,1396.0,1420.0,831,1422.0,1410.0,1410.0
22-06-2004,1366.0,1396.0,1654,1466.0,1466.0,1466.0
23-06-2004,1422.0,1460.0,1419,1498.0,1478.0,1478.0
24-06-2004,1430.0,1498.0,542,1498.0,1450.0,1450.0
25-06-2004,1440.0,1440.0,736,1488.0,1480.0,1480.0
28-06-2004,1462.0,1476.0,762,1494.0,1470.0,1470.0
29-06-2004,1480.0,1488.0,4600,1520.0,1518.0,1518.0
30-06-2004,1492.0,1520.0,559,1524.0,1506.0,1506.0
01-07-2004,1418.0,1484.0,1280,1486.0,1456.0,1456.0
02-07-2004,1430.0,1456.0,739,1480.0,1476.0,1476.0
06-07-2004,1370.0,1468.0,3270,1468.0,1372.0,1372.0
07-07-2004,1230.0,1376.0,6956,1376.0,1294.0,1294.0
08-07-2004,1220.0,1304.0,3481,1330.0,1220.0,1220.0
09-07-2004,1056.0,1224.0,57779,1660.0,1070.0,1070.0
12-07-2004,1018.0,1092.0,5993,1094.0,1040.0,1040.0
13-07-2004,1024.0,1040.0,2570,1080.0,1068.0,1068.0
14-07-2004,1030.0,1052.0,1558,1078.0,1036.0,1036.0
15-07-2004,984.0,1052.0,3006,1058.0,1006.0,1006.0
16-07-2004,992.0,1022.0,1943,1034.0,1002.0,1002.0
19-07-2004,980.0,1010.0,2082,1030.0,996.0,996.0
20-07-2004,966.0,966.0,1702,1000.0,974.0,974.0
21-07-2004,948.0,996.0,2645,1004.0,960.0,960.0
22-07-2004,928.0,962.0,1744,962.0,936.0,936.0
23-07-2004,902.0,936.0,1211,938.0,904.0,904.0
26-07-2004,890.0,910.0,1542,916.0,892.0,892.0
27-07-2004,900.0,912.0,3159,940.0,940.0,940.0
28-07-2004,900.0,950.0,835,950.0,926.0,926.0
29-07-2004,922.0,936.0,1469,968.0,958.0,958.0
30-07-2004,932.0,950.0,790,968.0,952.0,952.0
02-08-2004,932.0,962.0,996,982.0,964.0,964.0
03-08-2004,926.0,966.0,743,968.0,926.0,926.0
04-08-2004,880.0,918.0,1088,948.0,914.0,914.0
05-08-2004,734.0,774.0,15680,814.0,800.0,800.0
06-08-2004,756.0,788.0,3219,828.0,816.0,816.0
09-08-2004,780.0,810.0,3463,818.0,780.0,780.0
10-08-2004,790.0,794.0,563,810.0,800.0,800.0
11-08-2004,780.0,800.0,559,800.0,784.0,784.0
12-08-2004,774.0,784.0,1633,794.0,776.0,776.0
13-08-2004,778.0,780.0,1325,792.0,778.0,778.0
16-08-2004,784.0,790.0,4349,794.0,788.0,788.0
17-08-2004,790.0,800.0,1575,800.0,800.0,800.0
18-08-2004,790.0,796.0,1662,802.0,800.0,800.0
19-08-2004,780.0,780.0,539,794.0,784.0,784.0
20-08-2004,770.0,786.0,1996,792.0,770.0,770.0
23-08-2004,780.0,788.0,2300,792.0,786.0,786.0
24-08-2004,770.0,792.0,1900,792.0,772.0,772.0
25-08-2004,762.0,776.0,1941,778.0,774.0,774.0
26-08-2004,774.0,774.0,2058,800.0,784.0,784.0
27-08-2004,776.0,790.0,1353,798.0,798.0,798.0
30-08-2004,770.0,776.0,468,802.0,800.0,800.0
31-08-2004,792.0,800.0,831,808.0,804.0,804.0
01-09-2004,802.0,810.0,1039,910.0,814.0,814.0
02-09-2004,824.0,824.0,667,860.0,844.0,844.0
03-09-2004,820.0,840.0,308,850.0,830.0,830.0
07-09-2004,818.0,838.0,443,842.0,820.0,820.0
08-09-2004,800.0,820.0,540,840.0,818.0,818.0
09-09-2004,818.0,830.0,692,850.0,836.0,836.0
10-09-2004,818.0,832.0,923,870.0,866.0,866.0
13-09-2004,848.0,870.0,851,880.0,862.0,862.0
14-09-2004,854.0,862.0,295,866.0,860.0,860.0
15-09-2004,844.0,858.0,377,858.0,854.0,854.0
16-09-2004,846.0,848.0,359,858.0,856.0,856.0
17-09-2004,830.0,892.0,703,918.0,852.0,852.0
20-09-2004,838.0,848.0,141,850.0,842.0,842.0
21-09-2004,826.0,860.0,470,860.0,838.0,838.0
22-09-2004,818.0,828.0,506,842.0,826.0,826.0
23-09-2004,824.0,840.0,497,850.0,840.0,840.0
24-09-2004,830.0,834.0,235,850.0,840.0,840.0
27-09-2004,834.0,856.0,5756,858.0,852.0,852.0
28-09-2004,836.0,842.0,3238,858.0,852.0,852.0
29-09-2004,840.0,854.0,525,870.0,852.0,852.0
30-09-2004,848.0,852.0,591,876.0,868.0,868.0
01-10-2004,868.0,872.0,595,900.0,898.0,898.0
04-10-2004,888.0,910.0,904,910.0,896.0,896.0
05-10-2004,886.0,908.0,195,908.0,888.0,888.0
06-10-2004,888.0,898.0,215,910.0,910.0,910.0
07-10-2004,888.0,896.0,361,902.0,896.0,896.0
08-10-2004,824.0,886.0,886,888.0,842.0,842.0
11-10-2004,838.0,844.0,295,864.0,864.0,864.0
12-10-2004,848.0,860.0,261,866.0,856.0,856.0
13-10-2004,824.0,872.0,242,872.0,834.0,834.0
14-10-2004,820.0,832.0,204,838.0,826.0,826.0
15-10-2004,824.0,836.0,140,856.0,830.0,830.0
18-10-2004,832.0,840.0,212,856.0,856.0,856.0
19-10-2004,828.0,860.0,180,862.0,842.0,842.0
20-10-2004,840.0,852.0,433,898.0,898.0,898.0
21-10-2004,890.0,898.0,516,908.0,900.0,900.0
22-10-2004,888.0,908.0,1575,908.0,888.0,888.0
25-10-2004,882.0,888.0,276,908.0,908.0,908.0
26-10-2004,884.0,912.0,983,912.0,908.0,908.0
27-10-2004,900.0,906.0,406,928.0,922.0,922.0
28-10-2004,912.0,916.0,270,926.0,926.0,926.0
29-10-2004,814.0,894.0,2161,904.0,882.0,882.0
01-11-2004,852.0,882.0,470,900.0,894.0,894.0
02-11-2004,874.0,896.0,1165,900.0,886.0,886.0
03-11-2004,830.0,894.0,928,900.0,850.0,850.0
04-11-2004,838.0,838.0,1335,878.0,858.0,858.0
05-11-2004,848.0,848.0,1506,888.0,876.0,876.0
08-11-2004,870.0,880.0,174,882.0,876.0,876.0
09-11-2004,846.0,882.0,250,884.0,858.0,858.0
10-11-2004,820.0,852.0,602,862.0,836.0,836.0
11-11-2004,830.0,830.0,835,856.0,850.0,850.0
12-11-2004,836.0,850.0,247,856.0,856.0,856.0
15-11-2004,846.0,848.0,1344,886.0,862.0,862.0
16-11-2004,858.0,860.0,285,882.0,866.0,866.0
17-11-2004,858.0,858.0,4159,906.0,904.0,904.0
18-11-2004,878.0,890.0,536,912.0,910.0,910.0
19-11-2004,896.0,908.0,227,910.0,908.0,908.0
22-11-2004,892.0,892.0,859,920.0,910.0,910.0
23-11-2004,900.0,920.0,2124,940.0,940.0,940.0
24-11-2004,910.0,928.0,1377,950.0,946.0,946.0
26-11-2004,920.0,942.0,149,956.0,932.0,932.0
29-11-2004,940.0,960.0,1925,968.0,952.0,952.0
30-11-2004,930.0,954.0,1202,960.0,934.0,934.0
01-12-2004,932.0,960.0,570,960.0,950.0,950.0
02-12-2004,950.0,954.0,249,970.0,956.0,956.0
03-12-2004,940.0,946.0,1738,960.0,958.0,958.0
06-12-2004,948.0,950.0,227,964.0,960.0,960.0
07-12-2004,950.0,960.0,1269,1018.0,970.0,970.0
08-12-2004,950.0,980.0,452,996.0,974.0,974.0
09-12-2004,950.0,962.0,232,990.0,980.0,980.0
10-12-2004,976.0,998.0,137,998.0,992.0,992.0
13-12-2004,982.0,1000.0,674,1002.0,1002.0,1002.0
14-12-2004,992.0,992.0,213,1010.0,1004.0,1004.0
15-12-2004,994.0,996.0,341,1016.0,998.0,998.0
16-12-2004,990.0,994.0,200,1004.0,996.0,996.0
17-12-2004,980.0,996.0,583,998.0,996.0,996.0
20-12-2004,1100.0,1198.0,13111,1200.0,1104.0,1104.0
21-12-2004,1094.0,1112.0,2924,1130.0,1114.0,1114.0
22-12-2004,1100.0,1130.0,2469,1140.0,1120.0,1120.0
23-12-2004,1114.0,1130.0,866,1140.0,1140.0,1140.0
27-12-2004,1150.0,1166.0,1113,1176.0,1156.0,1156.0
28-12-2004,1164.0,1170.0,1481,1242.0,1242.0,1242.0
29-12-2004,1230.0,1248.0,1381,1290.0,1262.0,1262.0
30-12-2004,1260.0,1298.0,1141,1332.0,1308.0,1308.0
31-12-2004,1222.0,1282.0,3945,1282.0,1246.0,1246.0
03-01-2005,1132.0,1232.0,5200,1252.0,1150.0,1150.0
04-01-2005,1102.0,1162.0,2060,1162.0,1132.0,1132.0
05-01-2005,1106.0,1110.0,939,1140.0,1128.0,1128.0
06-01-2005,1100.0,1120.0,2268,1142.0,1136.0,1136.0
07-01-2005,1124.0,1150.0,657,1150.0,1130.0,1130.0
10-01-2005,1116.0,1162.0,1474,1162.0,1116.0,1116.0
11-01-2005,1110.0,1132.0,1089,1138.0,1130.0,1130.0
12-01-2005,1124.0,1150.0,2153,1154.0,1134.0,1134.0
13-01-2005,1130.0,1132.0,2558,1196.0,1156.0,1156.0
14-01-2005,1142.0,1166.0,2084,1182.0,1178.0,1178.0
18-01-2005,1180.0,1192.0,1508,1260.0,1244.0,1244.0
19-01-2005,1240.0,1240.0,1730,1284.0,1262.0,1262.0
20-01-2005,1208.0,1274.0,1052,1284.0,1222.0,1222.0
21-01-2005,1212.0,1242.0,757,1276.0,1228.0,1228.0
24-01-2005,1126.0,1234.0,818,1234.0,1134.0,1134.0
25-01-2005,1148.0,1148.0,701,1192.0,1180.0,1180.0
26-01-2005,1144.0,1180.0,906,1180.0,1162.0,1162.0
27-01-2005,1120.0,1122.0,725,1162.0,1138.0,1138.0
28-01-2005,1138.0,1140.0,402,1194.0,1150.0,1150.0
31-01-2005,1150.0,1174.0,544,1182.0,1162.0,1162.0
01-02-2005,1104.0,1144.0,2509,1150.0,1118.0,1118.0
02-02-2005,1112.0,1116.0,1004,1200.0,1176.0,1176.0
03-02-2005,1182.0,1196.0,570,1208.0,1204.0,1204.0
04-02-2005,1188.0,1188.0,450,1230.0,1222.0,1222.0
07-02-2005,1206.0,1230.0,1176,1266.0,1250.0,1250.0
08-02-2005,1158.0,1236.0,1916,1284.0,1158.0,1158.0
09-02-2005,1120.0,1176.0,1069,1212.0,1148.0,1148.0
10-02-2005,1100.0,1100.0,1167,1164.0,1140.0,1140.0
11-02-2005,1110.0,1112.0,626,1184.0,1184.0,1184.0
14-02-2005,1154.0,1188.0,439,1204.0,1160.0,1160.0
15-02-2005,1146.0,1180.0,286,1180.0,1160.0,1160.0
16-02-2005,1140.0,1156.0,274,1166.0,1154.0,1154.0
17-02-2005,1120.0,1142.0,356,1158.0,1126.0,1126.0
18-02-2005,1116.0,1138.0,288,1140.0,1120.0,1120.0
22-02-2005,1090.0,1106.0,623,1126.0,1094.0,1094.0
23-02-2005,1088.0,1100.0,205,1122.0,1116.0,1116.0
24-02-2005,1102.0,1136.0,470,1146.0,1146.0,1146.0
25-02-2005,1146.0,1156.0,511,1164.0,1162.0,1162.0
28-02-2005,1110.0,1170.0,406,1170.0,1142.0,1142.0
01-03-2005,1140.0,1144.0,283,1166.0,1160.0,1160.0
02-03-2005,1148.0,1166.0,389,1176.0,1160.0,1160.0
03-03-2005,1140.0,1160.0,343,1164.0,1150.0,1150.0
04-03-2005,1140.0,1168.0,267,1180.0,1170.0,1170.0
07-03-2005,1174.0,1178.0,359,1200.0,1182.0,1182.0
08-03-2005,1156.0,1180.0,213,1182.0,1156.0,1156.0
09-03-2005,1134.0,1134.0,234,1150.0,1140.0,1140.0
10-03-2005,1104.0,1130.0,443,1150.0,1114.0,1114.0
11-03-2005,1100.0,1100.0,1258,1130.0,1130.0,1130.0
14-03-2005,1118.0,1130.0,612,1186.0,1150.0,1150.0
15-03-2005,1150.0,1150.0,315,1180.0,1156.0,1156.0
16-03-2005,1114.0,1160.0,304,1160.0,1114.0,1114.0
17-03-2005,1106.0,1128.0,341,1130.0,1114.0,1114.0
18-03-2005,1096.0,1122.0,807,1126.0,1096.0,1096.0
21-03-2005,1094.0,1094.0,402,1124.0,1120.0,1120.0
22-03-2005,1106.0,1132.0,114,1136.0,1114.0,1114.0
23-03-2005,1098.0,1098.0,179,1116.0,1104.0,1104.0
24-03-2005,1100.0,1108.0,1272,1172.0,1170.0,1170.0
28-03-2005,1166.0,1166.0,1202,1210.0,1184.0,1184.0
29-03-2005,1140.0,1190.0,159,1190.0,1146.0,1146.0
30-03-2005,1140.0,1150.0,290,1164.0,1154.0,1154.0
31-03-2005,1136.0,1168.0,445,1170.0,1170.0,1170.0
01-04-2005,1138.0,1176.0,354,1180.0,1142.0,1142.0
04-04-2005,1122.0,1134.0,596,1150.0,1140.0,1140.0
05-04-2005,1122.0,1130.0,1365,1156.0,1136.0,1136.0
06-04-2005,1122.0,1142.0,411,1162.0,1162.0,1162.0
07-04-2005,1100.0,1170.0,7094,1200.0,1140.0,1140.0
08-04-2005,1112.0,1126.0,337,1142.0,1116.0,1116.0
11-04-2005,1100.0,1108.0,233,1116.0,1102.0,1102.0
12-04-2005,1100.0,1100.0,443,1152.0,1144.0,1144.0
13-04-2005,1100.0,1136.0,801,1140.0,1102.0,1102.0
14-04-2005,1110.0,1116.0,510,1142.0,1140.0,1140.0
15-04-2005,1080.0,1140.0,997,1140.0,1082.0,1082.0
18-04-2005,1076.0,1076.0,307,1106.0,1106.0,1106.0
19-04-2005,1098.0,1098.0,784,1144.0,1140.0,1140.0
20-04-2005,1134.0,1134.0,1088,1152.0,1140.0,1140.0
21-04-2005,1146.0,1152.0,1624,1204.0,1198.0,1198.0
22-04-2005,1190.0,1198.0,1195,1236.0,1216.0,1216.0
25-04-2005,1188.0,1222.0,1089,1232.0,1206.0,1206.0
26-04-2005,1178.0,1194.0,431,1212.0,1182.0,1182.0
27-04-2005,1164.0,1168.0,151,1200.0,1182.0,1182.0
28-04-2005,1136.0,1164.0,378,1190.0,1136.0,1136.0
29-04-2005,1102.0,1160.0,373,1182.0,1182.0,1182.0
02-05-2005,1126.0,1170.0,237,1172.0,1152.0,1152.0
03-05-2005,1150.0,1156.0,886,1210.0,1182.0,1182.0
04-05-2005,1176.0,1180.0,379,1192.0,1190.0,1190.0
05-05-2005,1154.0,1182.0,703,1192.0,1182.0,1182.0
06-05-2005,1162.0,1182.0,635,1182.0,1162.0,1162.0
09-05-2005,1148.0,1156.0,577,1196.0,1196.0,1196.0
10-05-2005,1176.0,1176.0,333,1204.0,1194.0,1194.0
11-05-2005,1170.0,1190.0,879,1198.0,1172.0,1172.0
12-05-2005,1140.0,1180.0,628,1182.0,1168.0,1168.0
13-05-2005,1150.0,1174.0,448,1174.0,1156.0,1156.0
16-05-2005,1120.0,1150.0,942,1160.0,1146.0,1146.0
17-05-2005,1130.0,1142.0,632,1154.0,1146.0,1146.0
18-05-2005,1142.0,1150.0,2324,1158.0,1150.0,1150.0
19-05-2005,1146.0,1146.0,1011,1160.0,1154.0,1154.0
20-05-2005,1130.0,1156.0,939,1156.0,1130.0,1130.0
23-05-2005,1120.0,1132.0,1172,1172.0,1162.0,1162.0
24-05-2005,1122.0,1164.0,761,1172.0,1138.0,1138.0
25-05-2005,1088.0,1122.0,1423,1128.0,1110.0,1110.0
26-05-2005,1108.0,1108.0,362,1142.0,1142.0,1142.0
27-05-2005,1118.0,1130.0,213,1142.0,1128.0,1128.0
31-05-2005,1104.0,1130.0,353,1132.0,1114.0,1114.0
01-06-2005,1100.0,1110.0,846,1120.0,1114.0,1114.0
02-06-2005,1102.0,1108.0,519,1118.0,1108.0,1108.0
03-06-2005,1082.0,1120.0,534,1120.0,1082.0,1082.0
06-06-2005,1060.0,1074.0,631,1084.0,1080.0,1080.0
07-06-2005,1038.0,1080.0,655,1084.0,1038.0,1038.0
08-06-2005,966.0,1032.0,908,1048.0,1014.0,1014.0
09-06-2005,1010.0,1016.0,385,1032.0,1028.0,1028.0
10-06-2005,1012.0,1018.0,369,1088.0,1056.0,1056.0
13-06-2005,1016.0,1076.0,730,1076.0,1042.0,1042.0
14-06-2005,1034.0,1040.0,773,1078.0,1070.0,1070.0
15-06-2005,1060.0,1084.0,822,1086.0,1080.0,1080.0
16-06-2005,1056.0,1072.0,412,1076.0,1064.0,1064.0
17-06-2005,1052.0,1076.0,640,1092.0,1060.0,1060.0
20-06-2005,1044.0,1048.0,757,1080.0,1072.0,1072.0
21-06-2005,1070.0,1070.0,558,1092.0,1078.0,1078.0
22-06-2005,1076.0,1076.0,545,1098.0,1082.0,1082.0
23-06-2005,1060.0,1076.0,843,1086.0,1060.0,1060.0
24-06-2005,1028.0,1058.0,5538,1068.0,1032.0,1032.0
27-06-2005,1016.0,1024.0,433,1046.0,1016.0,1016.0
28-06-2005,994.0,1010.0,738,1024.0,1010.0,1010.0
29-06-2005,996.0,1010.0,355,1022.0,1002.0,1002.0
30-06-2005,1000.0,1004.0,403,1018.0,1006.0,1006.0
01-07-2005,988.0,998.0,722,1012.0,988.0,988.0
05-07-2005,976.0,984.0,284,1006.0,1000.0,1000.0
06-07-2005,976.0,994.0,609,998.0,988.0,988.0
07-07-2005,982.0,986.0,188,1010.0,1006.0,1006.0
08-07-2005,998.0,1006.0,284,1010.0,1004.0,1004.0
11-07-2005,990.0,1002.0,946,1010.0,998.0,998.0
12-07-2005,984.0,988.0,287,1000.0,986.0,986.0
13-07-2005,978.0,978.0,308,1002.0,992.0,992.0
14-07-2005,984.0,1000.0,304,1000.0,996.0,996.0
15-07-2005,988.0,996.0,416,1004.0,996.0,996.0
18-07-2005,970.0,986.0,424,996.0,990.0,990.0
19-07-2005,990.0,990.0,669,1004.0,996.0,996.0
20-07-2005,990.0,990.0,188,1000.0,996.0,996.0
21-07-2005,990.0,998.0,1705,1038.0,1032.0,1032.0
22-07-2005,1024.0,1036.0,338,1050.0,1044.0,1044.0
25-07-2005,1030.0,1052.0,269,1060.0,1056.0,1056.0
26-07-2005,1010.0,1044.0,251,1044.0,1012.0,1012.0
27-07-2005,1000.0,1030.0,199,1040.0,1006.0,1006.0
28-07-2005,994.0,1000.0,259,1028.0,1018.0,1018.0
29-07-2005,1002.0,1002.0,157,1018.0,1002.0,1002.0
01-08-2005,1004.0,1004.0,331,1026.0,1010.0,1010.0
02-08-2005,990.0,1000.0,458,1014.0,1012.0,1012.0
03-08-2005,992.0,996.0,356,1020.0,1010.0,1010.0
04-08-2005,990.0,992.0,311,1008.0,1004.0,1004.0
05-08-2005,988.0,996.0,629,998.0,992.0,992.0
08-08-2005,982.0,982.0,91,992.0,988.0,988.0
09-08-2005,984.0,988.0,193,992.0,992.0,992.0
10-08-2005,982.0,992.0,1489,994.0,984.0,984.0
11-08-2005,980.0,982.0,181,992.0,992.0,992.0
12-08-2005,984.0,992.0,320,992.0,990.0,990.0
15-08-2005,986.0,990.0,372,992.0,990.0,990.0
16-08-2005,980.0,984.0,91,988.0,986.0,986.0
17-08-2005,982.0,986.0,109,992.0,984.0,984.0
18-08-2005,980.0,980.0,239,992.0,988.0,988.0
19-08-2005,984.0,992.0,143,992.0,990.0,990.0
22-08-2005,930.0,984.0,648,984.0,954.0,954.0
23-08-2005,920.0,956.0,781,956.0,952.0,952.0
24-08-2005,946.0,950.0,137,978.0,950.0,950.0
25-08-2005,952.0,954.0,110,964.0,960.0,960.0
26-08-2005,968.0,968.0,309,978.0,976.0,976.0
29-08-2005,968.0,970.0,127,980.0,976.0,976.0
30-08-2005,968.0,980.0,141,982.0,976.0,976.0
31-08-2005,976.0,976.0,201,992.0,990.0,990.0
01-09-2005,978.0,978.0,1313,996.0,992.0,992.0
02-09-2005,982.0,988.0,322,992.0,992.0,992.0
06-09-2005,976.0,982.0,137,992.0,980.0,980.0
07-09-2005,980.0,980.0,1141,1006.0,1006.0,1006.0
08-09-2005,994.0,996.0,323,1010.0,998.0,998.0
09-09-2005,980.0,1004.0,263,1004.0,986.0,986.0
12-09-2005,970.0,980.0,360,986.0,980.0,980.0
13-09-2005,960.0,972.0,1100,980.0,970.0,970.0
14-09-2005,958.0,968.0,316,978.0,962.0,962.0
15-09-2005,958.0,964.0,253,968.0,962.0,962.0
16-09-2005,964.0,966.0,202,988.0,976.0,976.0
19-09-2005,956.0,978.0,208,978.0,966.0,966.0
20-09-2005,930.0,966.0,567,966.0,940.0,940.0
21-09-2005,936.0,936.0,213,988.0,976.0,976.0
22-09-2005,962.0,976.0,547,986.0,984.0,984.0
23-09-2005,966.0,970.0,207,1008.0,1008.0,1008.0
26-09-2005,1000.0,1000.0,863,1114.0,1086.0,1086.0
27-09-2005,1070.0,1096.0,622,1114.0,1108.0,1108.0
28-09-2005,1098.0,1106.0,803,1132.0,1116.0,1116.0
29-09-2005,1100.0,1106.0,251,1106.0,1102.0,1102.0
30-09-2005,1074.0,1102.0,249,1108.0,1094.0,1094.0
03-10-2005,1064.0,1090.0,573,1094.0,1076.0,1076.0
04-10-2005,1046.0,1070.0,804,1080.0,1070.0,1070.0
05-10-2005,1060.0,1066.0,286,1096.0,1072.0,1072.0
06-10-2005,1068.0,1076.0,232,1084.0,1074.0,1074.0
07-10-2005,1044.0,1080.0,88,1080.0,1062.0,1062.0
10-10-2005,1040.0,1060.0,223,1060.0,1042.0,1042.0
11-10-2005,1036.0,1042.0,310,1052.0,1036.0,1036.0
12-10-2005,1030.0,1034.0,499,1046.0,1044.0,1044.0
13-10-2005,1020.0,1020.0,271,1046.0,1046.0,1046.0
14-10-2005,1032.0,1050.0,609,1050.0,1036.0,1036.0
17-10-2005,1030.0,1036.0,71,1048.0,1048.0,1048.0
18-10-2005,1038.0,1052.0,94,1066.0,1060.0,1060.0
19-10-2005,1044.0,1060.0,52,1060.0,1050.0,1050.0
20-10-2005,1038.0,1044.0,87,1058.0,1052.0,1052.0
21-10-2005,1040.0,1056.0,66,1056.0,1046.0,1046.0
24-10-2005,1040.0,1060.0,108,1060.0,1054.0,1054.0
25-10-2005,1042.0,1044.0,52,1058.0,1050.0,1050.0
26-10-2005,1050.0,1054.0,107,1064.0,1062.0,1062.0
27-10-2005,1056.0,1064.0,37,1064.0,1062.0,1062.0
28-10-2005,1052.0,1060.0,62,1060.0,1058.0,1058.0
31-10-2005,1052.0,1052.0,130,1070.0,1060.0,1060.0
01-11-2005,1058.0,1060.0,965,1072.0,1068.0,1068.0
02-11-2005,1062.0,1070.0,321,1132.0,1110.0,1110.0
03-11-2005,1108.0,1110.0,546,1170.0,1164.0,1164.0
04-11-2005,998.0,1164.0,622,1164.0,1156.0,1156.0
07-11-2005,1080.0,1120.0,488,1200.0,1188.0,1188.0
08-11-2005,1174.0,1180.0,559,1206.0,1190.0,1190.0
09-11-2005,1200.0,1200.0,861,1244.0,1240.0,1240.0
10-11-2005,1220.0,1242.0,338,1244.0,1238.0,1238.0
11-11-2005,1230.0,1238.0,131,1240.0,1238.0,1238.0
14-11-2005,1182.0,1220.0,421,1228.0,1184.0,1184.0
15-11-2005,1168.0,1172.0,530,1200.0,1182.0,1182.0
16-11-2005,1182.0,1184.0,242,1206.0,1192.0,1192.0
17-11-2005,1184.0,1200.0,153,1200.0,1198.0,1198.0
18-11-2005,1176.0,1200.0,178,1200.0,1188.0,1188.0
21-11-2005,1166.0,1200.0,240,1200.0,1192.0,1192.0
22-11-2005,1178.0,1178.0,194,1200.0,1196.0,1196.0
23-11-2005,1190.0,1194.0,215,1200.0,1194.0,1194.0
25-11-2005,1190.0,1194.0,32,1200.0,1198.0,1198.0
28-11-2005,1180.0,1180.0,345,1202.0,1200.0,1200.0
29-11-2005,1200.0,1202.0,476,1204.0,1202.0,1202.0
30-11-2005,1200.0,1204.0,685,1228.0,1222.0,1222.0
01-12-2005,1192.0,1224.0,1115,1224.0,1210.0,1210.0
02-12-2005,1210.0,1214.0,608,1242.0,1242.0,1242.0
05-12-2005,1166.0,1214.0,588,1240.0,1226.0,1226.0
06-12-2005,1202.0,1228.0,217,1232.0,1210.0,1210.0
07-12-2005,1200.0,1210.0,180,1218.0,1210.0,1210.0
08-12-2005,1170.0,1190.0,720,1194.0,1172.0,1172.0
09-12-2005,1126.0,1168.0,802,1216.0,1206.0,1206.0
12-12-2005,1140.0,1206.0,688,1210.0,1144.0,1144.0
13-12-2005,1120.0,1160.0,337,1162.0,1124.0,1124.0
14-12-2005,1108.0,1136.0,295,1140.0,1114.0,1114.0
15-12-2005,1076.0,1116.0,1541,1122.0,1100.0,1100.0
16-12-2005,1084.0,1102.0,929,1116.0,1086.0,1086.0
19-12-2005,1076.0,1100.0,1031,1106.0,1078.0,1078.0
20-12-2005,1074.0,1076.0,728,1094.0,1084.0,1084.0
21-12-2005,1072.0,1072.0,493,1106.0,1104.0,1104.0
22-12-2005,1100.0,1106.0,893,1126.0,1112.0,1112.0
23-12-2005,1106.0,1126.0,279,1144.0,1132.0,1132.0
27-12-2005,1106.0,1132.0,78,1140.0,1106.0,1106.0
28-12-2005,1088.0,1088.0,724,1102.0,1094.0,1094.0
29-12-2005,1090.0,1092.0,303,1122.0,1100.0,1100.0
30-12-2005,1078.0,1090.0,367,1100.0,1100.0,1100.0
03-01-2006,1056.0,1090.0,1342,1102.0,1096.0,1096.0
04-01-2006,1092.0,1094.0,267,1124.0,1108.0,1108.0
05-01-2006,1098.0,1098.0,293,1124.0,1118.0,1118.0
06-01-2006,1110.0,1110.0,84,1136.0,1122.0,1122.0
09-01-2006,1114.0,1114.0,204,1146.0,1146.0,1146.0
10-01-2006,1064.0,1132.0,646,1134.0,1064.0,1064.0
11-01-2006,1056.0,1056.0,1011,1170.0,1162.0,1162.0
12-01-2006,1172.0,1180.0,1338,1244.0,1220.0,1220.0
13-01-2006,1170.0,1200.0,830,1210.0,1182.0,1182.0
17-01-2006,1156.0,1164.0,833,1192.0,1188.0,1188.0
18-01-2006,1148.0,1178.0,562,1178.0,1162.0,1162.0
19-01-2006,1156.0,1170.0,221,1170.0,1160.0,1160.0
20-01-2006,1154.0,1162.0,492,1172.0,1158.0,1158.0
23-01-2006,1320.0,1442.0,10382,1464.0,1374.0,1374.0
24-01-2006,1380.0,1402.0,3839,1434.0,1398.0,1398.0
25-01-2006,1398.0,1400.0,3033,1500.0,1478.0,1478.0
26-01-2006,1460.0,1480.0,2922,1504.0,1500.0,1500.0
27-01-2006,1500.0,1500.0,4565,1678.0,1674.0,1674.0
30-01-2006,1582.0,1684.0,3497,1684.0,1592.0,1592.0
31-01-2006,1594.0,1606.0,1198,1616.0,1604.0,1604.0
01-02-2006,1614.0,1620.0,1614,1670.0,1660.0,1660.0
02-02-2006,1600.0,1666.0,829,1670.0,1610.0,1610.0
03-02-2006,1532.0,1608.0,1043,1618.0,1614.0,1614.0
06-02-2006,1526.0,1624.0,884,1626.0,1550.0,1550.0
07-02-2006,1540.0,1568.0,597,1604.0,1598.0,1598.0
08-02-2006,1566.0,1602.0,427,1604.0,1594.0,1594.0
09-02-2006,1530.0,1604.0,902,1604.0,1530.0,1530.0
10-02-2006,1538.0,1566.0,514,1596.0,1584.0,1584.0
13-02-2006,1574.0,1590.0,721,1622.0,1600.0,1600.0
14-02-2006,1420.0,1520.0,2998,1556.0,1466.0,1466.0
15-02-2006,1434.0,1448.0,1827,1490.0,1486.0,1486.0
16-02-2006,1410.0,1480.0,780,1554.0,1542.0,1542.0
17-02-2006,1490.0,1532.0,528,1550.0,1490.0,1490.0
21-02-2006,1434.0,1498.0,602,1518.0,1440.0,1440.0
22-02-2006,1422.0,1446.0,584,1460.0,1436.0,1436.0
23-02-2006,1440.0,1442.0,501,1486.0,1476.0,1476.0
24-02-2006,1480.0,1488.0,347,1518.0,1496.0,1496.0
27-02-2006,1434.0,1488.0,492,1488.0,1434.0,1434.0
28-02-2006,1440.0,1440.0,654,1490.0,1446.0,1446.0
01-03-2006,1424.0,1450.0,714,1494.0,1470.0,1470.0
02-03-2006,1444.0,1462.0,749,1494.0,1494.0,1494.0
03-03-2006,1480.0,1496.0,1381,1568.0,1544.0,1544.0
06-03-2006,1540.0,1552.0,686,1586.0,1548.0,1548.0
07-03-2006,1480.0,1556.0,701,1564.0,1530.0,1530.0
08-03-2006,1510.0,1538.0,419,1554.0,1536.0,1536.0
09-03-2006,1502.0,1536.0,257,1552.0,1506.0,1506.0
10-03-2006,1496.0,1516.0,249,1526.0,1512.0,1512.0
13-03-2006,1466.0,1506.0,467,1514.0,1480.0,1480.0
14-03-2006,1430.0,1470.0,446,1500.0,1476.0,1476.0
15-03-2006,1454.0,1490.0,674,1500.0,1490.0,1490.0
16-03-2006,1470.0,1486.0,1011,1590.0,1564.0,1564.0
17-03-2006,1548.0,1598.0,921,1612.0,1612.0,1612.0
20-03-2006,1582.0,1616.0,984,1638.0,1594.0,1594.0
21-03-2006,1600.0,1604.0,515,1634.0,1602.0,1602.0
22-03-2006,1598.0,1608.0,466,1620.0,1606.0,1606.0
23-03-2006,1600.0,1600.0,371,1646.0,1628.0,1628.0
24-03-2006,1622.0,1640.0,600,1648.0,1626.0,1626.0
27-03-2006,1622.0,1640.0,894,1684.0,1672.0,1672.0
28-03-2006,1660.0,1672.0,866,1700.0,1694.0,1694.0
29-03-2006,1674.0,1694.0,805,1760.0,1740.0,1740.0
30-03-2006,1722.0,1750.0,345,1766.0,1748.0,1748.0
31-03-2006,1734.0,1744.0,492,1772.0,1772.0,1772.0
03-04-2006,1710.0,1776.0,842,1776.0,1726.0,1726.0
04-04-2006,1724.0,1740.0,689,1800.0,1798.0,1798.0
05-04-2006,1800.0,1800.0,1562,1902.0,1846.0,1846.0
06-04-2006,1824.0,1858.0,1040,1880.0,1850.0,1850.0
07-04-2006,1774.0,1842.0,586,1852.0,1792.0,1792.0
10-04-2006,1720.0,1780.0,537,1800.0,1720.0,1720.0
11-04-2006,1632.0,1714.0,903,1722.0,1674.0,1674.0
12-04-2006,1664.0,1664.0,474,1770.0,1770.0,1770.0
13-04-2006,1750.0,1758.0,439,1800.0,1784.0,1784.0
17-04-2006,1754.0,1794.0,307,1800.0,1766.0,1766.0
18-04-2006,1750.0,1764.0,545,1790.0,1758.0,1758.0
19-04-2006,1750.0,1772.0,591,1790.0,1760.0,1760.0
20-04-2006,1724.0,1764.0,716,1784.0,1744.0,1744.0
21-04-2006,1734.0,1756.0,562,1800.0,1800.0,1800.0
24-04-2006,1784.0,1788.0,247,1800.0,1786.0,1786.0
25-04-2006,1764.0,1800.0,301,1800.0,1778.0,1778.0
26-04-2006,1754.0,1790.0,417,1798.0,1754.0,1754.0
27-04-2006,1730.0,1754.0,454,1788.0,1734.0,1734.0
28-04-2006,1720.0,1720.0,558,1754.0,1734.0,1734.0
01-05-2006,1660.0,1726.0,588,1732.0,1660.0,1660.0
02-05-2006,1614.0,1654.0,618,1676.0,1670.0,1670.0
03-05-2006,1770.0,1794.0,3744,1940.0,1784.0,1784.0
04-05-2006,1764.0,1794.0,879,1838.0,1810.0,1810.0
05-05-2006,1804.0,1814.0,685,1896.0,1852.0,1852.0
08-05-2006,1842.0,1860.0,550,1890.0,1860.0,1860.0
09-05-2006,1810.0,1850.0,401,1860.0,1822.0,1822.0
10-05-2006,1808.0,1812.0,466,1848.0,1816.0,1816.0
11-05-2006,1750.0,1806.0,610,1834.0,1750.0,1750.0
12-05-2006,1666.0,1754.0,703,1770.0,1682.0,1682.0
15-05-2006,1574.0,1670.0,853,1682.0,1614.0,1614.0
16-05-2006,1600.0,1600.0,246,1660.0,1620.0,1620.0
17-05-2006,1614.0,1614.0,379,1706.0,1684.0,1684.0
18-05-2006,1618.0,1696.0,351,1698.0,1622.0,1622.0
19-05-2006,1616.0,1632.0,815,1670.0,1654.0,1654.0
22-05-2006,1524.0,1642.0,1033,1642.0,1584.0,1584.0
23-05-2006,1588.0,1596.0,609,1638.0,1596.0,1596.0
24-05-2006,1482.0,1600.0,619,1600.0,1514.0,1514.0
25-05-2006,1500.0,1526.0,473,1560.0,1560.0,1560.0
26-05-2006,1552.0,1562.0,472,1596.0,1580.0,1580.0
30-05-2006,1568.0,1580.0,405,1598.0,1584.0,1584.0
31-05-2006,1580.0,1590.0,473,1632.0,1626.0,1626.0
01-06-2006,1622.0,1626.0,204,1680.0,1680.0,1680.0
02-06-2006,1640.0,1682.0,295,1692.0,1668.0,1668.0
05-06-2006,1662.0,1662.0,802,1742.0,1734.0,1734.0
06-06-2006,1650.0,1732.0,974,1804.0,1676.0,1676.0
07-06-2006,1670.0,1684.0,378,1706.0,1698.0,1698.0
08-06-2006,1618.0,1682.0,469,1694.0,1664.0,1664.0
09-06-2006,1620.0,1664.0,284,1760.0,1642.0,1642.0
12-06-2006,1580.0,1634.0,295,1644.0,1596.0,1596.0
13-06-2006,1572.0,1586.0,287,1600.0,1600.0,1600.0
14-06-2006,1570.0,1572.0,308,1646.0,1646.0,1646.0
15-06-2006,1630.0,1648.0,339,1662.0,1662.0,1662.0
16-06-2006,1614.0,1670.0,397,1684.0,1648.0,1648.0
19-06-2006,1658.0,1664.0,532,1730.0,1694.0,1694.0
20-06-2006,1664.0,1698.0,673,1706.0,1696.0,1696.0
21-06-2006,1660.0,1688.0,262,1720.0,1698.0,1698.0
22-06-2006,1652.0,1696.0,384,1702.0,1680.0,1680.0
23-06-2006,1602.0,1680.0,504,1708.0,1642.0,1642.0
26-06-2006,1638.0,1646.0,221,1682.0,1666.0,1666.0
27-06-2006,1620.0,1660.0,521,1660.0,1622.0,1622.0
28-06-2006,1600.0,1632.0,549,1632.0,1600.0,1600.0
29-06-2006,1608.0,1616.0,408,1642.0,1616.0,1616.0
30-06-2006,1564.0,1616.0,11079,1664.0,1564.0,1564.0
03-07-2006,1572.0,1572.0,568,1646.0,1640.0,1640.0
05-07-2006,1560.0,1618.0,653,1620.0,1584.0,1584.0
06-07-2006,1560.0,1588.0,520,1594.0,1564.0,1564.0
07-07-2006,1520.0,1560.0,454,1582.0,1530.0,1530.0
10-07-2006,1456.0,1540.0,958,1570.0,1488.0,1488.0
11-07-2006,1340.0,1370.0,1113,1520.0,1508.0,1508.0
12-07-2006,1474.0,1508.0,449,1508.0,1484.0,1484.0
13-07-2006,1436.0,1478.0,473,1484.0,1436.0,1436.0
14-07-2006,1380.0,1440.0,492,1440.0,1386.0,1386.0
17-07-2006,1330.0,1400.0,613,1458.0,1360.0,1360.0
18-07-2006,1330.0,1374.0,916,1404.0,1352.0,1352.0
19-07-2006,1340.0,1356.0,469,1460.0,1456.0,1456.0
20-07-2006,1370.0,1454.0,303,1494.0,1380.0,1380.0
21-07-2006,1352.0,1380.0,983,1396.0,1358.0,1358.0
24-07-2006,1350.0,1362.0,896,1376.0,1374.0,1374.0
25-07-2006,1352.0,1388.0,418,1438.0,1416.0,1416.0
26-07-2006,1390.0,1416.0,619,1470.0,1444.0,1444.0
27-07-2006,1384.0,1460.0,545,1468.0,1404.0,1404.0
28-07-2006,1390.0,1412.0,312,1482.0,1480.0,1480.0
31-07-2006,1428.0,1450.0,308,1478.0,1436.0,1436.0
01-08-2006,1360.0,1432.0,408,1440.0,1368.0,1368.0
02-08-2006,1342.0,1384.0,238,1390.0,1360.0,1360.0
03-08-2006,1200.0,1332.0,1330,1352.0,1200.0,1200.0
04-08-2006,1188.0,1224.0,885,1228.0,1204.0,1204.0
07-08-2006,1168.0,1192.0,800,1200.0,1174.0,1174.0
08-08-2006,1158.0,1174.0,1304,1210.0,1192.0,1192.0
09-08-2006,1140.0,1208.0,748,1208.0,1140.0,1140.0
10-08-2006,1094.0,1136.0,747,1166.0,1164.0,1164.0
11-08-2006,1098.0,1160.0,974,1160.0,1130.0,1130.0
14-08-2006,1100.0,1136.0,772,1184.0,1156.0,1156.0
15-08-2006,1160.0,1174.0,635,1186.0,1186.0,1186.0
16-08-2006,1150.0,1200.0,500,1200.0,1158.0,1158.0
17-08-2006,1154.0,1158.0,1396,1202.0,1196.0,1196.0
18-08-2006,1190.0,1202.0,842,1226.0,1224.0,1224.0
21-08-2006,1200.0,1200.0,1623,1348.0,1342.0,1342.0
22-08-2006,1284.0,1334.0,1294,1456.0,1296.0,1296.0
23-08-2006,1236.0,1304.0,505,1336.0,1240.0,1240.0
24-08-2006,1170.0,1246.0,890,1290.0,1270.0,1270.0
25-08-2006,1240.0,1270.0,196,1278.0,1244.0,1244.0
28-08-2006,1232.0,1240.0,272,1322.0,1318.0,1318.0
29-08-2006,1268.0,1320.0,611,1358.0,1352.0,1352.0
30-08-2006,1352.0,1358.0,346,1378.0,1354.0,1354.0
31-08-2006,1346.0,1362.0,295,1376.0,1358.0,1358.0
01-09-2006,1322.0,1360.0,248,1376.0,1342.0,1342.0
05-09-2006,1330.0,1340.0,449,1364.0,1344.0,1344.0
06-09-2006,1304.0,1338.0,601,1380.0,1358.0,1358.0
07-09-2006,1302.0,1358.0,636,1358.0,1314.0,1314.0
08-09-2006,1288.0,1330.0,410,1350.0,1298.0,1298.0
11-09-2006,1260.0,1294.0,430,1312.0,1266.0,1266.0
12-09-2006,1262.0,1272.0,1668,1372.0,1358.0,1358.0
13-09-2006,1362.0,1364.0,386,1420.0,1390.0,1390.0
14-09-2006,1342.0,1394.0,324,1394.0,1370.0,1370.0
15-09-2006,1380.0,1380.0,987,1420.0,1412.0,1412.0
18-09-2006,1344.0,1352.0,1228,1380.0,1346.0,1346.0
19-09-2006,1304.0,1310.0,927,1376.0,1332.0,1332.0
20-09-2006,1330.0,1330.0,1007,1414.0,1406.0,1406.0
21-09-2006,1374.0,1402.0,985,1428.0,1380.0,1380.0
22-09-2006,1346.0,1380.0,436,1396.0,1386.0,1386.0
25-09-2006,1362.0,1388.0,628,1426.0,1390.0,1390.0
26-09-2006,1370.0,1394.0,541,1398.0,1394.0,1394.0
27-09-2006,1376.0,1394.0,495,1408.0,1380.0,1380.0
28-09-2006,1344.0,1380.0,589,1380.0,1354.0,1354.0
29-09-2006,1318.0,1350.0,824,1352.0,1346.0,1346.0
02-10-2006,1314.0,1348.0,349,1352.0,1326.0,1326.0
03-10-2006,1276.0,1316.0,1296,1316.0,1288.0,1288.0
04-10-2006,1282.0,1282.0,717,1388.0,1376.0,1376.0
05-10-2006,1350.0,1380.0,574,1388.0,1376.0,1376.0
06-10-2006,1346.0,1372.0,348,1394.0,1390.0,1390.0
09-10-2006,1380.0,1394.0,1235,1470.0,1456.0,1456.0
10-10-2006,1426.0,1452.0,743,1470.0,1448.0,1448.0
11-10-2006,1430.0,1446.0,644,1490.0,1470.0,1470.0
12-10-2006,1472.0,1482.0,1199,1590.0,1574.0,1574.0
13-10-2006,1564.0,1570.0,869,1600.0,1570.0,1570.0
16-10-2006,1542.0,1576.0,677,1582.0,1560.0,1560.0
17-10-2006,1534.0,1556.0,453,1600.0,1588.0,1588.0
18-10-2006,1540.0,1594.0,1058,1600.0,1552.0,1552.0
19-10-2006,1540.0,1546.0,353,1580.0,1554.0,1554.0
20-10-2006,1534.0,1564.0,342,1586.0,1586.0,1586.0
23-10-2006,1540.0,1576.0,447,1582.0,1544.0,1544.0
24-10-2006,1472.0,1540.0,584,1540.0,1488.0,1488.0
25-10-2006,1480.0,1482.0,687,1562.0,1550.0,1550.0
26-10-2006,1566.0,1582.0,924,1620.0,1620.0,1620.0
27-10-2006,1542.0,1622.0,1080,1622.0,1542.0,1542.0
30-10-2006,1514.0,1546.0,412,1596.0,1594.0,1594.0
31-10-2006,1510.0,1600.0,605,1640.0,1516.0,1516.0
01-11-2006,1484.0,1524.0,308,1558.0,1486.0,1486.0
02-11-2006,1484.0,1484.0,324,1528.0,1516.0,1516.0
03-11-2006,1474.0,1516.0,376,1530.0,1498.0,1498.0
06-11-2006,1498.0,1498.0,210,1550.0,1540.0,1540.0
07-11-2006,1524.0,1536.0,391,1598.0,1528.0,1528.0
08-11-2006,1498.0,1524.0,615,1584.0,1532.0,1532.0
09-11-2006,1508.0,1542.0,715,1598.0,1512.0,1512.0
10-11-2006,1500.0,1530.0,361,1542.0,1508.0,1508.0
13-11-2006,1506.0,1506.0,687,1570.0,1530.0,1530.0
14-11-2006,1546.0,1550.0,1020,1600.0,1596.0,1596.0
15-11-2006,1596.0,1600.0,1153,1678.0,1662.0,1662.0
16-11-2006,1660.0,1670.0,1149,1728.0,1712.0,1712.0
17-11-2006,1702.0,1712.0,1185,1796.0,1794.0,1794.0
20-11-2006,1760.0,1760.0,1460,1844.0,1840.0,1840.0
21-11-2006,1794.0,1840.0,958,1846.0,1844.0,1844.0
22-11-2006,1800.0,1840.0,782,1840.0,1820.0,1820.0
24-11-2006,1796.0,1812.0,529,1878.0,1878.0,1878.0
27-11-2006,1830.0,1876.0,2072,1934.0,1836.0,1836.0
28-11-2006,1700.0,1836.0,1456,1850.0,1846.0,1846.0
29-11-2006,1860.0,1870.0,876,1906.0,1898.0,1898.0
30-11-2006,1894.0,1920.0,1108,1934.0,1906.0,1906.0
01-12-2006,1828.0,1900.0,661,1904.0,1874.0,1874.0
04-12-2006,1838.0,1858.0,1476,1946.0,1942.0,1942.0
05-12-2006,1916.0,1948.0,1016,1992.0,1958.0,1958.0
06-12-2006,1918.0,1960.0,1097,1968.0,1938.0,1938.0
07-12-2006,1914.0,1944.0,451,1946.0,1918.0,1918.0
08-12-2006,1918.0,1934.0,418,1962.0,1962.0,1962.0
11-12-2006,1910.0,1964.0,334,1964.0,1918.0,1918.0
12-12-2006,1788.0,1924.0,1168,1932.0,1834.0,1834.0
13-12-2006,1820.0,1840.0,361,1852.0,1834.0,1834.0
14-12-2006,1804.0,1834.0,565,1864.0,1844.0,1844.0
15-12-2006,1806.0,1854.0,856,1854.0,1820.0,1820.0
18-12-2006,1780.0,1852.0,549,1862.0,1792.0,1792.0
19-12-2006,1760.0,1774.0,298,1798.0,1772.0,1772.0
20-12-2006,1780.0,1780.0,413,1820.0,1796.0,1796.0
21-12-2006,1746.0,1806.0,336,1812.0,1784.0,1784.0
22-12-2006,1764.0,1778.0,216,1818.0,1790.0,1790.0
26-12-2006,1796.0,1796.0,282,1836.0,1806.0,1806.0
27-12-2006,1806.0,1806.0,643,1926.0,1910.0,1910.0
28-12-2006,1872.0,1906.0,539,1920.0,1896.0,1896.0
29-12-2006,1830.0,1900.0,581,1918.0,1850.0,1850.0
03-01-2007,1760.0,1846.0,630,1894.0,1838.0,1838.0
04-01-2007,1794.0,1836.0,355,1898.0,1884.0,1884.0
05-01-2007,1868.0,1868.0,784,1948.0,1920.0,1920.0
08-01-2007,1824.0,1928.0,500,1928.0,1854.0,1854.0
09-01-2007,1784.0,1852.0,490,1872.0,1860.0,1860.0
10-01-2007,1844.0,1850.0,615,1886.0,1850.0,1850.0
11-01-2007,1812.0,1850.0,803,1856.0,1828.0,1828.0
12-01-2007,1812.0,1818.0,698,1844.0,1840.0,1840.0
16-01-2007,1820.0,1852.0,412,1852.0,1826.0,1826.0
17-01-2007,1772.0,1814.0,560,1816.0,1782.0,1782.0
18-01-2007,1710.0,1788.0,940,1800.0,1716.0,1716.0
19-01-2007,1660.0,1720.0,1593,1754.0,1710.0,1710.0
22-01-2007,1600.0,1710.0,1698,1710.0,1626.0,1626.0
23-01-2007,1602.0,1630.0,1077,1660.0,1612.0,1612.0
24-01-2007,1598.0,1622.0,958,1646.0,1626.0,1626.0
25-01-2007,1554.0,1622.0,1154,1632.0,1580.0,1580.0
26-01-2007,1548.0,1580.0,897,1616.0,1614.0,1614.0
29-01-2007,1586.0,1602.0,617,1614.0,1606.0,1606.0
30-01-2007,1600.0,1604.0,616,1658.0,1650.0,1650.0
31-01-2007,1620.0,1648.0,437,1656.0,1652.0,1652.0
01-02-2007,1618.0,1656.0,409,1656.0,1648.0,1648.0
02-02-2007,1620.0,1654.0,932,1662.0,1628.0,1628.0
05-02-2007,1636.0,1652.0,1333,1704.0,1702.0,1702.0
06-02-2007,1692.0,1720.0,1301,1724.0,1704.0,1704.0
07-02-2007,1700.0,1704.0,644,1730.0,1722.0,1722.0
08-02-2007,1690.0,1716.0,313,1718.0,1700.0,1700.0
09-02-2007,1678.0,1700.0,488,1710.0,1684.0,1684.0
12-02-2007,1580.0,1694.0,1305,1694.0,1598.0,1598.0
13-02-2007,1464.0,1556.0,4613,1622.0,1600.0,1600.0
14-02-2007,1560.0,1600.0,840,1610.0,1588.0,1588.0
15-02-2007,1570.0,1582.0,765,1618.0,1592.0,1592.0
16-02-2007,1578.0,1588.0,577,1614.0,1608.0,1608.0
20-02-2007,1580.0,1596.0,475,1646.0,1638.0,1638.0
21-02-2007,1628.0,1638.0,383,1648.0,1642.0,1642.0
22-02-2007,1608.0,1650.0,380,1666.0,1646.0,1646.0
23-02-2007,1640.0,1640.0,436,1686.0,1662.0,1662.0
26-02-2007,1660.0,1664.0,865,1712.0,1682.0,1682.0
27-02-2007,1536.0,1674.0,836,1680.0,1550.0,1550.0
28-02-2007,1526.0,1564.0,634,1596.0,1554.0,1554.0
01-03-2007,1518.0,1544.0,606,1592.0,1584.0,1584.0
02-03-2007,1504.0,1594.0,589,1594.0,1506.0,1506.0
05-03-2007,1452.0,1502.0,747,1508.0,1462.0,1462.0
06-03-2007,1468.0,1480.0,481,1534.0,1534.0,1534.0
07-03-2007,1476.0,1538.0,682,1540.0,1494.0,1494.0
08-03-2007,1490.0,1512.0,318,1520.0,1504.0,1504.0
09-03-2007,1486.0,1518.0,374,1518.0,1504.0,1504.0
12-03-2007,1500.0,1500.0,358,1532.0,1524.0,1524.0
13-03-2007,1498.0,1508.0,400,1556.0,1500.0,1500.0
14-03-2007,1490.0,1494.0,539,1558.0,1558.0,1558.0
15-03-2007,1540.0,1552.0,456,1600.0,1596.0,1596.0
16-03-2007,1562.0,1594.0,1050,1602.0,1564.0,1564.0
19-03-2007,1560.0,1560.0,821,1644.0,1640.0,1640.0
20-03-2007,1622.0,1642.0,3294,1662.0,1644.0,1644.0
21-03-2007,1642.0,1650.0,524,1702.0,1688.0,1688.0
22-03-2007,1660.0,1686.0,396,1712.0,1686.0,1686.0
23-03-2007,1652.0,1692.0,198,1692.0,1660.0,1660.0
26-03-2007,1664.0,1664.0,192,1698.0,1698.0,1698.0
27-03-2007,1640.0,1690.0,235,1690.0,1676.0,1676.0
28-03-2007,1646.0,1664.0,340,1676.0,1674.0,1674.0
29-03-2007,1638.0,1680.0,623,1686.0,1684.0,1684.0
30-03-2007,1650.0,1684.0,472,1692.0,1680.0,1680.0
02-04-2007,1658.0,1686.0,724,1738.0,1712.0,1712.0
03-04-2007,1644.0,1716.0,764,1716.0,1654.0,1654.0
04-04-2007,1640.0,1650.0,267,1684.0,1658.0,1658.0
05-04-2007,1652.0,1654.0,283,1698.0,1698.0,1698.0
09-04-2007,1666.0,1698.0,251,1710.0,1668.0,1668.0
10-04-2007,1660.0,1668.0,263,1686.0,1660.0,1660.0
11-04-2007,1640.0,1668.0,421,1698.0,1676.0,1676.0
12-04-2007,1660.0,1670.0,392,1696.0,1692.0,1692.0
13-04-2007,1684.0,1688.0,629,1750.0,1744.0,1744.0
16-04-2007,1754.0,1760.0,602,1798.0,1790.0,1790.0
17-04-2007,1756.0,1786.0,438,1810.0,1766.0,1766.0
18-04-2007,1720.0,1758.0,312,1780.0,1724.0,1724.0
19-04-2007,1698.0,1738.0,337,1760.0,1706.0,1706.0
20-04-2007,1716.0,1734.0,595,1798.0,1776.0,1776.0
23-04-2007,1724.0,1724.0,538,1800.0,1792.0,1792.0
24-04-2007,1764.0,1800.0,615,1820.0,1812.0,1812.0
25-04-2007,1754.0,1820.0,504,1820.0,1778.0,1778.0
26-04-2007,1772.0,1772.0,701,1828.0,1810.0,1810.0
27-04-2007,1758.0,1812.0,483,1812.0,1770.0,1770.0
30-04-2007,1716.0,1758.0,586,1784.0,1738.0,1738.0
01-05-2007,1672.0,1718.0,721,1758.0,1746.0,1746.0
02-05-2007,1600.0,1640.0,1833,1730.0,1724.0,1724.0
03-05-2007,1686.0,1720.0,1356,1728.0,1716.0,1716.0
04-05-2007,1694.0,1722.0,1177,1788.0,1782.0,1782.0
07-05-2007,1746.0,1782.0,786,1782.0,1766.0,1766.0
08-05-2007,1714.0,1756.0,526,1764.0,1718.0,1718.0
09-05-2007,1700.0,1708.0,742,1752.0,1726.0,1726.0
10-05-2007,1640.0,1716.0,742,1724.0,1658.0,1658.0
11-05-2007,1664.0,1668.0,351,1706.0,1682.0,1682.0
14-05-2007,1674.0,1674.0,506,1744.0,1696.0,1696.0
15-05-2007,1630.0,1692.0,635,1700.0,1634.0,1634.0
16-05-2007,1618.0,1642.0,404,1688.0,1678.0,1678.0
17-05-2007,1638.0,1678.0,621,1690.0,1666.0,1666.0
18-05-2007,1628.0,1654.0,410,1708.0,1688.0,1688.0
21-05-2007,1592.0,1688.0,1243,1688.0,1600.0,1600.0
22-05-2007,1590.0,1590.0,440,1650.0,1644.0,1644.0
23-05-2007,1600.0,1654.0,407,1660.0,1624.0,1624.0
24-05-2007,1590.0,1626.0,419,1640.0,1600.0,1600.0
25-05-2007,1582.0,1614.0,262,1614.0,1588.0,1588.0
29-05-2007,1574.0,1588.0,252,1614.0,1606.0,1606.0
30-05-2007,1592.0,1596.0,191,1626.0,1624.0,1624.0
31-05-2007,1588.0,1630.0,545,1670.0,1612.0,1612.0
01-06-2007,1600.0,1622.0,470,1656.0,1602.0,1602.0
04-06-2007,1582.0,1588.0,469,1656.0,1652.0,1652.0
05-06-2007,1628.0,1638.0,475,1678.0,1656.0,1656.0
06-06-2007,1614.0,1640.0,270,1644.0,1632.0,1632.0
07-06-2007,1568.0,1622.0,371,1644.0,1570.0,1570.0
08-06-2007,1558.0,1564.0,727,1652.0,1628.0,1628.0
11-06-2007,1602.0,1628.0,275,1658.0,1648.0,1648.0
12-06-2007,1576.0,1626.0,465,1632.0,1606.0,1606.0
13-06-2007,1562.0,1612.0,491,1634.0,1606.0,1606.0
14-06-2007,1596.0,1602.0,553,1616.0,1606.0,1606.0
15-06-2007,1614.0,1624.0,925,1682.0,1650.0,1650.0
18-06-2007,1650.0,1650.0,491,1696.0,1694.0,1694.0
19-06-2007,1640.0,1684.0,543,1694.0,1646.0,1646.0
20-06-2007,1606.0,1654.0,554,1668.0,1610.0,1610.0
21-06-2007,1590.0,1598.0,578,1674.0,1672.0,1672.0
22-06-2007,1650.0,1664.0,10100,1750.0,1750.0,1750.0
25-06-2007,1688.0,1746.0,891,1760.0,1748.0,1748.0
26-06-2007,1746.0,1746.0,712,1780.0,1766.0,1766.0
27-06-2007,1728.0,1764.0,576,1770.0,1732.0,1732.0
28-06-2007,1702.0,1736.0,463,1750.0,1736.0,1736.0
29-06-2007,1738.0,1740.0,942,1758.0,1750.0,1750.0
02-07-2007,1734.0,1760.0,402,1760.0,1740.0,1740.0
03-07-2007,1734.0,1738.0,392,1768.0,1766.0,1766.0
05-07-2007,1732.0,1764.0,405,1772.0,1740.0,1740.0
06-07-2007,1714.0,1746.0,645,1764.0,1738.0,1738.0
09-07-2007,1700.0,1734.0,802,1748.0,1710.0,1710.0
10-07-2007,1696.0,1706.0,1005,1730.0,1722.0,1722.0
11-07-2007,1722.0,1722.0,529,1750.0,1746.0,1746.0
12-07-2007,1706.0,1746.0,622,1766.0,1722.0,1722.0
13-07-2007,1708.0,1710.0,566,1748.0,1722.0,1722.0
16-07-2007,1708.0,1718.0,314,1738.0,1720.0,1720.0
17-07-2007,1670.0,1720.0,365,1720.0,1682.0,1682.0
18-07-2007,1622.0,1700.0,359,1700.0,1632.0,1632.0
19-07-2007,1604.0,1620.0,201,1652.0,1636.0,1636.0
20-07-2007,1600.0,1634.0,331,1644.0,1642.0,1642.0
23-07-2007,1600.0,1640.0,387,1640.0,1606.0,1606.0
24-07-2007,1568.0,1578.0,623,1596.0,1570.0,1570.0
25-07-2007,1566.0,1576.0,669,1620.0,1616.0,1616.0
26-07-2007,1584.0,1616.0,334,1618.0,1618.0,1618.0
27-07-2007,1586.0,1600.0,190,1614.0,1612.0,1612.0
30-07-2007,1604.0,1614.0,846,1700.0,1692.0,1692.0
31-07-2007,1634.0,1712.0,611,1712.0,1682.0,1682.0
01-08-2007,1294.0,1500.0,4185,1510.0,1302.0,1302.0
02-08-2007,1184.0,1302.0,5222,1308.0,1210.0,1210.0
03-08-2007,1210.0,1210.0,885,1286.0,1230.0,1230.0
06-08-2007,1184.0,1250.0,705,1250.0,1212.0,1212.0
07-08-2007,1192.0,1198.0,539,1244.0,1228.0,1228.0
08-08-2007,1204.0,1230.0,3018,1460.0,1414.0,1414.0
09-08-2007,1392.0,1398.0,1561,1526.0,1526.0,1526.0
10-08-2007,1346.0,1454.0,995,1498.0,1390.0,1390.0
13-08-2007,1300.0,1396.0,670,1444.0,1324.0,1324.0
14-08-2007,1304.0,1328.0,224,1354.0,1318.0,1318.0
15-08-2007,1276.0,1302.0,318,1332.0,1320.0,1320.0
16-08-2007,1230.0,1294.0,558,1336.0,1252.0,1252.0
17-08-2007,1270.0,1270.0,300,1318.0,1302.0,1302.0
20-08-2007,1236.0,1304.0,280,1304.0,1274.0,1274.0
21-08-2007,1236.0,1264.0,190,1302.0,1290.0,1290.0
22-08-2007,1272.0,1308.0,184,1320.0,1318.0,1318.0
23-08-2007,1270.0,1322.0,221,1322.0,1300.0,1300.0
24-08-2007,1284.0,1302.0,204,1310.0,1288.0,1288.0
27-08-2007,1272.0,1272.0,378,1376.0,1296.0,1296.0
28-08-2007,1268.0,1292.0,218,1310.0,1268.0,1268.0
29-08-2007,1298.0,1300.0,341,1338.0,1316.0,1316.0
30-08-2007,1290.0,1320.0,340,1358.0,1302.0,1302.0
31-08-2007,1302.0,1342.0,199,1346.0,1310.0,1310.0
04-09-2007,1294.0,1312.0,494,1332.0,1318.0,1318.0
05-09-2007,1300.0,1314.0,268,1316.0,1310.0,1310.0
06-09-2007,1298.0,1298.0,338,1398.0,1340.0,1340.0
07-09-2007,1304.0,1322.0,290,1360.0,1314.0,1314.0
10-09-2007,1272.0,1314.0,309,1338.0,1286.0,1286.0
11-09-2007,1286.0,1290.0,233,1320.0,1294.0,1294.0
12-09-2007,1284.0,1294.0,296,1370.0,1346.0,1346.0
13-09-2007,1302.0,1350.0,270,1350.0,1312.0,1312.0
14-09-2007,1282.0,1300.0,210,1334.0,1312.0,1312.0
17-09-2007,1294.0,1300.0,275,1312.0,1300.0,1300.0
18-09-2007,1246.0,1302.0,495,1310.0,1298.0,1298.0
19-09-2007,1288.0,1292.0,896,1340.0,1330.0,1330.0
20-09-2007,1284.0,1320.0,721,1320.0,1286.0,1286.0
21-09-2007,1290.0,1292.0,642,1350.0,1324.0,1324.0
24-09-2007,1300.0,1316.0,514,1382.0,1374.0,1374.0
25-09-2007,1332.0,1364.0,569,1394.0,1338.0,1338.0
26-09-2007,1318.0,1332.0,340,1378.0,1358.0,1358.0
27-09-2007,1350.0,1368.0,201,1420.0,1420.0,1420.0
28-09-2007,1366.0,1420.0,298,1446.0,1412.0,1412.0
01-10-2007,1392.0,1404.0,526,1488.0,1482.0,1482.0
02-10-2007,1444.0,1474.0,382,1500.0,1470.0,1470.0
03-10-2007,1374.0,1460.0,408,1460.0,1374.0,1374.0
04-10-2007,1336.0,1368.0,231,1380.0,1364.0,1364.0
05-10-2007,1364.0,1374.0,632,1416.0,1412.0,1412.0
08-10-2007,1380.0,1414.0,608,1414.0,1396.0,1396.0
09-10-2007,1376.0,1376.0,594,1408.0,1396.0,1396.0
10-10-2007,1382.0,1386.0,646,1404.0,1384.0,1384.0
11-10-2007,1374.0,1390.0,432,1398.0,1378.0,1378.0
12-10-2007,1374.0,1386.0,722,1406.0,1398.0,1398.0
15-10-2007,1382.0,1390.0,272,1404.0,1388.0,1388.0
16-10-2007,1376.0,1394.0,68,1394.0,1380.0,1380.0
17-10-2007,1330.0,1376.0,315,1376.0,1348.0,1348.0
18-10-2007,1340.0,1348.0,130,1364.0,1360.0,1360.0
19-10-2007,1318.0,1364.0,182,1364.0,1348.0,1348.0
22-10-2007,1280.0,1334.0,530,1334.0,1288.0,1288.0
23-10-2007,1282.0,1282.0,118,1334.0,1334.0,1334.0
24-10-2007,1290.0,1322.0,173,1332.0,1320.0,1320.0
25-10-2007,1298.0,1330.0,529,1334.0,1310.0,1310.0
26-10-2007,1300.0,1302.0,328,1318.0,1318.0,1318.0
29-10-2007,1280.0,1280.0,380,1352.0,1330.0,1330.0
30-10-2007,1272.0,1314.0,384,1334.0,1282.0,1282.0
31-10-2007,1200.0,1270.0,631,1302.0,1256.0,1256.0
01-11-2007,1204.0,1234.0,344,1266.0,1248.0,1248.0
02-11-2007,1210.0,1240.0,792,1242.0,1218.0,1218.0
05-11-2007,1152.0,1206.0,894,1214.0,1152.0,1152.0
06-11-2007,1144.0,1148.0,532,1178.0,1160.0,1160.0
07-11-2007,1122.0,1148.0,394,1178.0,1172.0,1172.0
08-11-2007,1106.0,1170.0,796,1180.0,1122.0,1122.0
09-11-2007,1036.0,1066.0,917,1090.0,1074.0,1074.0
12-11-2007,1066.0,1068.0,983,1146.0,1098.0,1098.0
13-11-2007,1066.0,1100.0,1177,1126.0,1084.0,1084.0
14-11-2007,1080.0,1094.0,1007,1146.0,1130.0,1130.0
15-11-2007,1070.0,1122.0,386,1142.0,1084.0,1084.0
16-11-2007,1054.0,1080.0,635,1124.0,1092.0,1092.0
19-11-2007,1044.0,1094.0,423,1106.0,1068.0,1068.0
20-11-2007,1056.0,1062.0,343,1098.0,1066.0,1066.0
21-11-2007,1048.0,1054.0,391,1082.0,1064.0,1064.0
23-11-2007,1050.0,1062.0,248,1140.0,1092.0,1092.0
26-11-2007,1062.0,1086.0,351,1118.0,1118.0,1118.0
27-11-2007,1068.0,1114.0,539,1182.0,1128.0,1128.0
28-11-2007,1106.0,1126.0,430,1154.0,1130.0,1130.0
29-11-2007,1108.0,1122.0,418,1196.0,1176.0,1176.0
30-11-2007,1168.0,1176.0,382,1202.0,1168.0,1168.0
03-12-2007,1098.0,1162.0,390,1166.0,1098.0,1098.0
04-12-2007,1088.0,1088.0,417,1134.0,1100.0,1100.0
05-12-2007,1022.0,1086.0,854,1114.0,1060.0,1060.0
06-12-2007,1064.0,1064.0,518,1090.0,1074.0,1074.0
07-12-2007,1084.0,1088.0,503,1136.0,1132.0,1132.0
10-12-2007,1116.0,1140.0,479,1170.0,1142.0,1142.0
11-12-2007,1116.0,1138.0,477,1164.0,1124.0,1124.0
12-12-2007,1038.0,1128.0,772,1156.0,1054.0,1054.0
13-12-2007,1044.0,1044.0,445,1072.0,1060.0,1060.0
14-12-2007,1014.0,1060.0,617,1060.0,1016.0,1016.0
17-12-2007,1002.0,1008.0,512,1040.0,1002.0,1002.0
18-12-2007,942.0,1000.0,494,1016.0,942.0,942.0
19-12-2007,950.0,958.0,619,1022.0,956.0,956.0
20-12-2007,960.0,960.0,570,998.0,980.0,980.0
21-12-2007,962.0,978.0,620,1020.0,1014.0,1014.0
24-12-2007,992.0,998.0,180,1034.0,1034.0,1034.0
26-12-2007,1020.0,1026.0,414,1040.0,1036.0,1036.0
27-12-2007,982.0,1036.0,478,1040.0,982.0,982.0
28-12-2007,952.0,990.0,430,996.0,968.0,968.0
31-12-2007,950.0,960.0,841,980.0,970.0,970.0
02-01-2008,958.0,996.0,356,1004.0,1000.0,1000.0
03-01-2008,912.0,986.0,321,986.0,920.0,920.0
04-01-2008,890.0,914.0,355,914.0,892.0,892.0
07-01-2008,800.0,890.0,807,898.0,816.0,816.0
08-01-2008,802.0,812.0,185,838.0,802.0,802.0
09-01-2008,760.0,796.0,607,826.0,788.0,788.0
10-01-2008,776.0,800.0,556,810.0,798.0,798.0
11-01-2008,780.0,792.0,258,800.0,780.0,780.0
14-01-2008,744.0,790.0,758,790.0,776.0,776.0
15-01-2008,738.0,762.0,387,800.0,754.0,754.0
16-01-2008,736.0,736.0,622,812.0,788.0,788.0
17-01-2008,754.0,780.0,158,788.0,754.0,754.0
18-01-2008,744.0,748.0,333,772.0,746.0,746.0
22-01-2008,720.0,720.0,570,798.0,730.0,730.0
23-01-2008,652.0,720.0,1188,738.0,674.0,674.0
24-01-2008,654.0,660.0,740,696.0,688.0,688.0
25-01-2008,678.0,690.0,433,702.0,700.0,700.0
28-01-2008,688.0,706.0,555,718.0,718.0,718.0
29-01-2008,714.0,714.0,266,780.0,750.0,750.0
30-01-2008,698.0,754.0,473,754.0,704.0,704.0
31-01-2008,698.0,698.0,182,736.0,734.0,734.0
01-02-2008,718.0,730.0,130,746.0,720.0,720.0
04-02-2008,704.0,714.0,154,724.0,716.0,716.0
05-02-2008,696.0,704.0,263,758.0,700.0,700.0
06-02-2008,662.0,716.0,372,724.0,688.0,688.0
07-02-2008,674.0,688.0,416,710.0,704.0,704.0
08-02-2008,684.0,712.0,111,716.0,684.0,684.0
11-02-2008,680.0,700.0,446,706.0,690.0,690.0
12-02-2008,688.0,688.0,327,740.0,710.0,710.0
13-02-2008,658.0,690.0,1153,712.0,702.0,702.0
14-02-2008,680.0,706.0,638,716.0,690.0,690.0
15-02-2008,698.0,698.0,339,756.0,752.0,752.0
19-02-2008,744.0,744.0,399,814.0,798.0,798.0
20-02-2008,808.0,814.0,483,940.0,890.0,890.0
21-02-2008,860.0,900.0,168,906.0,866.0,866.0
22-02-2008,864.0,880.0,148,880.0,868.0,868.0
25-02-2008,860.0,864.0,246,894.0,894.0,894.0
26-02-2008,870.0,894.0,79,894.0,880.0,880.0
27-02-2008,870.0,870.0,314,936.0,902.0,902.0
28-02-2008,872.0,878.0,210,950.0,950.0,950.0
29-02-2008,938.0,950.0,247,978.0,940.0,940.0
03-03-2008,894.0,942.0,69,942.0,906.0,906.0
04-03-2008,866.0,898.0,110,900.0,866.0,866.0
05-03-2008,860.0,860.0,109,870.0,860.0,860.0
06-03-2008,820.0,860.0,158,860.0,838.0,838.0
07-03-2008,792.0,830.0,245,842.0,820.0,820.0
10-03-2008,784.0,814.0,94,820.0,802.0,802.0
11-03-2008,798.0,806.0,108,820.0,800.0,800.0
12-03-2008,788.0,796.0,135,810.0,804.0,804.0
13-03-2008,800.0,800.0,50,842.0,838.0,838.0
14-03-2008,778.0,840.0,125,844.0,790.0,790.0
17-03-2008,746.0,772.0,231,816.0,804.0,804.0
18-03-2008,770.0,780.0,361,808.0,784.0,784.0
19-03-2008,780.0,780.0,112,808.0,792.0,792.0
20-03-2008,788.0,790.0,329,806.0,806.0,806.0
24-03-2008,802.0,808.0,192,856.0,828.0,828.0
25-03-2008,806.0,824.0,193,824.0,806.0,806.0
26-03-2008,802.0,806.0,219,870.0,866.0,866.0
27-03-2008,848.0,876.0,58,876.0,858.0,858.0
28-03-2008,850.0,856.0,50,888.0,888.0,888.0
31-03-2008,852.0,862.0,52,872.0,872.0,872.0
01-04-2008,866.0,868.0,85,884.0,882.0,882.0
02-04-2008,876.0,876.0,150,896.0,878.0,878.0
03-04-2008,838.0,878.0,74,886.0,874.0,874.0
04-04-2008,844.0,854.0,77,876.0,876.0,876.0
07-04-2008,850.0,876.0,163,876.0,876.0,876.0
08-04-2008,858.0,858.0,100,878.0,874.0,874.0
09-04-2008,848.0,866.0,159,876.0,856.0,856.0
10-04-2008,830.0,856.0,261,876.0,854.0,854.0
11-04-2008,826.0,858.0,131,862.0,862.0,862.0
14-04-2008,804.0,842.0,109,844.0,804.0,804.0
15-04-2008,806.0,806.0,139,838.0,832.0,832.0
16-04-2008,826.0,838.0,155,862.0,830.0,830.0
17-04-2008,840.0,840.0,256,884.0,854.0,854.0
18-04-2008,848.0,866.0,136,882.0,878.0,878.0
21-04-2008,866.0,872.0,205,936.0,936.0,936.0
22-04-2008,900.0,924.0,263,926.0,926.0,926.0
23-04-2008,920.0,920.0,681,952.0,932.0,932.0
24-04-2008,912.0,920.0,148,954.0,920.0,920.0
25-04-2008,906.0,912.0,87,964.0,958.0,958.0
28-04-2008,960.0,966.0,313,988.0,982.0,982.0
29-04-2008,814.0,976.0,399,978.0,870.0,870.0
30-04-2008,878.0,880.0,318,948.0,918.0,918.0
01-05-2008,906.0,906.0,269,946.0,946.0,946.0
02-05-2008,960.0,960.0,1264,1060.0,1054.0,1054.0
05-05-2008,1020.0,1062.0,451,1064.0,1060.0,1060.0
06-05-2008,996.0,1054.0,1813,1272.0,1128.0,1128.0
07-05-2008,1108.0,1122.0,329,1142.0,1116.0,1116.0
08-05-2008,1078.0,1100.0,290,1104.0,1092.0,1092.0
09-05-2008,1082.0,1122.0,295,1136.0,1102.0,1102.0
12-05-2008,1086.0,1134.0,272,1150.0,1150.0,1150.0
13-05-2008,1102.0,1148.0,326,1148.0,1142.0,1142.0
14-05-2008,1120.0,1148.0,335,1176.0,1156.0,1156.0
15-05-2008,1138.0,1156.0,124,1156.0,1140.0,1140.0
16-05-2008,1086.0,1132.0,332,1138.0,1110.0,1110.0
19-05-2008,1058.0,1092.0,313,1104.0,1098.0,1098.0
20-05-2008,1032.0,1092.0,245,1092.0,1088.0,1088.0
21-05-2008,1082.0,1096.0,223,1144.0,1084.0,1084.0
22-05-2008,1080.0,1080.0,303,1148.0,1118.0,1118.0
23-05-2008,1068.0,1120.0,324,1122.0,1076.0,1076.0
27-05-2008,1038.0,1070.0,216,1110.0,1078.0,1078.0
28-05-2008,1020.0,1100.0,155,1112.0,1024.0,1024.0
29-05-2008,972.0,1042.0,391,1052.0,974.0,974.0
30-05-2008,962.0,988.0,336,1050.0,1000.0,1000.0
02-06-2008,962.0,1002.0,268,1020.0,1002.0,1002.0
03-06-2008,978.0,1010.0,187,1016.0,996.0,996.0
04-06-2008,980.0,992.0,115,1002.0,1000.0,1000.0
05-06-2008,994.0,1000.0,279,1068.0,1068.0,1068.0
06-06-2008,1044.0,1064.0,86,1072.0,1048.0,1048.0
09-06-2008,1008.0,1054.0,184,1054.0,1030.0,1030.0
10-06-2008,1036.0,1050.0,60,1060.0,1040.0,1040.0
11-06-2008,1006.0,1058.0,114,1058.0,1018.0,1018.0
12-06-2008,1012.0,1016.0,20,1028.0,1012.0,1012.0
13-06-2008,970.0,1020.0,250,1030.0,1012.0,1012.0
16-06-2008,990.0,1002.0,119,1058.0,1042.0,1042.0
17-06-2008,962.0,1032.0,186,1054.0,1024.0,1024.0
18-06-2008,1008.0,1030.0,87,1040.0,1020.0,1020.0
19-06-2008,1002.0,1026.0,55,1026.0,1008.0,1008.0
20-06-2008,980.0,1000.0,244,1076.0,1062.0,1062.0
23-06-2008,986.0,1060.0,68,1076.0,996.0,996.0
24-06-2008,994.0,1016.0,82,1016.0,1000.0,1000.0
25-06-2008,978.0,1018.0,163,1038.0,1000.0,1000.0
26-06-2008,962.0,1004.0,248,1004.0,978.0,978.0
27-06-2008,964.0,964.0,217,1000.0,998.0,998.0
30-06-2008,944.0,1000.0,142,1000.0,982.0,982.0
01-07-2008,922.0,980.0,102,980.0,970.0,970.0
02-07-2008,900.0,950.0,185,954.0,900.0,900.0
03-07-2008,898.0,900.0,19,932.0,916.0,916.0
07-07-2008,834.0,876.0,133,902.0,892.0,892.0
08-07-2008,848.0,878.0,137,910.0,882.0,882.0
09-07-2008,816.0,852.0,106,866.0,826.0,826.0
10-07-2008,818.0,828.0,87,850.0,850.0,850.0
11-07-2008,840.0,850.0,18,854.0,850.0,850.0
14-07-2008,814.0,822.0,81,864.0,850.0,850.0
15-07-2008,816.0,858.0,95,862.0,820.0,820.0
16-07-2008,820.0,850.0,114,866.0,866.0,866.0
17-07-2008,840.0,872.0,135,880.0,856.0,856.0
18-07-2008,802.0,844.0,109,864.0,862.0,862.0
21-07-2008,826.0,850.0,91,856.0,834.0,834.0
22-07-2008,806.0,826.0,75,832.0,816.0,816.0
23-07-2008,800.0,800.0,76,828.0,816.0,816.0
24-07-2008,806.0,806.0,68,828.0,828.0,828.0
25-07-2008,826.0,830.0,158,846.0,828.0,828.0
28-07-2008,776.0,810.0,137,840.0,800.0,800.0
29-07-2008,780.0,810.0,96,828.0,792.0,792.0
30-07-2008,774.0,774.0,188,816.0,800.0,800.0
31-07-2008,790.0,790.0,73,808.0,796.0,796.0
01-08-2008,784.0,784.0,1347,902.0,892.0,892.0
04-08-2008,894.0,896.0,205,924.0,916.0,916.0
05-08-2008,920.0,920.0,98,950.0,944.0,944.0
06-08-2008,900.0,952.0,181,1010.0,908.0,908.0
07-08-2008,932.0,932.0,270,1010.0,948.0,948.0
08-08-2008,900.0,930.0,105,950.0,932.0,932.0
11-08-2008,904.0,904.0,125,952.0,950.0,950.0
12-08-2008,900.0,948.0,109,950.0,942.0,942.0
13-08-2008,932.0,936.0,58,940.0,940.0,940.0
14-08-2008,886.0,926.0,306,940.0,922.0,922.0
15-08-2008,918.0,938.0,50,938.0,920.0,920.0
18-08-2008,912.0,928.0,82,940.0,914.0,914.0
19-08-2008,912.0,936.0,336,940.0,916.0,916.0
20-08-2008,880.0,900.0,93,912.0,888.0,888.0
21-08-2008,894.0,896.0,27,900.0,898.0,898.0
22-08-2008,892.0,898.0,21,900.0,900.0,900.0
25-08-2008,872.0,882.0,47,900.0,878.0,878.0
26-08-2008,868.0,882.0,41,902.0,902.0,902.0
27-08-2008,866.0,866.0,34,900.0,870.0,870.0
28-08-2008,864.0,870.0,62,892.0,884.0,884.0
29-08-2008,862.0,892.0,87,910.0,910.0,910.0
02-09-2008,856.0,898.0,61,900.0,856.0,856.0
03-09-2008,836.0,860.0,52,870.0,836.0,836.0
04-09-2008,828.0,840.0,62,852.0,850.0,850.0
05-09-2008,836.0,836.0,103,870.0,870.0,870.0
08-09-2008,866.0,884.0,129,930.0,908.0,908.0
09-09-2008,814.0,882.0,66,892.0,852.0,852.0
10-09-2008,816.0,836.0,105,868.0,856.0,856.0
11-09-2008,808.0,856.0,47,884.0,842.0,842.0
12-09-2008,830.0,834.0,175,900.0,900.0,900.0
15-09-2008,826.0,880.0,60,880.0,834.0,834.0
16-09-2008,794.0,822.0,43,856.0,856.0,856.0
17-09-2008,772.0,844.0,71,844.0,812.0,812.0
18-09-2008,748.0,798.0,220,868.0,816.0,816.0
19-09-2008,816.0,836.0,272,850.0,850.0,850.0
22-09-2008,782.0,822.0,55,840.0,800.0,800.0
23-09-2008,800.0,800.0,186,868.0,868.0,868.0
24-09-2008,784.0,856.0,227,856.0,784.0,784.0
25-09-2008,770.0,770.0,110,820.0,820.0,820.0
26-09-2008,772.0,772.0,148,840.0,834.0,834.0
29-09-2008,584.0,796.0,187,900.0,900.0,900.0
30-09-2008,800.0,850.0,165,850.0,850.0,850.0
01-10-2008,804.0,804.0,30,836.0,824.0,824.0
02-10-2008,798.0,810.0,256,812.0,798.0,798.0
03-10-2008,780.0,802.0,240,820.0,780.0,780.0
06-10-2008,720.0,744.0,283,800.0,754.0,754.0
07-10-2008,714.0,804.0,578,808.0,806.0,806.0
08-10-2008,714.0,812.0,167,818.0,762.0,762.0
09-10-2008,644.0,724.0,129,738.0,738.0,738.0
10-10-2008,642.0,642.0,352,784.0,670.0,670.0
13-10-2008,640.0,692.0,185,768.0,706.0,706.0
14-10-2008,636.0,744.0,218,744.0,742.0,742.0
15-10-2008,670.0,734.0,194,800.0,718.0,718.0
16-10-2008,658.0,720.0,874,796.0,760.0,760.0
17-10-2008,728.0,774.0,423,778.0,760.0,760.0
20-10-2008,702.0,758.0,185,760.0,712.0,712.0
21-10-2008,690.0,690.0,92,760.0,760.0,760.0
22-10-2008,678.0,758.0,452,758.0,678.0,678.0
23-10-2008,650.0,680.0,156,732.0,650.0,650.0
24-10-2008,640.0,640.0,150,746.0,680.0,680.0
27-10-2008,606.0,700.0,194,700.0,646.0,646.0
28-10-2008,600.0,678.0,182,720.0,688.0,688.0
29-10-2008,622.0,684.0,193,706.0,650.0,650.0
30-10-2008,606.0,614.0,166,694.0,694.0,694.0
31-10-2008,672.0,672.0,182,760.0,760.0,760.0
03-11-2008,690.0,746.0,210,746.0,694.0,694.0
04-11-2008,682.0,692.0,131,706.0,690.0,690.0
05-11-2008,654.0,662.0,321,740.0,678.0,678.0
06-11-2008,646.0,670.0,153,688.0,648.0,648.0
07-11-2008,650.0,650.0,161,718.0,700.0,700.0
10-11-2008,614.0,700.0,117,700.0,632.0,632.0
11-11-2008,576.0,642.0,87,660.0,592.0,592.0
12-11-2008,506.0,592.0,112,594.0,566.0,566.0
13-11-2008,480.0,574.0,123,574.0,554.0,554.0
14-11-2008,510.0,510.0,31,546.0,530.0,530.0
17-11-2008,464.0,502.0,78,534.0,486.0,486.0
18-11-2008,450.0,480.0,279,586.0,562.0,562.0
19-11-2008,432.0,482.0,115,568.0,434.0,434.0
20-11-2008,366.0,432.0,343,442.0,426.0,426.0
21-11-2008,368.0,368.0,93,424.0,402.0,402.0
24-11-2008,376.0,392.0,264,420.0,402.0,402.0
25-11-2008,344.0,378.0,77,426.0,384.0,384.0
26-11-2008,380.0,380.0,47,442.0,438.0,438.0
28-11-2008,420.0,420.0,70,478.0,478.0,478.0
01-12-2008,382.0,478.0,81,478.0,462.0,462.0
02-12-2008,396.0,396.0,46,474.0,472.0,472.0
03-12-2008,410.0,448.0,37,448.0,412.0,412.0
04-12-2008,398.0,410.0,149,442.0,434.0,434.0
05-12-2008,390.0,442.0,166,442.0,418.0,418.0
08-12-2008,362.0,402.0,312,438.0,362.0,362.0
09-12-2008,360.0,360.0,201,444.0,412.0,412.0
10-12-2008,400.0,428.0,125,430.0,402.0,402.0
11-12-2008,400.0,400.0,127,424.0,400.0,400.0
12-12-2008,370.0,410.0,77,438.0,410.0,410.0
15-12-2008,368.0,394.0,55,406.0,406.0,406.0
16-12-2008,376.0,396.0,125,402.0,384.0,384.0
17-12-2008,354.0,392.0,275,400.0,380.0,380.0
18-12-2008,358.0,392.0,80,394.0,386.0,386.0
19-12-2008,330.0,368.0,267,404.0,350.0,350.0
22-12-2008,358.0,358.0,240,400.0,376.0,376.0
23-12-2008,340.0,366.0,1794,396.0,376.0,376.0
24-12-2008,364.0,398.0,1272,400.0,376.0,376.0
26-12-2008,344.0,380.0,65,394.0,370.0,370.0
29-12-2008,370.0,370.0,917,402.0,386.0,386.0
30-12-2008,356.0,378.0,532,396.0,378.0,378.0
31-12-2008,374.0,388.0,4556,420.0,420.0,420.0
02-01-2009,382.0,408.0,376,426.0,420.0,420.0
05-01-2009,426.0,436.0,286,450.0,446.0,446.0
06-01-2009,432.0,460.0,218,466.0,438.0,438.0
07-01-2009,428.0,432.0,452,440.0,434.0,434.0
08-01-2009,430.0,434.0,86,440.0,434.0,434.0
09-01-2009,430.0,434.0,100,452.0,442.0,442.0
12-01-2009,428.0,442.0,313,456.0,430.0,430.0
13-01-2009,408.0,430.0,657,440.0,430.0,430.0
14-01-2009,426.0,430.0,301,436.0,430.0,430.0
15-01-2009,426.0,430.0,399,448.0,434.0,434.0
16-01-2009,424.0,436.0,341,448.0,424.0,424.0
20-01-2009,410.0,410.0,1115,448.0,420.0,420.0
21-01-2009,426.0,426.0,397,460.0,456.0,456.0
22-01-2009,418.0,442.0,322,460.0,430.0,430.0
23-01-2009,410.0,432.0,443,434.0,414.0,414.0
26-01-2009,418.0,418.0,213,440.0,424.0,424.0
27-01-2009,404.0,422.0,342,428.0,420.0,420.0
28-01-2009,404.0,430.0,352,440.0,420.0,420.0
29-01-2009,408.0,418.0,25,420.0,414.0,414.0
30-01-2009,410.0,420.0,100,420.0,414.0,414.0
02-02-2009,408.0,412.0,223,420.0,414.0,414.0
03-02-2009,406.0,412.0,223,420.0,416.0,416.0
04-02-2009,406.0,414.0,588,420.0,410.0,410.0
05-02-2009,398.0,412.0,321,418.0,400.0,400.0
06-02-2009,390.0,390.0,204,400.0,400.0,400.0
09-02-2009,398.0,400.0,233,404.0,400.0,400.0
10-02-2009,390.0,404.0,286,404.0,398.0,398.0
11-02-2009,392.0,402.0,84,402.0,400.0,400.0
12-02-2009,384.0,400.0,192,400.0,398.0,398.0
13-02-2009,394.0,400.0,158,400.0,394.0,394.0
17-02-2009,370.0,394.0,837,398.0,376.0,376.0
18-02-2009,372.0,376.0,48,382.0,374.0,374.0
19-02-2009,374.0,398.0,52,398.0,378.0,378.0
20-02-2009,374.0,376.0,99,388.0,382.0,382.0
23-02-2009,362.0,382.0,71,386.0,364.0,364.0
24-02-2009,350.0,362.0,80,374.0,370.0,370.0
25-02-2009,340.0,362.0,868,364.0,342.0,342.0
26-02-2009,338.0,346.0,267,352.0,340.0,340.0
27-02-2009,330.0,330.0,227,342.0,334.0,334.0
02-03-2009,282.0,320.0,197,334.0,318.0,318.0
03-03-2009,282.0,312.0,1384,312.0,292.0,292.0
04-03-2009,274.0,284.0,50,300.0,286.0,286.0
05-03-2009,270.0,286.0,95,288.0,280.0,280.0
06-03-2009,264.0,274.0,111,280.0,272.0,272.0
09-03-2009,212.0,264.0,1354,270.0,244.0,244.0
10-03-2009,264.0,272.0,115,274.0,270.0,270.0
11-03-2009,258.0,262.0,14,266.0,258.0,258.0
12-03-2009,240.0,260.0,252,272.0,260.0,260.0
13-03-2009,250.0,262.0,18,270.0,262.0,262.0
16-03-2009,256.0,258.0,169,270.0,270.0,270.0
17-03-2009,264.0,264.0,117,290.0,290.0,290.0
18-03-2009,290.0,290.0,73,310.0,308.0,308.0
19-03-2009,310.0,322.0,36,330.0,314.0,314.0
20-03-2009,308.0,312.0,90,320.0,320.0,320.0
23-03-2009,298.0,308.0,209,308.0,300.0,300.0
24-03-2009,278.0,284.0,16,298.0,294.0,294.0
25-03-2009,290.0,290.0,71,340.0,318.0,318.0
26-03-2009,306.0,312.0,678,344.0,334.0,334.0
27-03-2009,328.0,330.0,17,336.0,336.0,336.0
30-03-2009,316.0,326.0,34,376.0,354.0,354.0
31-03-2009,350.0,352.0,70,380.0,364.0,364.0
01-04-2009,346.0,352.0,102,374.0,374.0,374.0
02-04-2009,372.0,376.0,239,384.0,376.0,376.0
03-04-2009,374.0,388.0,1122,400.0,390.0,390.0
06-04-2009,380.0,398.0,218,400.0,382.0,382.0
07-04-2009,378.0,386.0,48,392.0,390.0,390.0
08-04-2009,392.0,392.0,78,400.0,394.0,394.0
09-04-2009,384.0,388.0,422,400.0,400.0,400.0
13-04-2009,346.0,390.0,109,392.0,382.0,382.0
14-04-2009,368.0,370.0,136,386.0,380.0,380.0
15-04-2009,350.0,368.0,29,376.0,376.0,376.0
16-04-2009,364.0,364.0,51,400.0,400.0,400.0
17-04-2009,360.0,388.0,21,388.0,368.0,368.0
20-04-2009,358.0,368.0,61,368.0,364.0,364.0
21-04-2009,348.0,362.0,88,364.0,348.0,348.0
22-04-2009,346.0,348.0,142,352.0,350.0,350.0
23-04-2009,340.0,340.0,9,348.0,348.0,348.0
24-04-2009,336.0,344.0,48,346.0,346.0,346.0
27-04-2009,326.0,348.0,90,350.0,342.0,342.0
28-04-2009,300.0,320.0,1114,330.0,300.0,300.0
29-04-2009,284.0,316.0,2056,318.0,290.0,290.0
30-04-2009,278.0,290.0,1677,290.0,280.0,280.0
01-05-2009,278.0,286.0,1831,286.0,278.0,278.0
04-05-2009,276.0,282.0,1229,302.0,302.0,302.0
05-05-2009,296.0,310.0,290,310.0,310.0,310.0
06-05-2009,282.0,310.0,300,310.0,300.0,300.0
07-05-2009,280.0,284.0,538,310.0,306.0,306.0
08-05-2009,300.0,306.0,180,324.0,320.0,320.0
11-05-2009,312.0,322.0,165,328.0,318.0,318.0
12-05-2009,302.0,308.0,229,324.0,318.0,318.0
13-05-2009,318.0,322.0,228,332.0,332.0,332.0
14-05-2009,322.0,332.0,157,332.0,326.0,326.0
15-05-2009,310.0,324.0,81,324.0,320.0,320.0
18-05-2009,314.0,320.0,92,322.0,320.0,320.0
19-05-2009,310.0,318.0,46,320.0,318.0,318.0
20-05-2009,310.0,318.0,362,332.0,316.0,316.0
21-05-2009,320.0,324.0,32,352.0,352.0,352.0
22-05-2009,310.0,344.0,217,344.0,314.0,314.0
26-05-2009,314.0,314.0,28,326.0,322.0,322.0
27-05-2009,304.0,330.0,184,330.0,304.0,304.0
28-05-2009,312.0,320.0,49,322.0,322.0,322.0
29-05-2009,320.0,330.0,223,338.0,320.0,320.0
01-06-2009,306.0,322.0,276,330.0,324.0,324.0
02-06-2009,318.0,318.0,65,330.0,330.0,330.0
03-06-2009,316.0,322.0,124,330.0,322.0,322.0
04-06-2009,316.0,328.0,184,350.0,350.0,350.0
05-06-2009,330.0,336.0,1060,340.0,330.0,330.0
08-06-2009,320.0,336.0,1081,342.0,320.0,320.0
09-06-2009,324.0,338.0,295,340.0,336.0,336.0
10-06-2009,324.0,336.0,544,340.0,326.0,326.0
11-06-2009,308.0,330.0,512,334.0,332.0,332.0
12-06-2009,320.0,330.0,427,330.0,320.0,320.0
15-06-2009,312.0,314.0,69,336.0,336.0,336.0
16-06-2009,318.0,332.0,164,338.0,322.0,322.0
17-06-2009,318.0,328.0,10,336.0,330.0,330.0
18-06-2009,320.0,324.0,37,336.0,330.0,330.0
19-06-2009,318.0,330.0,67,344.0,344.0,344.0
22-06-2009,320.0,328.0,127,330.0,328.0,328.0
23-06-2009,318.0,336.0,43,348.0,328.0,328.0
24-06-2009,310.0,322.0,57,336.0,310.0,310.0
25-06-2009,302.0,312.0,167,320.0,306.0,306.0
26-06-2009,302.0,304.0,36,316.0,310.0,310.0
29-06-2009,310.0,310.0,12,318.0,318.0,318.0
30-06-2009,324.0,326.0,111,342.0,330.0,330.0
01-07-2009,302.0,316.0,40,330.0,306.0,306.0
02-07-2009,310.0,312.0,51,324.0,310.0,310.0
06-07-2009,300.0,312.0,51,312.0,300.0,300.0
07-07-2009,294.0,322.0,90,342.0,294.0,294.0
08-07-2009,288.0,296.0,83,318.0,312.0,312.0
09-07-2009,320.0,322.0,48,332.0,324.0,324.0
10-07-2009,326.0,326.0,106,334.0,328.0,328.0
13-07-2009,322.0,336.0,31,340.0,322.0,322.0
14-07-2009,318.0,326.0,19,334.0,318.0,318.0
15-07-2009,320.0,330.0,12,330.0,320.0,320.0
16-07-2009,310.0,318.0,23,336.0,330.0,330.0
17-07-2009,324.0,334.0,29,334.0,324.0,324.0
20-07-2009,324.0,324.0,310,330.0,328.0,328.0
21-07-2009,310.0,322.0,186,328.0,312.0,312.0
22-07-2009,318.0,322.0,49,336.0,330.0,330.0
23-07-2009,310.0,320.0,55,338.0,330.0,330.0
24-07-2009,312.0,322.0,39,336.0,336.0,336.0
27-07-2009,322.0,324.0,12,332.0,330.0,330.0
28-07-2009,330.0,330.0,49,336.0,336.0,336.0
29-07-2009,312.0,332.0,53,332.0,322.0,322.0
30-07-2009,312.0,316.0,14,332.0,322.0,322.0
31-07-2009,310.0,316.0,83,324.0,324.0,324.0
03-08-2009,326.0,330.0,218,342.0,342.0,342.0
04-08-2009,332.0,340.0,66,348.0,332.0,332.0
05-08-2009,338.0,338.0,353,522.0,448.0,448.0
06-08-2009,390.0,462.0,411,462.0,426.0,426.0
07-08-2009,406.0,420.0,77,422.0,406.0,406.0
10-08-2009,408.0,420.0,93,422.0,410.0,410.0
11-08-2009,390.0,422.0,354,426.0,416.0,416.0
12-08-2009,392.0,422.0,51,422.0,406.0,406.0
13-08-2009,400.0,404.0,85,406.0,400.0,400.0
14-08-2009,398.0,400.0,109,420.0,400.0,400.0
17-08-2009,390.0,400.0,209,406.0,398.0,398.0
18-08-2009,392.0,392.0,68,398.0,398.0,398.0
19-08-2009,398.0,404.0,174,420.0,398.0,398.0
20-08-2009,398.0,400.0,114,410.0,404.0,404.0
21-08-2009,408.0,410.0,184,430.0,422.0,422.0
24-08-2009,430.0,430.0,135,464.0,464.0,464.0
25-08-2009,466.0,470.0,291,478.0,476.0,476.0
26-08-2009,450.0,468.0,76,488.0,450.0,450.0
27-08-2009,440.0,440.0,34,460.0,452.0,452.0
28-08-2009,464.0,478.0,748,506.0,492.0,492.0
31-08-2009,470.0,476.0,339,496.0,496.0,496.0
01-09-2009,464.0,490.0,85,490.0,470.0,470.0
02-09-2009,458.0,458.0,365,482.0,480.0,480.0
03-09-2009,462.0,512.0,59,512.0,494.0,494.0
04-09-2009,490.0,492.0,81,498.0,492.0,492.0
08-09-2009,486.0,486.0,91,516.0,502.0,502.0
09-09-2009,480.0,510.0,146,520.0,494.0,494.0
10-09-2009,472.0,508.0,115,520.0,496.0,496.0
11-09-2009,498.0,500.0,95,504.0,500.0,500.0
14-09-2009,476.0,496.0,32,512.0,512.0,512.0
15-09-2009,502.0,504.0,76,510.0,506.0,506.0
16-09-2009,502.0,502.0,199,520.0,502.0,502.0
17-09-2009,500.0,502.0,193,550.0,550.0,550.0
18-09-2009,500.0,548.0,341,548.0,518.0,518.0
21-09-2009,502.0,512.0,79,528.0,506.0,506.0
22-09-2009,506.0,514.0,384,532.0,520.0,520.0
23-09-2009,508.0,516.0,250,520.0,510.0,510.0
24-09-2009,494.0,494.0,112,512.0,508.0,508.0
25-09-2009,490.0,510.0,354,510.0,498.0,498.0
28-09-2009,494.0,510.0,84,510.0,502.0,502.0
29-09-2009,488.0,506.0,344,512.0,500.0,500.0
30-09-2009,498.0,514.0,243,518.0,500.0,500.0
01-10-2009,498.0,504.0,87,518.0,498.0,498.0
02-10-2009,498.0,504.0,125,504.0,498.0,498.0
05-10-2009,500.0,500.0,49,502.0,502.0,502.0
06-10-2009,484.0,484.0,153,506.0,506.0,506.0
07-10-2009,498.0,502.0,92,506.0,504.0,504.0
08-10-2009,492.0,492.0,44,510.0,506.0,506.0
09-10-2009,490.0,508.0,103,508.0,500.0,500.0
12-10-2009,500.0,506.0,98,518.0,510.0,510.0
13-10-2009,484.0,484.0,112,512.0,502.0,502.0
14-10-2009,492.0,498.0,159,508.0,500.0,500.0
15-10-2009,500.0,500.0,358,516.0,510.0,510.0
16-10-2009,498.0,502.0,269,512.0,510.0,510.0
19-10-2009,498.0,500.0,253,510.0,500.0,500.0
20-10-2009,488.0,490.0,194,498.0,492.0,492.0
21-10-2009,488.0,496.0,144,496.0,492.0,492.0
22-10-2009,486.0,488.0,289,494.0,490.0,490.0
23-10-2009,470.0,488.0,317,492.0,476.0,476.0
26-10-2009,476.0,480.0,151,492.0,480.0,480.0
27-10-2009,472.0,484.0,74,484.0,478.0,478.0
28-10-2009,440.0,498.0,892,500.0,476.0,476.0
29-10-2009,438.0,478.0,767,478.0,438.0,438.0
30-10-2009,444.0,444.0,5892,510.0,472.0,472.0
02-11-2009,488.0,490.0,1371,520.0,502.0,502.0
03-11-2009,498.0,498.0,2089,584.0,584.0,584.0
04-11-2009,548.0,558.0,549,590.0,588.0,588.0
05-11-2009,570.0,588.0,213,590.0,582.0,582.0
06-11-2009,548.0,568.0,130,576.0,550.0,550.0
09-11-2009,516.0,544.0,210,564.0,558.0,558.0
10-11-2009,540.0,558.0,95,558.0,544.0,544.0
11-11-2009,548.0,548.0,264,588.0,578.0,578.0
12-11-2009,568.0,568.0,322,590.0,584.0,584.0
13-11-2009,562.0,584.0,150,590.0,570.0,570.0
16-11-2009,548.0,578.0,153,584.0,548.0,548.0
17-11-2009,520.0,538.0,171,552.0,540.0,540.0
18-11-2009,528.0,528.0,213,550.0,540.0,540.0
19-11-2009,524.0,526.0,457,550.0,550.0,550.0
20-11-2009,540.0,540.0,540,570.0,560.0,560.0
23-11-2009,560.0,578.0,634,594.0,594.0,594.0
24-11-2009,576.0,588.0,568,614.0,614.0,614.0
25-11-2009,600.0,604.0,1007,638.0,636.0,636.0
27-11-2009,620.0,630.0,93,636.0,620.0,620.0
30-11-2009,620.0,620.0,1283,782.0,726.0,726.0
01-12-2009,704.0,782.0,742,782.0,730.0,730.0
02-12-2009,718.0,738.0,228,746.0,746.0,746.0
03-12-2009,700.0,744.0,442,746.0,712.0,712.0
04-12-2009,650.0,700.0,339,704.0,692.0,692.0
07-12-2009,662.0,680.0,183,682.0,668.0,668.0
08-12-2009,650.0,660.0,332,664.0,652.0,652.0
09-12-2009,620.0,652.0,158,654.0,624.0,624.0
10-12-2009,600.0,620.0,186,634.0,614.0,614.0
11-12-2009,600.0,608.0,139,626.0,626.0,626.0
14-12-2009,628.0,634.0,481,654.0,628.0,628.0
15-12-2009,628.0,628.0,558,650.0,632.0,632.0
16-12-2009,636.0,638.0,329,650.0,650.0,650.0
17-12-2009,622.0,638.0,118,650.0,634.0,634.0
18-12-2009,634.0,640.0,300,658.0,658.0,658.0
21-12-2009,642.0,650.0,1203,740.0,648.0,648.0
22-12-2009,640.0,650.0,715,700.0,660.0,660.0
23-12-2009,630.0,660.0,858,686.0,680.0,680.0
24-12-2009,664.0,680.0,365,770.0,720.0,720.0
28-12-2009,720.0,722.0,884,810.0,808.0,808.0
29-12-2009,782.0,806.0,297,830.0,792.0,792.0
30-12-2009,776.0,788.0,187,796.0,788.0,788.0
31-12-2009,770.0,788.0,205,788.0,788.0,788.0
04-01-2010,780.0,780.0,246,800.0,800.0,800.0
05-01-2010,774.0,798.0,370,806.0,796.0,796.0
06-01-2010,788.0,788.0,278,814.0,800.0,800.0
07-01-2010,770.0,794.0,200,798.0,790.0,790.0
08-01-2010,786.0,788.0,127,802.0,802.0,802.0
11-01-2010,788.0,800.0,83,802.0,796.0,796.0
12-01-2010,788.0,788.0,123,804.0,796.0,796.0
13-01-2010,794.0,800.0,194,808.0,800.0,800.0
14-01-2010,794.0,804.0,603,816.0,806.0,806.0
15-01-2010,806.0,806.0,720,900.0,886.0,886.0
19-01-2010,852.0,894.0,798,940.0,936.0,936.0
20-01-2010,912.0,936.0,911,968.0,968.0,968.0
21-01-2010,938.0,968.0,1632,1010.0,962.0,962.0
22-01-2010,936.0,946.0,925,1018.0,946.0,946.0
25-01-2010,952.0,952.0,475,994.0,978.0,978.0
26-01-2010,948.0,990.0,487,990.0,948.0,948.0
27-01-2010,936.0,966.0,234,978.0,944.0,944.0
28-01-2010,850.0,946.0,1020,948.0,882.0,882.0
29-01-2010,886.0,888.0,610,938.0,898.0,898.0
01-02-2010,876.0,910.0,602,924.0,912.0,912.0
02-02-2010,850.0,920.0,2441,968.0,862.0,862.0
03-02-2010,726.0,842.0,1325,850.0,780.0,780.0
04-02-2010,752.0,752.0,453,808.0,760.0,760.0
05-02-2010,700.0,752.0,570,762.0,710.0,710.0
08-02-2010,702.0,702.0,231,724.0,710.0,710.0
09-02-2010,706.0,716.0,184,718.0,710.0,710.0
10-02-2010,702.0,702.0,204,728.0,712.0,712.0
11-02-2010,680.0,712.0,638,716.0,692.0,692.0
12-02-2010,670.0,672.0,715,702.0,692.0,692.0
16-02-2010,678.0,686.0,233,700.0,688.0,688.0
17-02-2010,682.0,696.0,335,700.0,686.0,686.0
18-02-2010,652.0,680.0,334,690.0,668.0,668.0
19-02-2010,660.0,672.0,236,688.0,688.0,688.0
22-02-2010,682.0,692.0,515,746.0,738.0,738.0
23-02-2010,740.0,750.0,385,762.0,750.0,750.0
24-02-2010,730.0,744.0,154,760.0,736.0,736.0
25-02-2010,686.0,742.0,226,746.0,700.0,700.0
26-02-2010,690.0,706.0,173,738.0,730.0,730.0
01-03-2010,720.0,734.0,149,734.0,720.0,720.0
02-03-2010,712.0,722.0,370,760.0,732.0,732.0
03-03-2010,726.0,734.0,86,744.0,744.0,744.0
04-03-2010,740.0,740.0,134,754.0,752.0,752.0
05-03-2010,746.0,746.0,70,760.0,758.0,758.0
08-03-2010,760.0,764.0,228,794.0,772.0,772.0
09-03-2010,730.0,766.0,387,798.0,734.0,734.0
10-03-2010,726.0,732.0,403,754.0,744.0,744.0
11-03-2010,740.0,754.0,56,756.0,744.0,744.0
12-03-2010,732.0,752.0,115,768.0,740.0,740.0
15-03-2010,726.0,740.0,94,742.0,726.0,726.0
16-03-2010,722.0,726.0,232,730.0,730.0,730.0
17-03-2010,710.0,730.0,213,732.0,726.0,726.0
18-03-2010,720.0,722.0,218,750.0,738.0,738.0
19-03-2010,722.0,730.0,298,766.0,766.0,766.0
22-03-2010,726.0,766.0,86,766.0,726.0,726.0
23-03-2010,716.0,740.0,187,740.0,718.0,718.0
24-03-2010,710.0,724.0,121,724.0,720.0,720.0
25-03-2010,720.0,720.0,249,744.0,724.0,724.0
26-03-2010,730.0,730.0,172,758.0,730.0,730.0
29-03-2010,724.0,730.0,354,798.0,770.0,770.0
30-03-2010,776.0,776.0,478,860.0,808.0,808.0
31-03-2010,786.0,812.0,171,842.0,802.0,802.0
01-04-2010,810.0,820.0,84,828.0,818.0,818.0
05-04-2010,816.0,822.0,146,824.0,820.0,820.0
06-04-2010,804.0,810.0,173,830.0,826.0,826.0
07-04-2010,780.0,822.0,398,828.0,804.0,804.0
08-04-2010,784.0,790.0,192,824.0,822.0,822.0
09-04-2010,808.0,820.0,98,826.0,826.0,826.0
12-04-2010,790.0,814.0,371,822.0,804.0,804.0
13-04-2010,796.0,796.0,79,814.0,812.0,812.0
14-04-2010,790.0,816.0,232,854.0,848.0,848.0
15-04-2010,844.0,850.0,154,870.0,870.0,870.0
16-04-2010,850.0,866.0,183,878.0,864.0,864.0
19-04-2010,816.0,850.0,89,866.0,866.0,866.0
20-04-2010,834.0,866.0,237,888.0,874.0,874.0
21-04-2010,860.0,866.0,58,882.0,864.0,864.0
22-04-2010,860.0,876.0,131,898.0,884.0,884.0
23-04-2010,890.0,890.0,465,998.0,904.0,904.0
26-04-2010,886.0,936.0,154,936.0,906.0,906.0
27-04-2010,884.0,896.0,165,906.0,904.0,904.0
28-04-2010,900.0,900.0,535,970.0,954.0,954.0
29-04-2010,904.0,958.0,242,960.0,930.0,930.0
30-04-2010,846.0,916.0,216,922.0,864.0,864.0
03-05-2010,850.0,864.0,292,926.0,912.0,912.0
04-05-2010,810.0,906.0,187,912.0,842.0,842.0
05-05-2010,800.0,858.0,232,866.0,850.0,850.0
06-05-2010,800.0,858.0,328,870.0,816.0,816.0
07-05-2010,820.0,820.0,345,912.0,824.0,824.0
10-05-2010,806.0,840.0,165,852.0,834.0,834.0
11-05-2010,830.0,840.0,133,882.0,864.0,864.0
12-05-2010,864.0,872.0,269,892.0,886.0,886.0
13-05-2010,866.0,886.0,117,898.0,880.0,880.0
14-05-2010,852.0,866.0,123,886.0,878.0,878.0
17-05-2010,822.0,866.0,199,878.0,850.0,850.0
18-05-2010,830.0,870.0,159,870.0,832.0,832.0
19-05-2010,798.0,838.0,252,838.0,822.0,822.0
20-05-2010,726.0,802.0,224,810.0,796.0,796.0
21-05-2010,762.0,766.0,403,792.0,774.0,774.0
24-05-2010,748.0,750.0,231,788.0,756.0,756.0
25-05-2010,740.0,762.0,122,762.0,752.0,752.0
26-05-2010,728.0,772.0,212,792.0,788.0,788.0
27-05-2010,770.0,798.0,276,824.0,824.0,824.0
28-05-2010,780.0,818.0,155,828.0,828.0,828.0
01-06-2010,800.0,828.0,84,828.0,800.0,800.0
02-06-2010,792.0,800.0,111,812.0,804.0,804.0
03-06-2010,800.0,812.0,360,850.0,822.0,822.0
04-06-2010,756.0,800.0,410,820.0,794.0,794.0
07-06-2010,794.0,800.0,311,838.0,804.0,804.0
08-06-2010,750.0,786.0,242,810.0,802.0,802.0
09-06-2010,790.0,790.0,77,834.0,806.0,806.0
10-06-2010,818.0,822.0,293,844.0,840.0,840.0
11-06-2010,838.0,838.0,241,878.0,870.0,870.0
14-06-2010,852.0,864.0,363,898.0,892.0,892.0
15-06-2010,872.0,872.0,530,924.0,908.0,908.0
16-06-2010,880.0,888.0,276,916.0,914.0,914.0
17-06-2010,890.0,914.0,128,916.0,916.0,916.0
18-06-2010,898.0,910.0,194,946.0,934.0,934.0
21-06-2010,896.0,934.0,114,944.0,922.0,922.0
22-06-2010,916.0,928.0,174,954.0,934.0,934.0
23-06-2010,894.0,944.0,370,950.0,910.0,910.0
24-06-2010,902.0,906.0,534,974.0,918.0,918.0
25-06-2010,906.0,944.0,16961,988.0,976.0,976.0
28-06-2010,920.0,988.0,375,1000.0,940.0,940.0
29-06-2010,910.0,926.0,377,968.0,922.0,922.0
30-06-2010,884.0,922.0,523,922.0,884.0,884.0
01-07-2010,852.0,892.0,389,920.0,852.0,852.0
02-07-2010,794.0,864.0,353,872.0,828.0,828.0
06-07-2010,796.0,834.0,426,864.0,798.0,798.0
07-07-2010,802.0,802.0,416,844.0,842.0,842.0
08-07-2010,802.0,848.0,430,880.0,830.0,830.0
09-07-2010,804.0,826.0,464,838.0,832.0,832.0
12-07-2010,830.0,832.0,593,936.0,854.0,854.0
13-07-2010,832.0,860.0,548,900.0,884.0,884.0
14-07-2010,840.0,880.0,337,880.0,856.0,856.0
15-07-2010,826.0,858.0,301,880.0,840.0,840.0
16-07-2010,822.0,834.0,415,834.0,826.0,826.0
19-07-2010,806.0,844.0,257,844.0,820.0,820.0
20-07-2010,800.0,814.0,277,860.0,856.0,856.0
21-07-2010,828.0,856.0,258,864.0,830.0,830.0
22-07-2010,832.0,838.0,217,860.0,860.0,860.0
23-07-2010,848.0,854.0,878,920.0,920.0,920.0
26-07-2010,892.0,918.0,464,952.0,940.0,940.0
27-07-2010,932.0,938.0,308,948.0,938.0,938.0
28-07-2010,924.0,938.0,289,950.0,926.0,926.0
29-07-2010,886.0,942.0,118,942.0,896.0,896.0
30-07-2010,880.0,886.0,173,940.0,908.0,908.0
02-08-2010,874.0,916.0,264,916.0,880.0,880.0
03-08-2010,876.0,876.0,95,904.0,888.0,888.0
04-08-2010,888.0,892.0,87,926.0,922.0,922.0
05-08-2010,916.0,916.0,67,940.0,928.0,928.0
06-08-2010,876.0,920.0,126,932.0,892.0,892.0
09-08-2010,886.0,898.0,117,926.0,922.0,922.0
10-08-2010,888.0,922.0,154,926.0,892.0,892.0
11-08-2010,882.0,888.0,449,904.0,890.0,890.0
12-08-2010,864.0,938.0,270,938.0,876.0,876.0
13-08-2010,860.0,876.0,273,880.0,868.0,868.0
16-08-2010,868.0,872.0,190,892.0,880.0,880.0
17-08-2010,884.0,888.0,224,904.0,894.0,894.0
18-08-2010,886.0,898.0,174,918.0,890.0,890.0
19-08-2010,880.0,892.0,274,920.0,886.0,886.0
20-08-2010,864.0,884.0,189,906.0,876.0,876.0
23-08-2010,848.0,880.0,191,896.0,854.0,854.0
24-08-2010,840.0,848.0,171,862.0,850.0,850.0
25-08-2010,840.0,850.0,213,876.0,870.0,870.0
26-08-2010,830.0,868.0,152,910.0,850.0,850.0
27-08-2010,832.0,858.0,180,924.0,918.0,918.0
30-08-2010,880.0,914.0,194,914.0,882.0,882.0
31-08-2010,852.0,880.0,112,886.0,856.0,856.0
01-09-2010,862.0,866.0,343,920.0,916.0,916.0
02-09-2010,896.0,916.0,111,918.0,918.0,918.0
03-09-2010,902.0,920.0,135,934.0,932.0,932.0
07-09-2010,882.0,930.0,147,930.0,886.0,886.0
08-09-2010,878.0,890.0,155,914.0,888.0,888.0
09-09-2010,888.0,898.0,75,918.0,888.0,888.0
10-09-2010,892.0,894.0,111,906.0,898.0,898.0
13-09-2010,898.0,904.0,515,940.0,934.0,934.0
14-09-2010,910.0,934.0,193,934.0,934.0,934.0
15-09-2010,898.0,932.0,307,956.0,950.0,950.0
16-09-2010,918.0,918.0,213,954.0,948.0,948.0
17-09-2010,946.0,962.0,696,962.0,946.0,946.0
20-09-2010,920.0,946.0,288,960.0,960.0,960.0
21-09-2010,928.0,960.0,440,970.0,968.0,968.0
22-09-2010,950.0,962.0,103,968.0,958.0,958.0
23-09-2010,950.0,952.0,184,966.0,950.0,950.0
24-09-2010,952.0,960.0,314,980.0,980.0,980.0
27-09-2010,950.0,980.0,355,980.0,962.0,962.0
28-09-2010,956.0,966.0,293,1000.0,1000.0,1000.0
29-09-2010,984.0,1000.0,723,1046.0,992.0,992.0
30-09-2010,974.0,1000.0,340,1022.0,976.0,976.0
01-10-2010,958.0,986.0,192,1002.0,990.0,990.0
04-10-2010,980.0,980.0,190,1020.0,986.0,986.0
05-10-2010,986.0,996.0,278,1030.0,1026.0,1026.0
06-10-2010,954.0,1024.0,462,1024.0,962.0,962.0
07-10-2010,964.0,970.0,282,1012.0,992.0,992.0
08-10-2010,954.0,992.0,158,992.0,978.0,978.0
11-10-2010,956.0,974.0,133,986.0,980.0,980.0
12-10-2010,970.0,976.0,71,990.0,990.0,990.0
13-10-2010,970.0,990.0,299,990.0,988.0,988.0
14-10-2010,980.0,984.0,174,990.0,988.0,988.0
15-10-2010,976.0,1002.0,354,1002.0,994.0,994.0
18-10-2010,972.0,992.0,112,996.0,990.0,990.0
19-10-2010,950.0,980.0,355,980.0,954.0,954.0
20-10-2010,954.0,962.0,171,970.0,960.0,960.0
21-10-2010,950.0,968.0,240,968.0,954.0,954.0
22-10-2010,950.0,956.0,135,974.0,974.0,974.0
25-10-2010,958.0,976.0,168,990.0,962.0,962.0
26-10-2010,928.0,956.0,883,968.0,934.0,934.0
27-10-2010,930.0,936.0,425,960.0,934.0,934.0
28-10-2010,932.0,944.0,390,956.0,934.0,934.0
29-10-2010,920.0,934.0,522,964.0,946.0,946.0
01-11-2010,946.0,950.0,283,950.0,946.0,946.0
02-11-2010,946.0,950.0,413,956.0,954.0,954.0
03-11-2010,950.0,950.0,214,958.0,954.0,954.0
04-11-2010,916.0,952.0,1323,952.0,942.0,942.0
05-11-2010,920.0,944.0,191,952.0,932.0,932.0
08-11-2010,914.0,926.0,196,930.0,920.0,920.0
09-11-2010,874.0,914.0,262,920.0,892.0,892.0
10-11-2010,868.0,896.0,242,900.0,894.0,894.0
11-11-2010,876.0,886.0,247,894.0,880.0,880.0
12-11-2010,880.0,880.0,209,896.0,888.0,888.0
15-11-2010,876.0,890.0,134,892.0,882.0,882.0
16-11-2010,828.0,874.0,213,874.0,832.0,832.0
17-11-2010,814.0,832.0,260,848.0,836.0,836.0
18-11-2010,830.0,842.0,331,842.0,842.0,842.0
19-11-2010,830.0,832.0,274,860.0,848.0,848.0
22-11-2010,814.0,840.0,160,862.0,832.0,832.0
23-11-2010,802.0,826.0,224,848.0,842.0,842.0
24-11-2010,828.0,842.0,327,842.0,832.0,832.0
26-11-2010,804.0,826.0,72,826.0,822.0,822.0
29-11-2010,812.0,822.0,141,824.0,822.0,822.0
30-11-2010,816.0,822.0,434,824.0,816.0,816.0
01-12-2010,816.0,822.0,388,832.0,830.0,830.0
02-12-2010,820.0,830.0,316,836.0,828.0,828.0
03-12-2010,816.0,822.0,205,834.0,834.0,834.0
06-12-2010,832.0,832.0,362,876.0,876.0,876.0
07-12-2010,864.0,876.0,742,960.0,960.0,960.0
08-12-2010,902.0,902.0,400,940.0,924.0,924.0
09-12-2010,930.0,936.0,361,944.0,938.0,938.0
10-12-2010,930.0,940.0,416,960.0,958.0,958.0
13-12-2010,964.0,964.0,853,1030.0,998.0,998.0
14-12-2010,960.0,1004.0,413,1004.0,970.0,970.0
15-12-2010,960.0,972.0,401,972.0,964.0,964.0
16-12-2010,964.0,970.0,950,1048.0,1048.0,1048.0
17-12-2010,1010.0,1046.0,2449,1094.0,1080.0,1080.0
20-12-2010,1052.0,1090.0,626,1118.0,1112.0,1112.0
21-12-2010,1112.0,1120.0,284,1126.0,1120.0,1120.0
22-12-2010,1102.0,1118.0,299,1120.0,1118.0,1118.0
23-12-2010,1098.0,1116.0,971,1212.0,1176.0,1176.0
27-12-2010,1132.0,1178.0,290,1178.0,1160.0,1160.0
28-12-2010,1134.0,1160.0,193,1160.0,1146.0,1146.0
29-12-2010,1108.0,1146.0,267,1146.0,1112.0,1112.0
30-12-2010,1108.0,1122.0,201,1130.0,1112.0,1112.0
31-12-2010,1108.0,1110.0,344,1156.0,1138.0,1138.0
03-01-2011,1106.0,1150.0,882,1180.0,1158.0,1158.0
04-01-2011,1134.0,1166.0,244,1166.0,1140.0,1140.0
05-01-2011,1122.0,1134.0,451,1156.0,1156.0,1156.0
06-01-2011,1146.0,1152.0,258,1172.0,1158.0,1158.0
07-01-2011,1144.0,1162.0,173,1178.0,1162.0,1162.0
10-01-2011,1140.0,1162.0,1559,1280.0,1252.0,1252.0
11-01-2011,1208.0,1264.0,1643,1328.0,1316.0,1316.0
12-01-2011,1266.0,1314.0,504,1320.0,1306.0,1306.0
13-01-2011,1274.0,1300.0,211,1320.0,1292.0,1292.0
14-01-2011,1268.0,1284.0,304,1314.0,1292.0,1292.0
18-01-2011,1258.0,1280.0,269,1316.0,1306.0,1306.0
19-01-2011,1280.0,1296.0,756,1310.0,1286.0,1286.0
20-01-2011,1248.0,1276.0,435,1288.0,1250.0,1250.0
21-01-2011,1240.0,1254.0,489,1280.0,1246.0,1246.0
24-01-2011,1240.0,1240.0,158,1262.0,1258.0,1258.0
25-01-2011,1200.0,1246.0,457,1256.0,1208.0,1208.0
26-01-2011,1190.0,1210.0,455,1240.0,1200.0,1200.0
27-01-2011,1184.0,1202.0,388,1216.0,1206.0,1206.0
28-01-2011,1146.0,1202.0,708,1208.0,1150.0,1150.0
31-01-2011,1140.0,1158.0,741,1188.0,1160.0,1160.0
01-02-2011,1170.0,1170.0,266,1200.0,1186.0,1186.0
02-02-2011,1170.0,1186.0,558,1204.0,1172.0,1172.0
03-02-2011,1174.0,1180.0,551,1210.0,1186.0,1186.0
04-02-2011,1090.0,1188.0,575,1190.0,1186.0,1186.0
07-02-2011,1184.0,1190.0,404,1214.0,1188.0,1188.0
08-02-2011,1184.0,1186.0,440,1214.0,1214.0,1214.0
09-02-2011,1198.0,1206.0,396,1218.0,1214.0,1214.0
10-02-2011,1202.0,1210.0,365,1220.0,1220.0,1220.0
11-02-2011,1200.0,1218.0,330,1230.0,1230.0,1230.0
14-02-2011,1184.0,1226.0,213,1230.0,1190.0,1190.0
15-02-2011,1176.0,1184.0,280,1196.0,1176.0,1176.0
16-02-2011,1162.0,1180.0,156,1184.0,1180.0,1180.0
17-02-2011,1144.0,1180.0,247,1182.0,1182.0,1182.0
18-02-2011,1178.0,1192.0,382,1202.0,1188.0,1188.0
22-02-2011,1140.0,1180.0,592,1182.0,1140.0,1140.0
23-02-2011,1138.0,1142.0,292,1152.0,1138.0,1138.0
24-02-2011,1120.0,1140.0,403,1144.0,1144.0,1144.0
25-02-2011,1140.0,1146.0,342,1158.0,1146.0,1146.0
28-02-2011,1100.0,1150.0,468,1150.0,1128.0,1128.0
01-03-2011,1100.0,1124.0,899,1134.0,1114.0,1114.0
02-03-2011,1100.0,1108.0,416,1152.0,1114.0,1114.0
03-03-2011,1124.0,1128.0,253,1148.0,1148.0,1148.0
04-03-2011,1136.0,1146.0,112,1146.0,1144.0,1144.0
07-03-2011,1126.0,1150.0,258,1166.0,1134.0,1134.0
08-03-2011,1110.0,1138.0,533,1154.0,1142.0,1142.0
09-03-2011,1134.0,1144.0,98,1148.0,1142.0,1142.0
10-03-2011,1090.0,1130.0,531,1138.0,1102.0,1102.0
11-03-2011,1068.0,1100.0,426,1120.0,1106.0,1106.0
14-03-2011,1076.0,1090.0,294,1118.0,1082.0,1082.0
15-03-2011,1046.0,1050.0,714,1136.0,1124.0,1124.0
16-03-2011,1092.0,1116.0,333,1130.0,1102.0,1102.0
17-03-2011,1062.0,1120.0,360,1120.0,1074.0,1074.0
18-03-2011,1066.0,1080.0,512,1088.0,1088.0,1088.0
21-03-2011,1088.0,1096.0,224,1108.0,1106.0,1106.0
22-03-2011,1108.0,1110.0,164,1118.0,1114.0,1114.0
23-03-2011,1102.0,1108.0,169,1150.0,1144.0,1144.0
24-03-2011,1128.0,1128.0,214,1150.0,1140.0,1140.0
25-03-2011,1132.0,1150.0,182,1176.0,1170.0,1170.0
28-03-2011,1144.0,1176.0,255,1176.0,1150.0,1150.0
29-03-2011,1116.0,1154.0,311,1190.0,1190.0,1190.0
30-03-2011,1188.0,1188.0,288,1200.0,1200.0,1200.0
31-03-2011,1174.0,1200.0,397,1202.0,1202.0,1202.0
01-04-2011,1190.0,1200.0,282,1200.0,1198.0,1198.0
04-04-2011,1192.0,1200.0,290,1200.0,1200.0,1200.0
05-04-2011,1168.0,1200.0,518,1234.0,1230.0,1230.0
06-04-2011,1132.0,1216.0,341,1240.0,1240.0,1240.0
07-04-2011,1208.0,1238.0,242,1244.0,1244.0,1244.0
08-04-2011,1184.0,1244.0,390,1248.0,1192.0,1192.0
11-04-2011,1152.0,1198.0,357,1198.0,1178.0,1178.0
12-04-2011,1082.0,1148.0,981,1154.0,1108.0,1108.0
13-04-2011,1088.0,1108.0,1692,1116.0,1096.0,1096.0
14-04-2011,1084.0,1090.0,541,1158.0,1146.0,1146.0
15-04-2011,1140.0,1140.0,1013,1230.0,1198.0,1198.0
18-04-2011,1106.0,1186.0,477,1186.0,1172.0,1172.0
19-04-2011,1176.0,1176.0,365,1202.0,1190.0,1190.0
20-04-2011,1198.0,1218.0,402,1230.0,1230.0,1230.0
21-04-2011,1228.0,1232.0,224,1244.0,1236.0,1236.0
25-04-2011,1218.0,1230.0,167,1246.0,1224.0,1224.0
26-04-2011,1198.0,1228.0,453,1244.0,1222.0,1222.0
27-04-2011,1186.0,1216.0,270,1240.0,1240.0,1240.0
28-04-2011,1236.0,1242.0,170,1246.0,1240.0,1240.0
29-04-2011,1120.0,1156.0,465,1244.0,1238.0,1238.0
02-05-2011,1226.0,1238.0,355,1244.0,1230.0,1230.0
03-05-2011,1180.0,1224.0,310,1224.0,1190.0,1190.0
04-05-2011,1168.0,1194.0,276,1194.0,1168.0,1168.0
05-05-2011,1156.0,1162.0,425,1174.0,1160.0,1160.0
06-05-2011,1162.0,1174.0,445,1194.0,1166.0,1166.0
09-05-2011,1160.0,1162.0,140,1182.0,1168.0,1168.0
10-05-2011,1160.0,1176.0,264,1212.0,1212.0,1212.0
11-05-2011,1180.0,1186.0,203,1206.0,1186.0,1186.0
12-05-2011,1176.0,1176.0,231,1238.0,1236.0,1236.0
13-05-2011,1228.0,1234.0,300,1240.0,1228.0,1228.0
16-05-2011,1178.0,1220.0,245,1232.0,1180.0,1180.0
17-05-2011,1136.0,1178.0,322,1186.0,1154.0,1154.0
18-05-2011,1134.0,1148.0,276,1196.0,1180.0,1180.0
19-05-2011,1170.0,1184.0,317,1206.0,1194.0,1194.0
20-05-2011,1170.0,1186.0,261,1206.0,1190.0,1190.0
23-05-2011,1140.0,1172.0,402,1192.0,1156.0,1156.0
24-05-2011,1138.0,1162.0,387,1162.0,1140.0,1140.0
25-05-2011,1134.0,1134.0,153,1154.0,1150.0,1150.0
26-05-2011,1140.0,1140.0,290,1200.0,1190.0,1190.0
27-05-2011,1190.0,1194.0,207,1210.0,1210.0,1210.0
31-05-2011,1200.0,1200.0,760,1230.0,1208.0,1208.0
01-06-2011,1134.0,1202.0,610,1218.0,1136.0,1136.0
02-06-2011,1136.0,1136.0,311,1152.0,1138.0,1138.0
03-06-2011,1110.0,1120.0,465,1152.0,1116.0,1116.0
06-06-2011,1090.0,1112.0,846,1112.0,1094.0,1094.0
07-06-2011,1094.0,1100.0,271,1110.0,1094.0,1094.0
08-06-2011,1080.0,1088.0,215,1100.0,1096.0,1096.0
09-06-2011,1092.0,1100.0,194,1110.0,1092.0,1092.0
10-06-2011,1078.0,1084.0,296,1106.0,1078.0,1078.0
13-06-2011,1040.0,1080.0,388,1090.0,1056.0,1056.0
14-06-2011,1028.0,1070.0,331,1082.0,1078.0,1078.0
15-06-2011,1034.0,1060.0,393,1074.0,1038.0,1038.0
16-06-2011,1032.0,1036.0,414,1066.0,1066.0,1066.0
17-06-2011,1000.0,1074.0,797,1074.0,1014.0,1014.0
20-06-2011,1002.0,1014.0,431,1030.0,1020.0,1020.0
21-06-2011,1022.0,1032.0,547,1072.0,1042.0,1042.0
22-06-2011,1034.0,1038.0,189,1052.0,1036.0,1036.0
23-06-2011,1008.0,1020.0,322,1040.0,1036.0,1036.0
24-06-2011,1032.0,1036.0,1575,1066.0,1066.0,1066.0
27-06-2011,1050.0,1058.0,192,1080.0,1066.0,1066.0
28-06-2011,1062.0,1066.0,506,1110.0,1106.0,1106.0
29-06-2011,1056.0,1056.0,119,1102.0,1102.0,1102.0
30-06-2011,1102.0,1102.0,365,1168.0,1150.0,1150.0
01-07-2011,1118.0,1152.0,329,1178.0,1166.0,1166.0
05-07-2011,1104.0,1164.0,239,1164.0,1110.0,1110.0
06-07-2011,1082.0,1110.0,260,1110.0,1096.0,1096.0
07-07-2011,1096.0,1102.0,287,1140.0,1130.0,1130.0
08-07-2011,1088.0,1112.0,175,1144.0,1098.0,1098.0
11-07-2011,1062.0,1082.0,143,1086.0,1064.0,1064.0
12-07-2011,1056.0,1056.0,310,1128.0,1078.0,1078.0
13-07-2011,1038.0,1086.0,613,1088.0,1074.0,1074.0
14-07-2011,1060.0,1074.0,220,1078.0,1070.0,1070.0
15-07-2011,1046.0,1072.0,465,1094.0,1050.0,1050.0
18-07-2011,1006.0,1046.0,265,1052.0,1014.0,1014.0
19-07-2011,1020.0,1020.0,419,1104.0,1094.0,1094.0
20-07-2011,1070.0,1102.0,222,1130.0,1120.0,1120.0
21-07-2011,1068.0,1122.0,376,1122.0,1086.0,1086.0
22-07-2011,1034.0,1094.0,406,1120.0,1072.0,1072.0
25-07-2011,1028.0,1054.0,264,1086.0,1052.0,1052.0
26-07-2011,1046.0,1050.0,216,1082.0,1070.0,1070.0
27-07-2011,1028.0,1060.0,642,1060.0,1040.0,1040.0
28-07-2011,1046.0,1046.0,310,1086.0,1078.0,1078.0
29-07-2011,1032.0,1062.0,204,1078.0,1066.0,1066.0
01-08-2011,1038.0,1076.0,367,1082.0,1058.0,1058.0
02-08-2011,984.0,1046.0,351,1058.0,984.0,984.0
03-08-2011,918.0,988.0,319,1032.0,1028.0,1028.0
04-08-2011,964.0,1012.0,722,1016.0,978.0,978.0
05-08-2011,898.0,990.0,751,1028.0,986.0,986.0
08-08-2011,886.0,940.0,1176,992.0,892.0,892.0
09-08-2011,824.0,912.0,706,956.0,948.0,948.0
10-08-2011,858.0,912.0,723,944.0,918.0,918.0
11-08-2011,900.0,902.0,623,960.0,944.0,944.0
12-08-2011,902.0,954.0,374,954.0,932.0,932.0
15-08-2011,914.0,922.0,472,938.0,936.0,936.0
16-08-2011,896.0,926.0,672,940.0,902.0,902.0
17-08-2011,858.0,912.0,1065,924.0,890.0,890.0
18-08-2011,794.0,862.0,882,888.0,806.0,806.0
19-08-2011,742.0,780.0,1093,810.0,750.0,750.0
22-08-2011,732.0,776.0,574,832.0,740.0,740.0
23-08-2011,732.0,732.0,625,822.0,812.0,812.0
24-08-2011,764.0,812.0,537,812.0,786.0,786.0
25-08-2011,772.0,788.0,569,800.0,784.0,784.0
26-08-2011,776.0,776.0,388,826.0,818.0,818.0
29-08-2011,818.0,826.0,501,890.0,888.0,888.0
30-08-2011,800.0,882.0,551,882.0,822.0,822.0
31-08-2011,776.0,826.0,483,844.0,800.0,800.0
01-09-2011,756.0,796.0,596,814.0,770.0,770.0
02-09-2011,706.0,748.0,433,774.0,716.0,716.0
06-09-2011,668.0,690.0,530,754.0,752.0,752.0
07-09-2011,750.0,768.0,350,780.0,772.0,772.0
08-09-2011,744.0,768.0,272,778.0,750.0,750.0
09-09-2011,718.0,740.0,509,764.0,742.0,742.0
12-09-2011,730.0,730.0,886,850.0,746.0,746.0
13-09-2011,662.0,754.0,494,754.0,728.0,728.0
14-09-2011,720.0,738.0,325,798.0,776.0,776.0
15-09-2011,762.0,782.0,213,790.0,770.0,770.0
16-09-2011,732.0,778.0,998,778.0,746.0,746.0
19-09-2011,710.0,732.0,160,746.0,730.0,730.0
20-09-2011,722.0,740.0,281,768.0,724.0,724.0
21-09-2011,720.0,726.0,369,768.0,724.0,724.0
22-09-2011,640.0,702.0,434,798.0,658.0,658.0
23-09-2011,630.0,658.0,286,686.0,684.0,684.0
26-09-2011,664.0,688.0,185,710.0,706.0,706.0
27-09-2011,704.0,726.0,523,804.0,764.0,764.0
28-09-2011,704.0,756.0,399,756.0,706.0,706.0
29-09-2011,688.0,724.0,328,748.0,746.0,746.0
30-09-2011,700.0,732.0,237,750.0,732.0,732.0
03-10-2011,650.0,722.0,388,728.0,650.0,650.0
04-10-2011,648.0,648.0,693,764.0,752.0,752.0
05-10-2011,710.0,756.0,248,756.0,720.0,720.0
06-10-2011,720.0,726.0,330,736.0,724.0,724.0
07-10-2011,650.0,724.0,409,724.0,652.0,652.0
10-10-2011,640.0,664.0,435,678.0,678.0,678.0
11-10-2011,672.0,672.0,275,728.0,714.0,714.0
12-10-2011,720.0,720.0,482,800.0,786.0,786.0
13-10-2011,770.0,780.0,337,804.0,778.0,778.0
14-10-2011,772.0,790.0,379,800.0,798.0,798.0
17-10-2011,760.0,792.0,425,802.0,766.0,766.0
18-10-2011,728.0,768.0,440,812.0,808.0,808.0
19-10-2011,770.0,800.0,257,806.0,776.0,776.0
20-10-2011,750.0,776.0,226,778.0,770.0,770.0
21-10-2011,768.0,786.0,298,804.0,782.0,782.0
24-10-2011,760.0,786.0,354,792.0,782.0,782.0
25-10-2011,710.0,770.0,398,770.0,712.0,712.0
26-10-2011,708.0,734.0,293,750.0,732.0,732.0
27-10-2011,716.0,748.0,954,810.0,808.0,808.0
28-10-2011,790.0,804.0,322,808.0,804.0,804.0
31-10-2011,766.0,784.0,282,796.0,768.0,768.0
01-11-2011,696.0,738.0,435,758.0,708.0,708.0
02-11-2011,704.0,726.0,329,744.0,736.0,736.0
03-11-2011,698.0,752.0,338,770.0,766.0,766.0
04-11-2011,674.0,762.0,498,762.0,696.0,696.0
07-11-2011,624.0,694.0,294,694.0,652.0,652.0
08-11-2011,610.0,658.0,553,658.0,640.0,640.0
09-11-2011,584.0,620.0,643,626.0,588.0,588.0
10-11-2011,598.0,600.0,321,628.0,612.0,612.0
11-11-2011,614.0,622.0,287,674.0,668.0,668.0
14-11-2011,624.0,662.0,355,676.0,634.0,634.0
15-11-2011,632.0,632.0,294,682.0,682.0,682.0
16-11-2011,666.0,670.0,472,702.0,676.0,676.0
17-11-2011,666.0,674.0,323,690.0,678.0,678.0
18-11-2011,662.0,676.0,576,706.0,684.0,684.0
21-11-2011,620.0,668.0,255,688.0,630.0,630.0
22-11-2011,614.0,624.0,262,630.0,616.0,616.0
23-11-2011,560.0,608.0,394,616.0,568.0,568.0
25-11-2011,554.0,566.0,191,596.0,554.0,554.0
28-11-2011,578.0,582.0,433,610.0,600.0,600.0
29-11-2011,558.0,600.0,158,602.0,566.0,566.0
30-11-2011,566.0,590.0,1079,626.0,626.0,626.0
01-12-2011,580.0,618.0,389,628.0,606.0,606.0
02-12-2011,590.0,618.0,258,618.0,616.0,616.0
05-12-2011,600.0,628.0,2145,628.0,620.0,620.0
06-12-2011,600.0,618.0,285,630.0,612.0,612.0
07-12-2011,598.0,606.0,350,620.0,608.0,608.0
08-12-2011,572.0,598.0,251,610.0,578.0,578.0
09-12-2011,572.0,582.0,404,600.0,598.0,598.0
12-12-2011,576.0,576.0,664,600.0,594.0,594.0
13-12-2011,554.0,598.0,322,604.0,566.0,566.0
14-12-2011,562.0,562.0,470,600.0,594.0,594.0
15-12-2011,586.0,598.0,910,602.0,600.0,600.0
16-12-2011,584.0,600.0,1310,610.0,584.0,584.0
19-12-2011,564.0,594.0,297,600.0,570.0,570.0
20-12-2011,582.0,588.0,608,598.0,594.0,594.0
21-12-2011,570.0,590.0,451,600.0,598.0,598.0
22-12-2011,592.0,602.0,422,602.0,602.0,602.0
23-12-2011,596.0,600.0,323,610.0,610.0,610.0
27-12-2011,604.0,604.0,361,620.0,620.0,620.0
28-12-2011,580.0,616.0,306,616.0,582.0,582.0
29-12-2011,586.0,586.0,369,594.0,594.0,594.0
30-12-2011,642.0,642.0,10321,950.0,840.0,840.0
03-01-2012,780.0,814.0,2967,838.0,792.0,792.0
04-01-2012,782.0,782.0,995,808.0,796.0,796.0
05-01-2012,776.0,792.0,830,806.0,790.0,790.0
06-01-2012,762.0,790.0,363,790.0,780.0,780.0
09-01-2012,762.0,796.0,438,796.0,766.0,766.0
10-01-2012,764.0,772.0,1946,804.0,796.0,796.0
11-01-2012,778.0,790.0,1619,800.0,784.0,784.0
12-01-2012,782.0,794.0,4434,830.0,790.0,790.0
13-01-2012,766.0,778.0,600,796.0,784.0,784.0
17-01-2012,760.0,794.0,816,794.0,764.0,764.0
18-01-2012,756.0,764.0,506,780.0,774.0,774.0
19-01-2012,760.0,780.0,1394,780.0,776.0,776.0
20-01-2012,762.0,772.0,848,796.0,792.0,792.0
23-01-2012,774.0,790.0,4449,798.0,786.0,786.0
24-01-2012,742.0,782.0,1456,810.0,796.0,796.0
25-01-2012,770.0,792.0,981,812.0,804.0,804.0
26-01-2012,796.0,808.0,723,812.0,812.0,812.0
27-01-2012,806.0,806.0,371,834.0,830.0,830.0
30-01-2012,818.0,828.0,436,836.0,824.0,824.0
31-01-2012,818.0,832.0,1626,842.0,836.0,836.0
01-02-2012,826.0,842.0,909,884.0,876.0,876.0
02-02-2012,846.0,874.0,587,878.0,860.0,860.0
03-02-2012,856.0,882.0,651,890.0,888.0,888.0
06-02-2012,836.0,880.0,360,890.0,852.0,852.0
07-02-2012,830.0,870.0,464,870.0,858.0,858.0
08-02-2012,816.0,890.0,1124,890.0,860.0,860.0
09-02-2012,820.0,860.0,561,860.0,842.0,842.0
10-02-2012,820.0,826.0,397,850.0,826.0,826.0
13-02-2012,822.0,840.0,552,844.0,844.0,844.0
14-02-2012,820.0,838.0,484,848.0,828.0,828.0
15-02-2012,808.0,832.0,654,840.0,816.0,816.0
16-02-2012,814.0,814.0,269,848.0,844.0,844.0
17-02-2012,820.0,852.0,261,852.0,838.0,838.0
21-02-2012,792.0,838.0,681,838.0,814.0,814.0
22-02-2012,788.0,816.0,271,818.0,790.0,790.0
23-02-2012,772.0,778.0,862,792.0,784.0,784.0
24-02-2012,782.0,784.0,239,806.0,800.0,800.0
27-02-2012,782.0,786.0,272,802.0,794.0,794.0
28-02-2012,784.0,794.0,219,798.0,794.0,794.0
29-02-2012,758.0,794.0,2814,794.0,764.0,764.0
01-03-2012,730.0,764.0,1180,772.0,734.0,734.0
02-03-2012,694.0,732.0,582,746.0,696.0,696.0
05-03-2012,664.0,696.0,331,698.0,686.0,686.0
06-03-2012,666.0,678.0,501,680.0,670.0,670.0
07-03-2012,658.0,672.0,543,684.0,682.0,682.0
08-03-2012,640.0,686.0,859,708.0,706.0,706.0
09-03-2012,700.0,706.0,1519,778.0,752.0,752.0
12-03-2012,732.0,750.0,200,760.0,754.0,754.0
13-03-2012,756.0,764.0,876,784.0,782.0,782.0
14-03-2012,760.0,776.0,253,784.0,762.0,762.0
15-03-2012,752.0,760.0,255,788.0,786.0,786.0
16-03-2012,784.0,784.0,842,812.0,802.0,802.0
19-03-2012,784.0,800.0,561,830.0,818.0,818.0
20-03-2012,800.0,812.0,471,820.0,806.0,806.0
21-03-2012,792.0,808.0,1192,826.0,816.0,816.0
22-03-2012,794.0,808.0,364,812.0,804.0,804.0
23-03-2012,796.0,812.0,682,822.0,816.0,816.0
26-03-2012,770.0,824.0,382,824.0,820.0,820.0
27-03-2012,814.0,820.0,535,844.0,814.0,814.0
28-03-2012,806.0,814.0,233,820.0,812.0,812.0
29-03-2012,790.0,804.0,172,812.0,810.0,810.0
30-03-2012,794.0,818.0,1118,818.0,794.0,794.0
02-04-2012,780.0,792.0,730,810.0,796.0,796.0
03-04-2012,756.0,792.0,1082,792.0,774.0,774.0
04-04-2012,724.0,760.0,968,768.0,728.0,728.0
05-04-2012,700.0,700.0,505,746.0,744.0,744.0
09-04-2012,704.0,728.0,347,730.0,724.0,724.0
10-04-2012,688.0,724.0,681,736.0,692.0,692.0
11-04-2012,696.0,702.0,325,734.0,732.0,732.0
12-04-2012,728.0,730.0,263,752.0,748.0,748.0
13-04-2012,720.0,742.0,279,742.0,724.0,724.0
16-04-2012,728.0,728.0,127,742.0,734.0,734.0
17-04-2012,728.0,746.0,646,748.0,744.0,744.0
18-04-2012,734.0,744.0,1195,754.0,744.0,744.0
19-04-2012,730.0,742.0,189,756.0,730.0,730.0
20-04-2012,724.0,744.0,512,744.0,726.0,726.0
23-04-2012,676.0,708.0,377,720.0,688.0,688.0
24-04-2012,688.0,688.0,218,716.0,712.0,712.0
25-04-2012,718.0,718.0,368,736.0,730.0,730.0
26-04-2012,718.0,728.0,393,734.0,732.0,732.0
27-04-2012,724.0,732.0,604,746.0,746.0,746.0
30-04-2012,714.0,742.0,2065,744.0,720.0,720.0
01-05-2012,692.0,722.0,710,724.0,696.0,696.0
02-05-2012,680.0,690.0,507,700.0,694.0,694.0
03-05-2012,620.0,700.0,1243,700.0,652.0,652.0
04-05-2012,630.0,644.0,452,672.0,666.0,666.0
07-05-2012,644.0,662.0,275,664.0,656.0,656.0
08-05-2012,644.0,648.0,304,676.0,670.0,670.0
09-05-2012,650.0,660.0,240,672.0,666.0,666.0
10-05-2012,652.0,676.0,250,684.0,666.0,666.0
11-05-2012,646.0,656.0,2805,666.0,656.0,656.0
14-05-2012,628.0,644.0,201,654.0,628.0,628.0
15-05-2012,628.0,628.0,230,650.0,644.0,644.0
16-05-2012,578.0,646.0,407,646.0,582.0,582.0
17-05-2012,564.0,584.0,419,618.0,604.0,604.0
18-05-2012,588.0,602.0,673,610.0,594.0,594.0
21-05-2012,578.0,596.0,539,616.0,612.0,612.0
22-05-2012,588.0,614.0,530,620.0,588.0,588.0
23-05-2012,552.0,582.0,655,590.0,572.0,572.0
24-05-2012,562.0,572.0,402,606.0,592.0,592.0
25-05-2012,592.0,592.0,257,608.0,598.0,598.0
29-05-2012,600.0,600.0,392,628.0,604.0,604.0
30-05-2012,596.0,596.0,140,606.0,600.0,600.0
31-05-2012,556.0,600.0,644,602.0,602.0,602.0
01-06-2012,582.0,582.0,526,618.0,600.0,600.0
04-06-2012,576.0,606.0,460,606.0,586.0,586.0
05-06-2012,564.0,580.0,502,594.0,576.0,576.0
06-06-2012,562.0,580.0,559,614.0,612.0,612.0
07-06-2012,600.0,614.0,469,614.0,602.0,602.0
08-06-2012,586.0,598.0,349,610.0,604.0,604.0
11-06-2012,596.0,610.0,433,616.0,602.0,602.0
12-06-2012,600.0,606.0,388,616.0,608.0,608.0
13-06-2012,604.0,606.0,279,622.0,614.0,614.0
14-06-2012,604.0,616.0,437,620.0,610.0,610.0
15-06-2012,606.0,606.0,585,620.0,618.0,618.0
18-06-2012,610.0,610.0,418,630.0,614.0,614.0
19-06-2012,594.0,616.0,483,630.0,630.0,630.0
20-06-2012,616.0,630.0,213,640.0,626.0,626.0
21-06-2012,602.0,622.0,331,636.0,628.0,628.0
22-06-2012,618.0,632.0,6004,652.0,636.0,636.0
25-06-2012,616.0,624.0,346,628.0,618.0,618.0
26-06-2012,602.0,622.0,152,626.0,622.0,622.0
27-06-2012,612.0,622.0,4799,640.0,640.0,640.0
28-06-2012,620.0,632.0,156,632.0,624.0,624.0
29-06-2012,618.0,642.0,524,648.0,648.0,648.0
02-07-2012,652.0,652.0,772,688.0,680.0,680.0
03-07-2012,674.0,684.0,232,686.0,680.0,680.0
05-07-2012,648.0,676.0,141,680.0,672.0,672.0
06-07-2012,646.0,662.0,80,664.0,646.0,646.0
09-07-2012,608.0,642.0,159,642.0,622.0,622.0
10-07-2012,610.0,630.0,277,630.0,624.0,624.0
11-07-2012,622.0,624.0,279,654.0,648.0,648.0
12-07-2012,640.0,640.0,248,660.0,654.0,654.0
13-07-2012,636.0,656.0,217,668.0,650.0,650.0
16-07-2012,624.0,642.0,55,648.0,638.0,638.0
17-07-2012,618.0,646.0,121,646.0,636.0,636.0
18-07-2012,628.0,632.0,323,660.0,642.0,642.0
19-07-2012,612.0,644.0,146,650.0,618.0,618.0
20-07-2012,628.0,660.0,421,660.0,634.0,634.0
23-07-2012,610.0,620.0,292,642.0,636.0,636.0
24-07-2012,626.0,638.0,236,648.0,646.0,646.0
25-07-2012,634.0,650.0,201,650.0,638.0,638.0
26-07-2012,640.0,646.0,103,650.0,648.0,648.0
27-07-2012,636.0,648.0,240,660.0,660.0,660.0
30-07-2012,650.0,660.0,110,668.0,654.0,654.0
31-07-2012,644.0,650.0,212,660.0,646.0,646.0
01-08-2012,638.0,648.0,444,660.0,640.0,640.0
02-08-2012,634.0,638.0,177,658.0,636.0,636.0
03-08-2012,642.0,646.0,525,670.0,664.0,664.0
06-08-2012,650.0,662.0,258,680.0,670.0,670.0
07-08-2012,650.0,674.0,368,674.0,660.0,660.0
08-08-2012,642.0,658.0,115,660.0,654.0,654.0
09-08-2012,656.0,660.0,341,668.0,664.0,664.0
10-08-2012,570.0,666.0,66,666.0,652.0,652.0
13-08-2012,652.0,652.0,54,670.0,662.0,662.0
14-08-2012,650.0,666.0,211,678.0,650.0,650.0
15-08-2012,646.0,646.0,186,680.0,680.0,680.0
16-08-2012,668.0,674.0,196,686.0,686.0,686.0
17-08-2012,674.0,682.0,730,700.0,700.0,700.0
20-08-2012,692.0,692.0,698,722.0,698.0,698.0
21-08-2012,694.0,694.0,375,714.0,704.0,704.0
22-08-2012,688.0,706.0,119,710.0,690.0,690.0
23-08-2012,678.0,678.0,1685,700.0,696.0,696.0
24-08-2012,664.0,692.0,443,692.0,682.0,682.0
27-08-2012,656.0,688.0,764,688.0,662.0,662.0
28-08-2012,658.0,664.0,330,682.0,680.0,680.0
29-08-2012,658.0,672.0,414,706.0,690.0,690.0
30-08-2012,674.0,680.0,757,714.0,706.0,706.0
31-08-2012,678.0,714.0,1434,728.0,682.0,682.0
04-09-2012,658.0,674.0,1121,694.0,666.0,666.0
05-09-2012,660.0,672.0,791,680.0,678.0,678.0
06-09-2012,674.0,678.0,790,730.0,712.0,712.0
07-09-2012,676.0,720.0,991,720.0,680.0,680.0
10-09-2012,680.0,680.0,381,726.0,692.0,692.0
11-09-2012,690.0,690.0,207,712.0,696.0,696.0
12-09-2012,690.0,690.0,431,716.0,710.0,710.0
13-09-2012,704.0,716.0,819,750.0,746.0,746.0
14-09-2012,744.0,750.0,728,790.0,754.0,754.0
17-09-2012,746.0,750.0,582,766.0,762.0,762.0
18-09-2012,742.0,760.0,500,764.0,758.0,758.0
19-09-2012,746.0,756.0,222,762.0,758.0,758.0
20-09-2012,742.0,752.0,357,754.0,744.0,744.0
21-09-2012,724.0,758.0,1153,786.0,774.0,774.0
24-09-2012,750.0,768.0,1014,768.0,758.0,758.0
25-09-2012,748.0,766.0,548,770.0,756.0,756.0
26-09-2012,734.0,756.0,1088,756.0,752.0,752.0
27-09-2012,752.0,758.0,1364,812.0,802.0,802.0
28-09-2012,768.0,796.0,679,810.0,808.0,808.0
01-10-2012,766.0,816.0,738,816.0,794.0,794.0
02-10-2012,782.0,800.0,492,812.0,798.0,798.0
03-10-2012,778.0,802.0,258,806.0,782.0,782.0
04-10-2012,774.0,788.0,222,800.0,796.0,796.0
05-10-2012,782.0,798.0,458,806.0,786.0,786.0
08-10-2012,756.0,784.0,116,788.0,776.0,776.0
09-10-2012,758.0,774.0,186,776.0,758.0,758.0
10-10-2012,744.0,762.0,142,764.0,760.0,760.0
11-10-2012,764.0,770.0,539,800.0,796.0,796.0
12-10-2012,798.0,820.0,1605,822.0,818.0,818.0
15-10-2012,798.0,822.0,708,822.0,806.0,806.0
16-10-2012,796.0,814.0,410,828.0,818.0,818.0
17-10-2012,810.0,828.0,933,886.0,876.0,876.0
18-10-2012,830.0,868.0,753,882.0,842.0,842.0
19-10-2012,798.0,832.0,965,854.0,816.0,816.0
22-10-2012,810.0,814.0,1019,864.0,834.0,834.0
23-10-2012,790.0,822.0,789,830.0,800.0,800.0
24-10-2012,796.0,806.0,407,812.0,808.0,808.0
25-10-2012,796.0,816.0,568,824.0,804.0,804.0
26-10-2012,782.0,802.0,453,810.0,804.0,804.0
31-10-2012,798.0,804.0,256,816.0,808.0,808.0
01-11-2012,794.0,794.0,525,818.0,806.0,806.0
02-11-2012,780.0,806.0,284,808.0,782.0,782.0
05-11-2012,790.0,790.0,179,820.0,808.0,808.0
06-11-2012,786.0,816.0,262,816.0,814.0,814.0
07-11-2012,774.0,802.0,320,802.0,778.0,778.0
08-11-2012,760.0,780.0,528,794.0,760.0,760.0
09-11-2012,704.0,758.0,886,758.0,706.0,706.0
12-11-2012,674.0,706.0,522,708.0,688.0,688.0
13-11-2012,670.0,686.0,165,720.0,672.0,672.0
14-11-2012,632.0,676.0,364,676.0,634.0,634.0
15-11-2012,570.0,630.0,746,632.0,578.0,578.0
16-11-2012,554.0,578.0,908,620.0,608.0,608.0
19-11-2012,610.0,612.0,525,650.0,640.0,640.0
20-11-2012,600.0,636.0,293,636.0,616.0,616.0
21-11-2012,616.0,616.0,162,640.0,630.0,630.0
23-11-2012,624.0,632.0,142,640.0,638.0,638.0
26-11-2012,624.0,638.0,390,652.0,636.0,636.0
27-11-2012,614.0,634.0,234,642.0,632.0,632.0
28-11-2012,614.0,624.0,118,638.0,638.0,638.0
29-11-2012,630.0,640.0,329,646.0,642.0,642.0
30-11-2012,630.0,642.0,155,646.0,640.0,640.0
03-12-2012,628.0,642.0,150,644.0,640.0,640.0
04-12-2012,640.0,642.0,68,646.0,644.0,644.0
05-12-2012,634.0,646.0,132,646.0,646.0,646.0
06-12-2012,632.0,646.0,59,650.0,646.0,646.0
07-12-2012,616.0,646.0,206,650.0,642.0,642.0
10-12-2012,630.0,642.0,119,646.0,640.0,640.0
11-12-2012,614.0,646.0,317,648.0,630.0,630.0
12-12-2012,630.0,634.0,474,662.0,654.0,654.0
13-12-2012,638.0,656.0,189,658.0,644.0,644.0
14-12-2012,638.0,638.0,184,654.0,652.0,652.0
17-12-2012,638.0,644.0,312,660.0,658.0,658.0
18-12-2012,650.0,662.0,218,662.0,658.0,658.0
19-12-2012,638.0,658.0,228,700.0,696.0,696.0
20-12-2012,660.0,694.0,321,700.0,700.0,700.0
21-12-2012,666.0,700.0,1139,702.0,688.0,688.0
24-12-2012,656.0,686.0,52,686.0,670.0,670.0
26-12-2012,660.0,674.0,104,676.0,666.0,666.0
27-12-2012,644.0,664.0,93,666.0,662.0,662.0
28-12-2012,648.0,656.0,125,656.0,650.0,650.0
31-12-2012,652.0,652.0,238,702.0,696.0,696.0
02-01-2013,692.0,702.0,1181,768.0,698.0,698.0
03-01-2013,682.0,704.0,403,718.0,698.0,698.0
04-01-2013,690.0,704.0,794,710.0,698.0,698.0
07-01-2013,726.0,774.0,1537,774.0,726.0,726.0
08-01-2013,702.0,734.0,621,740.0,704.0,704.0
09-01-2013,706.0,708.0,698,728.0,718.0,718.0
10-01-2013,696.0,720.0,645,748.0,700.0,700.0
11-01-2013,704.0,706.0,567,716.0,708.0,708.0
14-01-2013,704.0,706.0,426,726.0,720.0,720.0
15-01-2013,704.0,714.0,353,740.0,706.0,706.0
16-01-2013,696.0,704.0,283,712.0,698.0,698.0
17-01-2013,690.0,700.0,283,706.0,700.0,700.0
18-01-2013,694.0,702.0,525,710.0,698.0,698.0
22-01-2013,692.0,702.0,403,712.0,698.0,698.0
23-01-2013,692.0,698.0,319,704.0,696.0,696.0
24-01-2013,672.0,700.0,472,700.0,674.0,674.0
25-01-2013,664.0,670.0,647,720.0,710.0,710.0
28-01-2013,710.0,720.0,562,740.0,740.0,740.0
29-01-2013,728.0,750.0,866,750.0,740.0,740.0
30-01-2013,700.0,740.0,228,740.0,716.0,716.0
31-01-2013,712.0,714.0,330,732.0,720.0,720.0
01-02-2013,714.0,734.0,578,738.0,720.0,720.0
04-02-2013,714.0,722.0,584,734.0,714.0,714.0
05-02-2013,704.0,716.0,549,732.0,730.0,730.0
06-02-2013,710.0,724.0,245,732.0,730.0,730.0
07-02-2013,716.0,734.0,395,748.0,734.0,734.0
08-02-2013,738.0,742.0,411,760.0,760.0,760.0
11-02-2013,758.0,770.0,995,810.0,794.0,794.0
12-02-2013,794.0,802.0,755,828.0,800.0,800.0
13-02-2013,794.0,800.0,331,810.0,794.0,794.0
14-02-2013,778.0,792.0,303,802.0,780.0,780.0
15-02-2013,746.0,788.0,510,788.0,772.0,772.0
19-02-2013,726.0,776.0,486,780.0,738.0,738.0
20-02-2013,724.0,738.0,413,750.0,724.0,724.0
21-02-2013,700.0,728.0,320,728.0,706.0,706.0
22-02-2013,690.0,722.0,617,760.0,702.0,702.0
25-02-2013,670.0,710.0,372,710.0,672.0,672.0
26-02-2013,672.0,678.0,177,694.0,692.0,692.0
27-02-2013,680.0,690.0,278,704.0,682.0,682.0
28-02-2013,684.0,684.0,270,700.0,694.0,694.0
01-03-2013,680.0,680.0,718,704.0,700.0,700.0
04-03-2013,692.0,696.0,509,738.0,732.0,732.0
05-03-2013,736.0,740.0,1578,784.0,770.0,770.0
06-03-2013,752.0,770.0,386,796.0,756.0,756.0
07-03-2013,754.0,762.0,503,782.0,782.0,782.0
08-03-2013,784.0,786.0,3042,900.0,858.0,858.0
11-03-2013,832.0,856.0,1988,920.0,894.0,894.0
12-03-2013,846.0,896.0,871,908.0,872.0,872.0
13-03-2013,856.0,876.0,337,884.0,866.0,866.0
14-03-2013,852.0,868.0,269,878.0,870.0,870.0
15-03-2013,862.0,872.0,2090,950.0,922.0,922.0
18-03-2013,916.0,920.0,956,956.0,924.0,924.0
19-03-2013,884.0,930.0,898,930.0,900.0,900.0
20-03-2013,910.0,916.0,911,934.0,926.0,926.0
21-03-2013,918.0,918.0,674,934.0,926.0,926.0
22-03-2013,916.0,934.0,786,934.0,922.0,922.0
25-03-2013,928.0,928.0,897,972.0,948.0,948.0
26-03-2013,946.0,958.0,1102,976.0,970.0,970.0
27-03-2013,944.0,964.0,656,968.0,948.0,948.0
28-03-2013,938.0,956.0,1528,958.0,942.0,942.0
01-04-2013,920.0,944.0,1282,948.0,932.0,932.0
02-04-2013,922.0,940.0,754,944.0,932.0,932.0
03-04-2013,846.0,932.0,1963,932.0,868.0,868.0
04-04-2013,814.0,864.0,1608,878.0,878.0,878.0
05-04-2013,820.0,862.0,378,888.0,862.0,862.0
08-04-2013,852.0,868.0,459,876.0,872.0,872.0
09-04-2013,858.0,876.0,396,878.0,866.0,866.0
10-04-2013,862.0,884.0,1579,990.0,960.0,960.0
11-04-2013,934.0,952.0,939,994.0,944.0,944.0
12-04-2013,910.0,932.0,825,970.0,940.0,940.0
15-04-2013,860.0,930.0,1414,946.0,890.0,890.0
16-04-2013,880.0,898.0,519,936.0,920.0,920.0
17-04-2013,816.0,906.0,1044,910.0,820.0,820.0
18-04-2013,776.0,828.0,820,830.0,798.0,798.0
19-04-2013,786.0,786.0,1682,904.0,876.0,876.0
22-04-2013,846.0,884.0,705,900.0,880.0,880.0
23-04-2013,866.0,886.0,507,894.0,890.0,890.0
24-04-2013,864.0,892.0,452,900.0,886.0,886.0
25-04-2013,872.0,884.0,347,924.0,910.0,910.0
26-04-2013,860.0,892.0,773,898.0,866.0,866.0
29-04-2013,866.0,880.0,346,898.0,876.0,876.0
30-04-2013,880.0,886.0,409,920.0,904.0,904.0
01-05-2013,830.0,906.0,782,912.0,830.0,830.0
02-05-2013,830.0,840.0,250,870.0,858.0,858.0
03-05-2013,870.0,874.0,321,902.0,886.0,886.0
06-05-2013,852.0,896.0,241,896.0,864.0,864.0
07-05-2013,866.0,874.0,264,898.0,890.0,890.0
08-05-2013,874.0,898.0,323,920.0,892.0,892.0
09-05-2013,872.0,894.0,162,894.0,872.0,872.0
10-05-2013,880.0,880.0,615,958.0,954.0,954.0
13-05-2013,930.0,960.0,542,974.0,938.0,938.0
14-05-2013,820.0,834.0,9265,860.0,840.0,840.0
15-05-2013,802.0,832.0,2728,836.0,824.0,824.0
16-05-2013,786.0,810.0,2050,832.0,830.0,830.0
17-05-2013,814.0,832.0,961,840.0,838.0,838.0
20-05-2013,824.0,834.0,2027,878.0,878.0,878.0
21-05-2013,846.0,874.0,1309,874.0,852.0,852.0
22-05-2013,836.0,854.0,1335,890.0,836.0,836.0
23-05-2013,810.0,830.0,1274,848.0,830.0,830.0
24-05-2013,818.0,824.0,1875,870.0,848.0,848.0
28-05-2013,860.0,882.0,987,898.0,888.0,888.0
29-05-2013,866.0,876.0,803,900.0,874.0,874.0
30-05-2013,876.0,880.0,952,932.0,932.0,932.0
31-05-2013,888.0,922.0,3923,950.0,910.0,910.0
03-06-2013,868.0,912.0,1537,938.0,906.0,906.0
04-06-2013,880.0,960.0,1404,968.0,884.0,884.0
05-06-2013,844.0,886.0,799,896.0,882.0,882.0
06-06-2013,842.0,880.0,764,894.0,892.0,892.0
07-06-2013,876.0,902.0,318,910.0,896.0,896.0
10-06-2013,884.0,898.0,491,934.0,920.0,920.0
11-06-2013,872.0,904.0,624,908.0,902.0,902.0
12-06-2013,850.0,908.0,756,916.0,856.0,856.0
13-06-2013,840.0,854.0,495,882.0,882.0,882.0
14-06-2013,816.0,882.0,631,882.0,840.0,840.0
17-06-2013,832.0,852.0,666,880.0,880.0,880.0
18-06-2013,874.0,886.0,768,898.0,882.0,882.0
19-06-2013,862.0,884.0,411,888.0,864.0,864.0
20-06-2013,796.0,844.0,1387,850.0,808.0,808.0
21-06-2013,768.0,808.0,1691,822.0,810.0,810.0
24-06-2013,782.0,798.0,1058,812.0,808.0,808.0
25-06-2013,788.0,818.0,660,818.0,800.0,800.0
26-06-2013,772.0,806.0,475,806.0,796.0,796.0
27-06-2013,794.0,800.0,590,806.0,804.0,804.0
28-06-2013,774.0,800.0,8596,810.0,804.0,804.0
01-07-2013,790.0,814.0,520,828.0,820.0,820.0
02-07-2013,816.0,816.0,740,846.0,830.0,830.0
03-07-2013,818.0,826.0,169,852.0,844.0,844.0
05-07-2013,830.0,866.0,806,866.0,854.0,854.0
08-07-2013,826.0,854.0,396,854.0,838.0,838.0
09-07-2013,824.0,842.0,427,848.0,828.0,828.0
10-07-2013,818.0,830.0,400,838.0,832.0,832.0
11-07-2013,804.0,842.0,713,842.0,818.0,818.0
12-07-2013,802.0,814.0,435,832.0,824.0,824.0
15-07-2013,814.0,820.0,590,858.0,852.0,852.0
16-07-2013,834.0,852.0,1151,876.0,872.0,872.0
17-07-2013,830.0,876.0,1084,888.0,840.0,840.0
18-07-2013,818.0,844.0,713,846.0,838.0,838.0
19-07-2013,760.0,800.0,2126,834.0,824.0,824.0
22-07-2013,806.0,826.0,732,830.0,816.0,816.0
23-07-2013,814.0,824.0,413,834.0,826.0,826.0
24-07-2013,814.0,832.0,523,838.0,824.0,824.0
25-07-2013,814.0,822.0,629,850.0,848.0,848.0
26-07-2013,800.0,834.0,502,842.0,816.0,816.0
29-07-2013,790.0,802.0,451,818.0,802.0,802.0
30-07-2013,790.0,810.0,357,814.0,802.0,802.0
31-07-2013,790.0,798.0,481,830.0,822.0,822.0
01-08-2013,792.0,832.0,451,832.0,798.0,798.0
02-08-2013,792.0,794.0,426,814.0,806.0,806.0
05-08-2013,792.0,792.0,440,810.0,806.0,806.0
06-08-2013,798.0,810.0,308,810.0,800.0,800.0
07-08-2013,798.0,798.0,351,806.0,802.0,802.0
08-08-2013,790.0,814.0,478,814.0,796.0,796.0
09-08-2013,762.0,792.0,476,798.0,774.0,774.0
12-08-2013,670.0,700.0,1654,748.0,742.0,742.0
13-08-2013,730.0,740.0,577,754.0,738.0,738.0
14-08-2013,700.0,736.0,820,744.0,732.0,732.0
15-08-2013,704.0,720.0,565,722.0,708.0,708.0
16-08-2013,700.0,704.0,1423,754.0,730.0,730.0
19-08-2013,700.0,732.0,568,736.0,700.0,700.0
20-08-2013,700.0,706.0,418,738.0,734.0,734.0
21-08-2013,726.0,734.0,825,752.0,730.0,730.0
22-08-2013,736.0,736.0,234,754.0,748.0,748.0
23-08-2013,750.0,750.0,469,782.0,770.0,770.0
26-08-2013,752.0,770.0,717,784.0,758.0,758.0
27-08-2013,718.0,744.0,484,762.0,722.0,722.0
28-08-2013,714.0,724.0,215,734.0,730.0,730.0
29-08-2013,734.0,734.0,356,756.0,750.0,750.0
30-08-2013,710.0,746.0,814,748.0,728.0,728.0
03-09-2013,718.0,736.0,451,750.0,736.0,736.0
04-09-2013,734.0,734.0,587,756.0,752.0,752.0
05-09-2013,704.0,746.0,481,754.0,746.0,746.0
06-09-2013,720.0,750.0,275,756.0,742.0,742.0
09-09-2013,720.0,746.0,532,748.0,744.0,744.0
10-09-2013,746.0,748.0,552,770.0,750.0,750.0
11-09-2013,740.0,746.0,216,764.0,754.0,754.0
12-09-2013,732.0,758.0,261,758.0,748.0,748.0
13-09-2013,710.0,754.0,595,754.0,716.0,716.0
16-09-2013,710.0,728.0,312,734.0,716.0,716.0
17-09-2013,710.0,714.0,464,720.0,720.0,720.0
18-09-2013,710.0,720.0,415,730.0,728.0,728.0
19-09-2013,720.0,726.0,326,756.0,748.0,748.0
20-09-2013,720.0,750.0,709,750.0,738.0,738.0
23-09-2013,730.0,732.0,957,740.0,734.0,734.0
24-09-2013,716.0,734.0,746,736.0,722.0,722.0
25-09-2013,710.0,716.0,300,718.0,714.0,714.0
26-09-2013,712.0,716.0,266,726.0,718.0,718.0
27-09-2013,712.0,712.0,295,746.0,730.0,730.0
30-09-2013,724.0,724.0,564,748.0,744.0,744.0
01-10-2013,744.0,744.0,1846,812.0,802.0,802.0
02-10-2013,794.0,794.0,2245,844.0,842.0,842.0
03-10-2013,806.0,836.0,713,836.0,810.0,810.0
04-10-2013,796.0,808.0,334,824.0,806.0,806.0
07-10-2013,796.0,800.0,927,872.0,862.0,862.0
08-10-2013,832.0,856.0,923,860.0,836.0,836.0
09-10-2013,830.0,838.0,566,858.0,836.0,836.0
10-10-2013,822.0,856.0,744,858.0,824.0,824.0
11-10-2013,812.0,820.0,596,830.0,830.0,830.0
14-10-2013,806.0,826.0,521,828.0,814.0,814.0
15-10-2013,796.0,814.0,444,814.0,802.0,802.0
16-10-2013,806.0,812.0,403,822.0,816.0,816.0
17-10-2013,808.0,808.0,1033,876.0,852.0,852.0
18-10-2013,812.0,872.0,1733,900.0,858.0,858.0
21-10-2013,822.0,842.0,860,852.0,842.0,842.0
22-10-2013,820.0,844.0,606,844.0,830.0,830.0
23-10-2013,820.0,824.0,621,858.0,840.0,840.0
24-10-2013,824.0,840.0,416,846.0,840.0,840.0
25-10-2013,828.0,844.0,718,850.0,844.0,844.0
28-10-2013,830.0,848.0,663,864.0,850.0,850.0
29-10-2013,840.0,850.0,802,880.0,866.0,866.0
30-10-2013,854.0,872.0,818,888.0,860.0,860.0
31-10-2013,856.0,864.0,829,892.0,880.0,880.0
01-11-2013,854.0,874.0,1348,894.0,860.0,860.0
04-11-2013,852.0,868.0,965,894.0,858.0,858.0
05-11-2013,846.0,854.0,1283,890.0,870.0,870.0
06-11-2013,856.0,882.0,565,888.0,864.0,864.0
07-11-2013,826.0,868.0,1074,868.0,830.0,830.0
08-11-2013,830.0,830.0,580,868.0,854.0,854.0
11-11-2013,834.0,850.0,732,864.0,856.0,856.0
12-11-2013,828.0,850.0,517,858.0,836.0,836.0
13-11-2013,814.0,830.0,595,836.0,816.0,816.0
14-11-2013,810.0,816.0,571,822.0,812.0,812.0
15-11-2013,804.0,810.0,491,814.0,812.0,812.0
18-11-2013,806.0,820.0,417,822.0,806.0,806.0
19-11-2013,800.0,812.0,547,824.0,816.0,816.0
20-11-2013,818.0,824.0,625,848.0,820.0,820.0
21-11-2013,824.0,824.0,525,860.0,860.0,860.0
22-11-2013,858.0,864.0,810,918.0,918.0,918.0
25-11-2013,894.0,924.0,367,926.0,916.0,916.0
26-11-2013,920.0,928.0,3113,1014.0,950.0,950.0
27-11-2013,936.0,956.0,1735,998.0,954.0,954.0
29-11-2013,938.0,972.0,995,988.0,942.0,942.0
02-12-2013,910.0,952.0,1252,960.0,914.0,914.0
03-12-2013,902.0,912.0,586,936.0,910.0,910.0
04-12-2013,880.0,908.0,637,940.0,912.0,912.0
05-12-2013,888.0,910.0,611,952.0,928.0,928.0
06-12-2013,928.0,944.0,481,952.0,948.0,948.0
09-12-2013,960.0,966.0,3689,1030.0,1030.0,1030.0
10-12-2013,998.0,1040.0,2523,1060.0,1002.0,1002.0
11-12-2013,964.0,1000.0,958,1022.0,968.0,968.0
12-12-2013,960.0,972.0,1172,1048.0,1008.0,1008.0
13-12-2013,1020.0,1020.0,1940,1092.0,1030.0,1030.0
16-12-2013,1004.0,1038.0,1725,1068.0,1026.0,1026.0
17-12-2013,1018.0,1032.0,638,1056.0,1040.0,1040.0
18-12-2013,1022.0,1042.0,870,1066.0,1046.0,1046.0
19-12-2013,1020.0,1046.0,426,1046.0,1026.0,1026.0
20-12-2013,1026.0,1032.0,3510,1140.0,1124.0,1124.0
23-12-2013,1100.0,1154.0,2563,1176.0,1112.0,1112.0
24-12-2013,1086.0,1116.0,534,1132.0,1128.0,1128.0
26-12-2013,1094.0,1140.0,1325,1160.0,1110.0,1110.0
27-12-2013,1070.0,1114.0,977,1124.0,1124.0,1124.0
30-12-2013,1090.0,1124.0,778,1132.0,1094.0,1094.0
31-12-2013,1086.0,1094.0,1003,1118.0,1104.0,1104.0
02-01-2014,1068.0,1096.0,739,1108.0,1084.0,1084.0
03-01-2014,1054.0,1084.0,908,1102.0,1096.0,1096.0
06-01-2014,1096.0,1104.0,968,1108.0,1102.0,1102.0
07-01-2014,1100.0,1110.0,2131,1170.0,1132.0,1132.0
08-01-2014,1110.0,1142.0,1370,1152.0,1148.0,1148.0
09-01-2014,1140.0,1150.0,895,1168.0,1140.0,1140.0
10-01-2014,1100.0,1140.0,695,1164.0,1162.0,1162.0
13-01-2014,1130.0,1148.0,1419,1194.0,1148.0,1148.0
14-01-2014,1132.0,1136.0,884,1170.0,1162.0,1162.0
15-01-2014,1134.0,1170.0,1921,1198.0,1176.0,1176.0
16-01-2014,1164.0,1172.0,781,1190.0,1180.0,1180.0
17-01-2014,1152.0,1182.0,1660,1184.0,1166.0,1166.0
21-01-2014,1080.0,1170.0,2838,1176.0,1098.0,1098.0
22-01-2014,1050.0,1114.0,1722,1122.0,1096.0,1096.0
23-01-2014,1078.0,1086.0,663,1106.0,1098.0,1098.0
24-01-2014,980.0,1080.0,2482,1080.0,1010.0,1010.0
27-01-2014,994.0,1008.0,1625,1062.0,1046.0,1046.0
28-01-2014,1002.0,1044.0,1370,1066.0,1056.0,1056.0
29-01-2014,1004.0,1046.0,1305,1064.0,1026.0,1026.0
30-01-2014,1006.0,1036.0,1427,1060.0,1014.0,1014.0
31-01-2014,990.0,1000.0,1809,1026.0,1004.0,1004.0
03-02-2014,896.0,996.0,2541,1008.0,910.0,910.0
04-02-2014,890.0,920.0,1189,952.0,934.0,934.0
05-02-2014,886.0,932.0,1058,940.0,916.0,916.0
06-02-2014,896.0,924.0,1536,936.0,908.0,908.0
07-02-2014,812.0,830.0,2263,1004.0,1000.0,1000.0
10-02-2014,918.0,992.0,1449,992.0,930.0,930.0
11-02-2014,900.0,930.0,1443,932.0,914.0,914.0
12-02-2014,900.0,912.0,698,934.0,912.0,912.0
13-02-2014,894.0,904.0,844,940.0,928.0,928.0
14-02-2014,906.0,930.0,887,942.0,938.0,938.0
18-02-2014,912.0,940.0,869,956.0,924.0,924.0
19-02-2014,890.0,924.0,725,932.0,894.0,894.0
20-02-2014,884.0,892.0,705,910.0,904.0,904.0
21-02-2014,894.0,910.0,1085,936.0,910.0,910.0
24-02-2014,906.0,914.0,723,928.0,910.0,910.0
25-02-2014,872.0,910.0,827,912.0,878.0,878.0
26-02-2014,874.0,878.0,580,920.0,892.0,892.0
27-02-2014,882.0,886.0,762,918.0,898.0,898.0
28-02-2014,884.0,902.0,843,922.0,884.0,884.0
03-03-2014,854.0,874.0,1511,906.0,902.0,902.0
04-03-2014,908.0,908.0,2406,1016.0,998.0,998.0
05-03-2014,970.0,990.0,943,1004.0,1000.0,1000.0
06-03-2014,956.0,988.0,1570,1020.0,1010.0,1010.0
07-03-2014,1002.0,1016.0,1260,1042.0,1030.0,1030.0
10-03-2014,984.0,1028.0,1153,1046.0,1042.0,1042.0
11-03-2014,1022.0,1048.0,867,1070.0,1022.0,1022.0
12-03-2014,998.0,1012.0,538,1036.0,1024.0,1024.0
13-03-2014,960.0,1026.0,851,1026.0,980.0,980.0
14-03-2014,972.0,980.0,541,1006.0,978.0,978.0
17-03-2014,980.0,980.0,1197,1038.0,1016.0,1016.0
18-03-2014,1014.0,1020.0,402,1044.0,1032.0,1032.0
19-03-2014,990.0,1034.0,729,1034.0,998.0,998.0
20-03-2014,992.0,992.0,313,1026.0,1008.0,1008.0
21-03-2014,996.0,1014.0,1447,1030.0,1016.0,1016.0
24-03-2014,974.0,1016.0,672,1022.0,1010.0,1010.0
25-03-2014,974.0,1016.0,1060,1036.0,982.0,982.0
26-03-2014,930.0,994.0,1062,994.0,932.0,932.0
27-03-2014,900.0,936.0,660,944.0,904.0,904.0
28-03-2014,880.0,902.0,559,938.0,890.0,890.0
31-03-2014,896.0,900.0,508,926.0,908.0,908.0
01-04-2014,904.0,910.0,511,940.0,936.0,936.0
02-04-2014,920.0,936.0,547,942.0,934.0,934.0
03-04-2014,904.0,934.0,639,942.0,908.0,908.0
04-04-2014,840.0,922.0,1090,922.0,868.0,868.0
07-04-2014,838.0,862.0,789,890.0,840.0,840.0
08-04-2014,838.0,838.0,838,888.0,858.0,858.0
09-04-2014,846.0,866.0,732,882.0,870.0,870.0
10-04-2014,816.0,866.0,1062,866.0,816.0,816.0
11-04-2014,792.0,804.0,877,836.0,812.0,812.0
14-04-2014,768.0,820.0,1124,834.0,788.0,788.0
15-04-2014,768.0,788.0,1061,822.0,804.0,804.0
16-04-2014,780.0,816.0,536,816.0,804.0,804.0
17-04-2014,790.0,800.0,394,824.0,806.0,806.0
21-04-2014,796.0,812.0,393,832.0,824.0,824.0
22-04-2014,812.0,824.0,459,842.0,840.0,840.0
23-04-2014,828.0,836.0,592,874.0,850.0,850.0
24-04-2014,816.0,854.0,871,860.0,826.0,826.0
25-04-2014,788.0,820.0,660,820.0,796.0,796.0
28-04-2014,776.0,804.0,665,818.0,796.0,796.0
29-04-2014,784.0,804.0,542,808.0,788.0,788.0
30-04-2014,730.0,780.0,1023,790.0,782.0,782.0
01-05-2014,772.0,776.0,1505,818.0,788.0,788.0
02-05-2014,750.0,794.0,939,838.0,754.0,754.0
05-05-2014,730.0,750.0,1378,772.0,736.0,736.0
06-05-2014,680.0,734.0,3248,740.0,690.0,690.0
07-05-2014,672.0,690.0,1034,692.0,680.0,680.0
08-05-2014,654.0,684.0,1485,690.0,660.0,660.0
09-05-2014,642.0,654.0,1416,672.0,666.0,666.0
12-05-2014,668.0,668.0,888,688.0,670.0,670.0
13-05-2014,652.0,668.0,1940,684.0,660.0,660.0
14-05-2014,614.0,660.0,1035,660.0,626.0,626.0
15-05-2014,610.0,618.0,886,636.0,618.0,618.0
16-05-2014,616.0,624.0,1284,662.0,654.0,654.0
19-05-2014,638.0,670.0,1633,676.0,644.0,644.0
20-05-2014,630.0,646.0,1277,648.0,640.0,640.0
21-05-2014,610.0,642.0,1594,648.0,612.0,612.0
22-05-2014,600.0,610.0,1505,638.0,628.0,628.0
23-05-2014,622.0,630.0,631,650.0,650.0,650.0
27-05-2014,656.0,660.0,1065,690.0,688.0,688.0
28-05-2014,676.0,690.0,787,716.0,708.0,708.0
29-05-2014,700.0,718.0,551,736.0,706.0,706.0
30-05-2014,638.0,708.0,2476,710.0,664.0,664.0
02-06-2014,602.0,662.0,1437,670.0,606.0,606.0
03-06-2014,580.0,622.0,2906,638.0,582.0,582.0
04-06-2014,580.0,580.0,1505,618.0,616.0,616.0
05-06-2014,598.0,604.0,1160,630.0,622.0,622.0
06-06-2014,610.0,628.0,1124,630.0,618.0,618.0
09-06-2014,610.0,620.0,784,642.0,632.0,632.0
10-06-2014,630.0,638.0,1285,652.0,634.0,634.0
11-06-2014,610.0,634.0,1165,646.0,642.0,642.0
12-06-2014,600.0,644.0,1070,658.0,606.0,606.0
13-06-2014,602.0,610.0,1225,626.0,622.0,622.0
16-06-2014,606.0,618.0,1678,620.0,612.0,612.0
17-06-2014,606.0,622.0,1116,632.0,610.0,610.0
18-06-2014,606.0,614.0,906,620.0,614.0,614.0
19-06-2014,610.0,614.0,699,628.0,624.0,624.0
20-06-2014,588.0,630.0,2070,630.0,592.0,592.0
23-06-2014,584.0,598.0,1572,620.0,592.0,592.0
24-06-2014,568.0,594.0,1591,604.0,572.0,572.0
25-06-2014,560.0,570.0,1914,594.0,590.0,590.0
26-06-2014,572.0,594.0,1481,608.0,598.0,598.0
27-06-2014,586.0,586.0,32940,634.0,628.0,628.0
30-06-2014,618.0,620.0,1435,634.0,628.0,628.0
01-07-2014,618.0,634.0,1146,640.0,626.0,626.0
02-07-2014,608.0,620.0,934,636.0,632.0,632.0
03-07-2014,622.0,624.0,184,636.0,632.0,632.0
07-07-2014,604.0,630.0,820,630.0,622.0,622.0
08-07-2014,600.0,616.0,602,628.0,614.0,614.0
09-07-2014,604.0,610.0,482,620.0,612.0,612.0
10-07-2014,602.0,602.0,488,618.0,616.0,616.0
11-07-2014,616.0,620.0,518,634.0,630.0,630.0
14-07-2014,624.0,640.0,528,644.0,640.0,640.0
15-07-2014,610.0,636.0,1603,638.0,622.0,622.0
16-07-2014,614.0,624.0,704,630.0,620.0,620.0
17-07-2014,598.0,616.0,1087,618.0,598.0,598.0
18-07-2014,598.0,600.0,340,624.0,620.0,620.0
21-07-2014,592.0,618.0,1043,626.0,594.0,594.0
22-07-2014,620.0,634.0,1444,648.0,648.0,648.0
23-07-2014,614.0,644.0,887,648.0,622.0,622.0
24-07-2014,598.0,620.0,629,622.0,606.0,606.0
25-07-2014,588.0,598.0,1856,612.0,612.0,612.0
28-07-2014,600.0,608.0,1058,622.0,610.0,610.0
29-07-2014,604.0,610.0,329,626.0,620.0,620.0
30-07-2014,628.0,630.0,3879,690.0,684.0,684.0
31-07-2014,634.0,668.0,1364,678.0,662.0,662.0
01-08-2014,608.0,662.0,1116,662.0,616.0,616.0
04-08-2014,552.0,614.0,2023,620.0,568.0,568.0
05-08-2014,558.0,558.0,907,582.0,574.0,574.0
06-08-2014,556.0,570.0,429,590.0,584.0,584.0
07-08-2014,574.0,582.0,550,598.0,594.0,594.0
08-08-2014,560.0,598.0,707,610.0,566.0,566.0
11-08-2014,552.0,564.0,644,598.0,588.0,588.0
12-08-2014,572.0,588.0,705,592.0,578.0,578.0
13-08-2014,552.0,584.0,650,584.0,556.0,556.0
14-08-2014,552.0,556.0,538,572.0,568.0,568.0
15-08-2014,530.0,576.0,1353,584.0,546.0,546.0
18-08-2014,542.0,556.0,292,564.0,562.0,562.0
19-08-2014,556.0,556.0,275,570.0,560.0,560.0
20-08-2014,540.0,556.0,331,566.0,560.0,560.0
21-08-2014,544.0,562.0,334,566.0,554.0,554.0
22-08-2014,548.0,554.0,250,574.0,564.0,564.0
25-08-2014,562.0,562.0,1199,630.0,622.0,622.0
26-08-2014,600.0,618.0,875,650.0,636.0,636.0
27-08-2014,610.0,636.0,529,646.0,626.0,626.0
28-08-2014,606.0,608.0,367,628.0,628.0,628.0
29-08-2014,626.0,626.0,422,648.0,644.0,644.0
02-09-2014,628.0,638.0,1313,680.0,662.0,662.0
03-09-2014,642.0,668.0,264,668.0,654.0,654.0
04-09-2014,640.0,654.0,252,668.0,640.0,640.0
05-09-2014,614.0,640.0,344,642.0,632.0,632.0
08-09-2014,622.0,634.0,229,640.0,628.0,628.0
09-09-2014,616.0,622.0,210,634.0,622.0,622.0
10-09-2014,612.0,618.0,487,624.0,622.0,622.0
11-09-2014,592.0,612.0,873,634.0,604.0,604.0
12-09-2014,594.0,602.0,468,620.0,618.0,618.0
15-09-2014,592.0,612.0,585,618.0,610.0,610.0
16-09-2014,560.0,604.0,989,604.0,566.0,566.0
17-09-2014,560.0,560.0,396,584.0,574.0,574.0
18-09-2014,568.0,572.0,224,580.0,568.0,568.0
19-09-2014,512.0,568.0,1070,578.0,520.0,520.0
22-09-2014,488.0,514.0,1113,530.0,498.0,498.0
23-09-2014,442.0,490.0,1039,498.0,466.0,466.0
24-09-2014,462.0,462.0,654,522.0,518.0,518.0
25-09-2014,488.0,520.0,317,528.0,508.0,508.0
26-09-2014,480.0,502.0,541,504.0,484.0,484.0
29-09-2014,466.0,476.0,529,484.0,476.0,476.0
30-09-2014,478.0,478.0,1043,514.0,484.0,484.0
01-10-2014,458.0,486.0,848,488.0,470.0,470.0
02-10-2014,452.0,464.0,551,484.0,472.0,472.0
03-10-2014,482.0,482.0,319,504.0,502.0,502.0
06-10-2014,500.0,508.0,577,528.0,506.0,506.0
07-10-2014,502.0,510.0,704,528.0,522.0,522.0
08-10-2014,476.0,526.0,1228,526.0,506.0,506.0
09-10-2014,488.0,504.0,497,518.0,490.0,490.0
10-10-2014,468.0,492.0,818,492.0,486.0,486.0
13-10-2014,476.0,492.0,400,504.0,496.0,496.0
14-10-2014,492.0,492.0,505,510.0,502.0,502.0
15-10-2014,494.0,496.0,245,508.0,496.0,496.0
16-10-2014,496.0,496.0,323,538.0,514.0,514.0
17-10-2014,508.0,522.0,427,550.0,514.0,514.0
20-10-2014,508.0,508.0,285,550.0,536.0,536.0
21-10-2014,542.0,548.0,1515,564.0,554.0,554.0
22-10-2014,522.0,556.0,228,568.0,524.0,524.0
23-10-2014,520.0,536.0,153,542.0,520.0,520.0
24-10-2014,500.0,528.0,669,530.0,506.0,506.0
27-10-2014,496.0,500.0,151,508.0,504.0,504.0
28-10-2014,508.0,508.0,88,524.0,520.0,520.0
29-10-2014,504.0,530.0,103,530.0,506.0,506.0
30-10-2014,506.0,508.0,819,532.0,532.0,532.0
31-10-2014,514.0,530.0,1415,538.0,538.0,538.0
03-11-2014,500.0,538.0,922,538.0,504.0,504.0
04-11-2014,450.0,520.0,2296,520.0,482.0,482.0
05-11-2014,380.0,450.0,3141,476.0,392.0,392.0
06-11-2014,314.0,380.0,3836,420.0,336.0,336.0
07-11-2014,306.0,330.0,3419,352.0,348.0,348.0
10-11-2014,336.0,346.0,1276,362.0,336.0,336.0
11-11-2014,330.0,334.0,521,350.0,344.0,344.0
12-11-2014,334.0,346.0,968,350.0,334.0,334.0
13-11-2014,340.0,340.0,1188,368.0,358.0,358.0
14-11-2014,348.0,356.0,919,384.0,384.0,384.0
17-11-2014,356.0,392.0,729,394.0,370.0,370.0
18-11-2014,354.0,366.0,496,380.0,380.0,380.0
19-11-2014,344.0,356.0,1323,376.0,358.0,358.0
20-11-2014,344.0,362.0,465,362.0,354.0,354.0
21-11-2014,350.0,358.0,312,370.0,362.0,362.0
24-11-2014,360.0,370.0,643,378.0,364.0,364.0
25-11-2014,364.0,368.0,384,372.0,366.0,366.0
26-11-2014,366.0,370.0,125,376.0,376.0,376.0
28-11-2014,362.0,372.0,296,374.0,370.0,370.0
01-12-2014,362.0,370.0,292,372.0,366.0,366.0
02-12-2014,356.0,366.0,759,366.0,364.0,364.0
03-12-2014,356.0,366.0,1246,374.0,360.0,360.0
04-12-2014,346.0,368.0,1168,368.0,356.0,356.0
05-12-2014,342.0,358.0,748,360.0,356.0,356.0
08-12-2014,340.0,348.0,351,356.0,348.0,348.0
09-12-2014,340.0,348.0,218,348.0,348.0,348.0
10-12-2014,342.0,350.0,202,350.0,344.0,344.0
11-12-2014,342.0,350.0,1304,350.0,350.0,350.0
12-12-2014,336.0,350.0,473,354.0,346.0,346.0
15-12-2014,336.0,342.0,552,356.0,336.0,336.0
16-12-2014,324.0,340.0,534,344.0,330.0,330.0
17-12-2014,310.0,336.0,843,338.0,312.0,312.0
18-12-2014,300.0,320.0,700,324.0,320.0,320.0
19-12-2014,312.0,320.0,733,332.0,318.0,318.0
22-12-2014,312.0,320.0,405,328.0,316.0,316.0
23-12-2014,308.0,318.0,502,320.0,312.0,312.0
24-12-2014,306.0,310.0,192,320.0,320.0,320.0
26-12-2014,298.0,318.0,1262,318.0,306.0,306.0
29-12-2014,302.0,306.0,916,328.0,314.0,314.0
30-12-2014,312.0,318.0,3011,340.0,320.0,320.0
31-12-2014,310.0,316.0,1384,376.0,374.0,374.0
02-01-2015,362.0,380.0,432,386.0,372.0,372.0
05-01-2015,370.0,374.0,392,392.0,382.0,382.0
06-01-2015,352.0,384.0,392,384.0,356.0,356.0
07-01-2015,358.0,358.0,890,412.0,410.0,410.0
08-01-2015,390.0,408.0,459,408.0,396.0,396.0
09-01-2015,386.0,396.0,911,422.0,414.0,414.0
12-01-2015,392.0,420.0,530,422.0,410.0,410.0
13-01-2015,392.0,410.0,746,432.0,414.0,414.0
14-01-2015,404.0,414.0,587,432.0,420.0,420.0
15-01-2015,398.0,422.0,627,422.0,422.0,422.0
16-01-2015,412.0,420.0,564,454.0,428.0,428.0
20-01-2015,438.0,458.0,1636,480.0,474.0,474.0
21-01-2015,438.0,466.0,1620,474.0,452.0,452.0
22-01-2015,442.0,454.0,552,470.0,454.0,454.0
23-01-2015,444.0,456.0,656,458.0,444.0,444.0
26-01-2015,444.0,448.0,1234,482.0,454.0,454.0
27-01-2015,418.0,470.0,1237,470.0,428.0,428.0
28-01-2015,396.0,432.0,1268,442.0,408.0,408.0
29-01-2015,370.0,410.0,977,412.0,400.0,400.0
30-01-2015,368.0,370.0,985,420.0,402.0,402.0
02-02-2015,400.0,410.0,444,416.0,410.0,410.0
03-02-2015,418.0,436.0,601,444.0,430.0,430.0
04-02-2015,426.0,428.0,267,440.0,434.0,434.0
05-02-2015,426.0,430.0,562,440.0,430.0,430.0
06-02-2015,410.0,426.0,499,426.0,418.0,418.0
09-02-2015,416.0,420.0,483,442.0,426.0,426.0
10-02-2015,416.0,430.0,633,434.0,432.0,432.0
11-02-2015,410.0,428.0,350,428.0,420.0,420.0
12-02-2015,404.0,434.0,354,434.0,416.0,416.0
13-02-2015,414.0,418.0,820,434.0,420.0,420.0
17-02-2015,388.0,420.0,1099,420.0,390.0,390.0
18-02-2015,388.0,388.0,462,408.0,404.0,404.0
19-02-2015,390.0,400.0,386,414.0,402.0,402.0
20-02-2015,380.0,404.0,291,404.0,388.0,388.0
23-02-2015,370.0,390.0,188,394.0,372.0,372.0
24-02-2015,374.0,374.0,95,390.0,376.0,376.0
25-02-2015,374.0,376.0,407,400.0,384.0,384.0
26-02-2015,378.0,378.0,1006,412.0,404.0,404.0
27-02-2015,320.0,332.0,9241,362.0,360.0,360.0
02-03-2015,342.0,354.0,1982,360.0,352.0,352.0
03-03-2015,340.0,354.0,877,358.0,352.0,352.0
04-03-2015,348.0,354.0,714,358.0,358.0,358.0
05-03-2015,350.0,360.0,2341,388.0,374.0,374.0
06-03-2015,360.0,378.0,953,378.0,362.0,362.0
09-03-2015,338.0,362.0,1171,374.0,372.0,372.0
10-03-2015,350.0,360.0,426,360.0,352.0,352.0
11-03-2015,344.0,354.0,444,358.0,352.0,352.0
12-03-2015,340.0,352.0,334,360.0,340.0,340.0
13-03-2015,322.0,342.0,914,352.0,336.0,336.0
16-03-2015,340.0,340.0,641,368.0,352.0,352.0
17-03-2015,342.0,352.0,655,364.0,362.0,362.0
18-03-2015,342.0,354.0,368,362.0,356.0,356.0
19-03-2015,354.0,354.0,1051,376.0,376.0,376.0
20-03-2015,372.0,372.0,805,388.0,388.0,388.0
23-03-2015,384.0,388.0,816,400.0,400.0,400.0
24-03-2015,398.0,398.0,917,412.0,410.0,410.0
25-03-2015,400.0,412.0,753,412.0,402.0,402.0
26-03-2015,398.0,404.0,743,416.0,408.0,408.0
27-03-2015,400.0,402.0,388,408.0,402.0,402.0
30-03-2015,396.0,400.0,314,410.0,410.0,410.0
31-03-2015,390.0,390.0,744,426.0,420.0,420.0
01-04-2015,412.0,424.0,744,446.0,446.0,446.0
02-04-2015,414.0,444.0,743,452.0,422.0,422.0
06-04-2015,414.0,428.0,1804,430.0,426.0,426.0
07-04-2015,420.0,426.0,439,444.0,432.0,432.0
08-04-2015,422.0,434.0,534,440.0,430.0,430.0
09-04-2015,428.0,432.0,185,436.0,432.0,432.0
10-04-2015,416.0,430.0,333,440.0,434.0,434.0
13-04-2015,430.0,440.0,355,440.0,440.0,440.0
14-04-2015,436.0,438.0,575,460.0,454.0,454.0
15-04-2015,466.0,466.0,1564,534.0,474.0,474.0
16-04-2015,470.0,480.0,858,496.0,474.0,474.0
17-04-2015,458.0,468.0,417,496.0,464.0,464.0
20-04-2015,460.0,468.0,193,470.0,466.0,466.0
21-04-2015,458.0,466.0,185,470.0,458.0,458.0
22-04-2015,430.0,460.0,412,460.0,440.0,440.0
23-04-2015,436.0,440.0,379,444.0,444.0,444.0
24-04-2015,436.0,444.0,276,456.0,440.0,440.0
27-04-2015,436.0,446.0,315,446.0,440.0,440.0
28-04-2015,436.0,436.0,218,444.0,440.0,440.0
29-04-2015,436.0,436.0,158,446.0,440.0,440.0
30-04-2015,436.0,440.0,971,450.0,438.0,438.0
01-05-2015,430.0,470.0,460,470.0,434.0,434.0
04-05-2015,410.0,440.0,350,440.0,430.0,430.0
05-05-2015,390.0,424.0,835,424.0,412.0,412.0
06-05-2015,390.0,392.0,212,412.0,404.0,404.0
07-05-2015,400.0,408.0,214,416.0,410.0,410.0
08-05-2015,404.0,410.0,298,426.0,424.0,424.0
11-05-2015,416.0,424.0,186,428.0,416.0,416.0
12-05-2015,414.0,414.0,592,460.0,448.0,448.0
13-05-2015,428.0,454.0,426,456.0,440.0,440.0
14-05-2015,430.0,440.0,302,446.0,440.0,440.0
15-05-2015,430.0,438.0,109,444.0,436.0,436.0
18-05-2015,436.0,436.0,341,446.0,438.0,438.0
19-05-2015,420.0,434.0,185,438.0,420.0,420.0
20-05-2015,424.0,424.0,166,430.0,430.0,430.0
21-05-2015,424.0,426.0,74,430.0,424.0,424.0
22-05-2015,422.0,422.0,311,442.0,434.0,434.0
26-05-2015,430.0,434.0,889,444.0,434.0,434.0
27-05-2015,432.0,438.0,101,444.0,434.0,434.0
28-05-2015,432.0,434.0,137,444.0,432.0,432.0
29-05-2015,432.0,432.0,383,446.0,444.0,444.0
01-06-2015,438.0,444.0,1437,482.0,458.0,458.0
02-06-2015,428.0,444.0,364,444.0,432.0,432.0
03-06-2015,420.0,442.0,229,442.0,422.0,422.0
04-06-2015,420.0,420.0,121,430.0,428.0,428.0
05-06-2015,414.0,424.0,490,430.0,424.0,424.0
08-06-2015,404.0,424.0,379,434.0,414.0,414.0
09-06-2015,388.0,404.0,585,410.0,400.0,400.0
10-06-2015,394.0,398.0,574,408.0,406.0,406.0
11-06-2015,388.0,400.0,221,402.0,398.0,398.0
12-06-2015,390.0,392.0,159,400.0,390.0,390.0
15-06-2015,392.0,392.0,292,410.0,408.0,408.0
16-06-2015,392.0,414.0,310,420.0,418.0,418.0
17-06-2015,408.0,412.0,145,422.0,408.0,408.0
18-06-2015,404.0,410.0,410,430.0,412.0,412.0
19-06-2015,402.0,406.0,457,430.0,402.0,402.0
22-06-2015,414.0,416.0,315,438.0,428.0,428.0
23-06-2015,428.0,432.0,103,436.0,430.0,430.0
24-06-2015,422.0,426.0,133,436.0,426.0,426.0
25-06-2015,392.0,426.0,434,440.0,404.0,404.0
26-06-2015,364.0,414.0,930,414.0,384.0,384.0
29-06-2015,360.0,374.0,126,374.0,366.0,366.0
30-06-2015,366.0,366.0,342,382.0,380.0,380.0
01-07-2015,366.0,388.0,785,420.0,406.0,406.0
02-07-2015,390.0,406.0,219,428.0,390.0,390.0
06-07-2015,380.0,392.0,175,398.0,380.0,380.0
07-07-2015,354.0,382.0,494,388.0,360.0,360.0
08-07-2015,304.0,344.0,1037,358.0,330.0,330.0
09-07-2015,310.0,340.0,743,342.0,314.0,314.0
10-07-2015,312.0,316.0,333,322.0,312.0,312.0
13-07-2015,300.0,300.0,313,338.0,328.0,328.0
14-07-2015,324.0,324.0,221,334.0,334.0,334.0
15-07-2015,330.0,330.0,33,336.0,334.0,334.0
16-07-2015,336.0,338.0,45,342.0,340.0,340.0
17-07-2015,320.0,336.0,397,344.0,338.0,338.0
20-07-2015,310.0,328.0,339,334.0,314.0,314.0
21-07-2015,314.0,322.0,457,326.0,318.0,318.0
22-07-2015,304.0,310.0,725,380.0,374.0,374.0
23-07-2015,294.0,380.0,1304,380.0,298.0,298.0
24-07-2015,280.0,316.0,808,320.0,282.0,282.0
27-07-2015,264.0,284.0,536,284.0,278.0,278.0
28-07-2015,266.0,278.0,650,286.0,284.0,284.0
29-07-2015,276.0,280.0,354,282.0,280.0,280.0
30-07-2015,270.0,282.0,489,284.0,276.0,276.0
31-07-2015,270.0,280.0,595,282.0,278.0,278.0
03-08-2015,270.0,280.0,316,282.0,282.0,282.0
04-08-2015,274.0,282.0,178,294.0,294.0,294.0
05-08-2015,288.0,290.0,80,294.0,290.0,290.0
06-08-2015,284.0,296.0,184,300.0,288.0,288.0
07-08-2015,276.0,286.0,301,286.0,278.0,278.0
10-08-2015,276.0,276.0,273,302.0,302.0,302.0
11-08-2015,284.0,294.0,157,298.0,290.0,290.0
12-08-2015,284.0,284.0,174,298.0,296.0,296.0
13-08-2015,288.0,296.0,340,300.0,296.0,296.0
14-08-2015,286.0,296.0,160,302.0,298.0,298.0
17-08-2015,292.0,298.0,363,310.0,306.0,306.0
18-08-2015,290.0,302.0,214,306.0,298.0,298.0
19-08-2015,296.0,296.0,181,304.0,296.0,296.0
20-08-2015,292.0,296.0,28,300.0,296.0,296.0
21-08-2015,274.0,294.0,549,296.0,296.0,296.0
24-08-2015,270.0,270.0,322,298.0,298.0,298.0
25-08-2015,296.0,300.0,392,308.0,306.0,306.0
26-08-2015,290.0,310.0,525,310.0,300.0,300.0
27-08-2015,300.0,306.0,153,308.0,302.0,302.0
28-08-2015,300.0,308.0,156,308.0,300.0,300.0
31-08-2015,294.0,298.0,150,308.0,298.0,298.0
01-09-2015,270.0,272.0,421,296.0,282.0,282.0
02-09-2015,274.0,280.0,99,286.0,278.0,278.0
03-09-2015,274.0,274.0,288,288.0,284.0,284.0
04-09-2015,274.0,274.0,254,292.0,290.0,290.0
08-09-2015,290.0,294.0,1070,298.0,296.0,296.0
09-09-2015,294.0,300.0,95,300.0,298.0,298.0
10-09-2015,276.0,292.0,539,310.0,298.0,298.0
11-09-2015,290.0,296.0,57,304.0,300.0,300.0
14-09-2015,290.0,300.0,244,300.0,294.0,294.0
15-09-2015,290.0,294.0,20,296.0,294.0,294.0
16-09-2015,280.0,294.0,345,298.0,296.0,296.0
17-09-2015,286.0,290.0,220,300.0,296.0,296.0
18-09-2015,290.0,294.0,151,298.0,296.0,296.0
21-09-2015,296.0,296.0,26,300.0,300.0,300.0
22-09-2015,292.0,292.0,73,300.0,300.0,300.0
23-09-2015,298.0,302.0,76,306.0,306.0,306.0
24-09-2015,300.0,308.0,109,308.0,300.0,300.0
25-09-2015,290.0,304.0,120,304.0,294.0,294.0
28-09-2015,288.0,288.0,248,300.0,294.0,294.0
29-09-2015,290.0,298.0,504,300.0,292.0,292.0
30-09-2015,292.0,294.0,112,300.0,298.0,298.0
01-10-2015,292.0,292.0,131,298.0,294.0,294.0
02-10-2015,290.0,294.0,297,306.0,304.0,304.0
05-10-2015,298.0,304.0,146,310.0,304.0,304.0
06-10-2015,292.0,308.0,215,308.0,304.0,304.0
07-10-2015,304.0,304.0,593,328.0,320.0,320.0
08-10-2015,312.0,320.0,257,330.0,318.0,318.0
09-10-2015,312.0,316.0,110,332.0,316.0,316.0
12-10-2015,306.0,318.0,195,330.0,310.0,310.0
13-10-2015,304.0,304.0,118,320.0,304.0,304.0
14-10-2015,304.0,304.0,82,314.0,308.0,308.0
15-10-2015,308.0,312.0,286,316.0,316.0,316.0
16-10-2015,314.0,318.0,343,324.0,318.0,318.0
19-10-2015,306.0,310.0,74,316.0,310.0,310.0
20-10-2015,304.0,310.0,37,326.0,316.0,316.0
21-10-2015,314.0,314.0,31,320.0,320.0,320.0
22-10-2015,320.0,326.0,113,326.0,324.0,324.0
23-10-2015,318.0,324.0,110,324.0,322.0,322.0
26-10-2015,312.0,312.0,67,320.0,320.0,320.0
27-10-2015,304.0,320.0,121,324.0,306.0,306.0
28-10-2015,304.0,310.0,148,320.0,310.0,310.0
29-10-2015,306.0,310.0,82,318.0,310.0,310.0
30-10-2015,274.0,302.0,419,316.0,278.0,278.0
02-11-2015,274.0,274.0,341,284.0,284.0,284.0
03-11-2015,280.0,280.0,512,296.0,290.0,290.0
04-11-2015,282.0,296.0,101,296.0,284.0,284.0
05-11-2015,260.0,274.0,536,296.0,282.0,282.0
06-11-2015,246.0,266.0,527,278.0,270.0,270.0
09-11-2015,250.0,250.0,285,284.0,278.0,278.0
10-11-2015,264.0,290.0,546,292.0,284.0,284.0
11-11-2015,274.0,280.0,80,284.0,282.0,282.0
12-11-2015,270.0,280.0,529,288.0,270.0,270.0
13-11-2015,262.0,270.0,415,282.0,270.0,270.0
16-11-2015,264.0,270.0,86,270.0,270.0,270.0
17-11-2015,262.0,270.0,257,276.0,270.0,270.0
18-11-2015,266.0,266.0,276,280.0,272.0,272.0
19-11-2015,266.0,278.0,405,280.0,276.0,276.0
20-11-2015,268.0,280.0,248,280.0,276.0,276.0
23-11-2015,254.0,276.0,278,280.0,262.0,262.0
24-11-2015,240.0,252.0,318,264.0,240.0,240.0
25-11-2015,220.0,232.0,737,244.0,230.0,230.0
27-11-2015,222.0,224.0,176,242.0,236.0,236.0
30-11-2015,232.0,240.0,578,248.0,242.0,242.0
01-12-2015,234.0,246.0,421,252.0,252.0,252.0
02-12-2015,236.0,252.0,994,258.0,250.0,250.0
03-12-2015,224.0,250.0,725,252.0,250.0,250.0
04-12-2015,230.0,250.0,538,250.0,238.0,238.0
07-12-2015,234.0,238.0,193,242.0,234.0,234.0
08-12-2015,230.0,234.0,402,240.0,240.0,240.0
09-12-2015,234.0,234.0,375,248.0,248.0,248.0
10-12-2015,242.0,248.0,225,254.0,254.0,254.0
11-12-2015,242.0,254.0,409,254.0,248.0,248.0
14-12-2015,230.0,246.0,698,260.0,250.0,250.0
15-12-2015,244.0,256.0,739,260.0,250.0,250.0
16-12-2015,248.0,252.0,1105,262.0,252.0,252.0
17-12-2015,252.0,258.0,552,262.0,260.0,260.0
18-12-2015,240.0,260.0,420,260.0,244.0,244.0
21-12-2015,248.0,248.0,313,258.0,254.0,254.0
22-12-2015,248.0,252.0,191,258.0,252.0,252.0
23-12-2015,240.0,250.0,350,250.0,240.0,240.0
24-12-2015,232.0,234.0,266,250.0,234.0,234.0
28-12-2015,222.0,234.0,270,240.0,222.0,222.0
29-12-2015,216.0,224.0,700,224.0,216.0,216.0
30-12-2015,214.0,220.0,355,222.0,216.0,216.0
31-12-2015,212.0,212.0,453,218.0,218.0,218.0
04-01-2016,210.0,210.0,221,250.0,230.0,230.0
05-01-2016,228.0,236.0,67,236.0,234.0,234.0
06-01-2016,220.0,234.0,24,236.0,222.0,222.0
07-01-2016,200.0,222.0,344,226.0,200.0,200.0
08-01-2016,200.0,214.0,55,214.0,200.0,200.0
11-01-2016,200.0,200.0,23,210.0,202.0,202.0
12-01-2016,194.0,208.0,14,210.0,202.0,202.0
13-01-2016,194.0,210.0,251,246.0,198.0,198.0
14-01-2016,190.0,202.0,174,214.0,206.0,206.0
15-01-2016,174.0,206.0,239,244.0,202.0,202.0
19-01-2016,200.0,200.0,39,214.0,208.0,208.0
20-01-2016,200.0,204.0,358,212.0,208.0,208.0
21-01-2016,190.0,200.0,195,214.0,196.0,196.0
22-01-2016,180.0,190.0,361,194.0,180.0,180.0
25-01-2016,180.0,188.0,275,200.0,184.0,184.0
26-01-2016,186.0,190.0,121,198.0,188.0,188.0
27-01-2016,178.0,190.0,277,190.0,188.0,188.0
28-01-2016,164.0,186.0,534,186.0,180.0,180.0
29-01-2016,182.0,182.0,398,186.0,182.0,182.0
01-02-2016,160.0,176.0,537,182.0,182.0,182.0
02-02-2016,160.0,170.0,235,178.0,162.0,162.0
03-02-2016,158.0,168.0,649,168.0,160.0,160.0
04-02-2016,158.0,162.0,636,168.0,162.0,162.0
05-02-2016,148.0,162.0,1499,166.0,156.0,156.0
08-02-2016,136.0,150.0,354,160.0,154.0,154.0
09-02-2016,140.0,160.0,166,166.0,158.0,158.0
10-02-2016,148.0,148.0,184,166.0,152.0,152.0
11-02-2016,144.0,162.0,915,166.0,146.0,146.0
12-02-2016,142.0,152.0,95,152.0,142.0,142.0
16-02-2016,132.0,142.0,569,142.0,138.0,138.0
17-02-2016,130.0,134.0,631,144.0,138.0,138.0
18-02-2016,138.0,138.0,132,142.0,138.0,138.0
19-02-2016,112.0,138.0,518,142.0,116.0,116.0
22-02-2016,110.0,112.0,297,122.0,120.0,120.0
23-02-2016,112.0,122.0,749,122.0,114.0,114.0
24-02-2016,114.0,118.0,300,120.0,118.0,118.0
25-02-2016,112.0,118.0,439,120.0,120.0,120.0
26-02-2016,112.0,116.0,221,122.0,118.0,118.0
29-02-2016,114.0,118.0,633,130.0,124.0,124.0
01-03-2016,112.0,112.0,1162,124.0,124.0,124.0
02-03-2016,114.0,118.0,893,130.0,124.0,124.0
03-03-2016,122.0,130.0,319,132.0,128.0,128.0
04-03-2016,134.0,134.0,852,154.0,142.0,142.0
07-03-2016,146.0,146.0,306,172.0,152.0,152.0
08-03-2016,140.0,162.0,661,162.0,152.0,152.0
09-03-2016,146.0,154.0,419,164.0,158.0,158.0
10-03-2016,150.0,150.0,462,170.0,170.0,170.0
11-03-2016,162.0,170.0,328,174.0,174.0,174.0
14-03-2016,170.0,176.0,149,180.0,176.0,176.0
15-03-2016,150.0,180.0,465,180.0,160.0,160.0
16-03-2016,140.0,158.0,194,158.0,156.0,156.0
17-03-2016,132.0,152.0,520,158.0,150.0,150.0
18-03-2016,146.0,154.0,212,158.0,146.0,146.0
21-03-2016,136.0,142.0,488,152.0,144.0,144.0
22-03-2016,140.0,144.0,332,152.0,144.0,144.0
23-03-2016,124.0,140.0,327,142.0,132.0,132.0
24-03-2016,130.0,132.0,221,138.0,134.0,134.0
28-03-2016,122.0,138.0,346,144.0,138.0,138.0
29-03-2016,128.0,138.0,161,138.0,130.0,130.0
30-03-2016,132.0,132.0,17,136.0,132.0,132.0
31-03-2016,130.0,132.0,212,136.0,130.0,130.0
01-04-2016,130.0,132.0,226,136.0,130.0,130.0
04-04-2016,120.0,130.0,412,140.0,126.0,126.0
05-04-2016,120.0,130.0,125,130.0,122.0,122.0
06-04-2016,120.0,130.0,252,132.0,120.0,120.0
07-04-2016,118.0,120.0,550,124.0,124.0,124.0
08-04-2016,116.0,124.0,330,124.0,122.0,122.0
11-04-2016,116.0,122.0,692,128.0,124.0,124.0
12-04-2016,116.0,120.0,101,124.0,116.0,116.0
13-04-2016,116.0,116.0,210,128.0,118.0,118.0
14-04-2016,118.0,120.0,52,124.0,118.0,118.0
15-04-2016,116.0,122.0,251,124.0,116.0,116.0
18-04-2016,102.0,116.0,719,116.0,114.0,114.0
19-04-2016,100.0,114.0,641,114.0,110.0,110.0
20-04-2016,100.0,112.0,235,116.0,102.0,102.0
21-04-2016,92.0,114.0,375,114.0,108.0,108.0
22-04-2016,102.0,112.0,152,112.0,108.0,108.0
25-04-2016,104.0,106.0,446,106.0,106.0,106.0
26-04-2016,100.0,110.0,837,116.0,106.0,106.0
27-04-2016,92.0,110.0,230,114.0,104.0,104.0
28-04-2016,92.0,102.0,661,116.0,92.0,92.0
29-04-2016,86.0,112.0,306,112.0,106.0,106.0
02-05-2016,88.0,106.0,371,110.0,96.0,96.0
03-05-2016,96.0,96.0,119,108.0,102.0,102.0
04-05-2016,96.0,110.0,291,116.0,104.0,104.0
05-05-2016,100.0,100.0,94,104.0,104.0,104.0
06-05-2016,88.0,104.0,204,104.0,96.0,96.0
09-05-2016,90.0,90.0,273,104.0,94.0,94.0
10-05-2016,94.0,104.0,146,104.0,94.0,94.0
11-05-2016,94.0,94.0,125,100.0,96.0,96.0
12-05-2016,90.0,94.0,336,98.0,94.0,94.0
13-05-2016,90.0,90.0,93,96.0,96.0,96.0
16-05-2016,92.0,96.0,170,96.0,92.0,92.0
17-05-2016,80.0,94.0,449,96.0,88.0,88.0
18-05-2016,88.0,88.0,115,94.0,88.0,88.0
19-05-2016,90.0,90.0,94,96.0,90.0,90.0
20-05-2016,90.0,96.0,30,96.0,92.0,92.0
23-05-2016,92.0,92.0,59,96.0,94.0,94.0
24-05-2016,80.0,92.0,279,94.0,88.0,88.0
25-05-2016,80.0,88.0,774,88.0,84.0,84.0
26-05-2016,78.0,90.0,493,90.0,80.0,80.0
27-05-2016,80.0,82.0,337,82.0,82.0,82.0
31-05-2016,76.0,90.0,677,90.0,78.0,78.0
01-06-2016,76.0,78.0,159,80.0,78.0,78.0
02-06-2016,70.0,78.0,335,78.0,78.0,78.0
03-06-2016,72.0,72.0,322,78.0,72.0,72.0
06-06-2016,66.0,74.0,774,78.0,66.0,66.0
07-06-2016,64.0,68.0,432,68.0,66.0,66.0
08-06-2016,64.0,66.0,501,66.0,66.0,66.0
09-06-2016,64.0,68.0,207,74.0,64.0,64.0
10-06-2016,64.0,66.0,595,66.0,66.0,66.0
13-06-2016,64.0,66.0,1236,76.0,66.0,66.0
14-06-2016,60.0,68.0,1444,68.0,66.0,66.0
15-06-2016,64.0,66.0,2105,94.0,94.0,94.0
16-06-2016,84.0,92.0,1605,110.0,84.0,84.0
17-06-2016,86.0,86.0,374,100.0,94.0,94.0
20-06-2016,96.0,110.0,742,110.0,100.0,100.0
21-06-2016,90.0,100.0,436,100.0,92.0,92.0
22-06-2016,92.0,94.0,239,98.0,92.0,92.0
23-06-2016,88.0,92.0,336,98.0,90.0,90.0
24-06-2016,76.0,86.0,499,98.0,88.0,88.0
27-06-2016,78.0,88.0,348,98.0,78.0,78.0
28-06-2016,78.0,78.0,518,90.0,80.0,80.0
29-06-2016,78.0,84.0,464,86.0,78.0,78.0
30-06-2016,80.0,80.0,405,90.0,82.0,82.0
01-07-2016,84.0,88.0,275,92.0,86.0,86.0
05-07-2016,80.0,88.0,105,90.0,84.0,84.0
06-07-2016,82.0,84.0,121,86.0,86.0,86.0
07-07-2016,80.0,84.0,124,86.0,84.0,84.0
08-07-2016,80.0,80.0,83,86.0,84.0,84.0
11-07-2016,80.0,80.0,501,98.0,82.0,82.0
12-07-2016,84.0,84.0,67,88.0,86.0,86.0
13-07-2016,80.0,84.0,141,86.0,84.0,84.0
14-07-2016,80.0,84.0,160,88.0,82.0,82.0
15-07-2016,82.0,88.0,93,90.0,90.0,90.0
18-07-2016,80.0,88.0,132,90.0,88.0,88.0
19-07-2016,84.0,90.0,187,98.0,92.0,92.0
20-07-2016,88.0,92.0,468,102.0,100.0,100.0
21-07-2016,94.0,100.0,438,104.0,102.0,102.0
22-07-2016,100.0,100.0,1811,128.0,106.0,106.0
25-07-2016,104.0,108.0,532,114.0,108.0,108.0
26-07-2016,100.0,110.0,489,110.0,100.0,100.0
27-07-2016,100.0,104.0,256,106.0,104.0,104.0
28-07-2016,102.0,104.0,278,108.0,102.0,102.0
29-07-2016,100.0,108.0,73,108.0,100.0,100.0
01-08-2016,100.0,100.0,656,114.0,110.0,110.0
02-08-2016,108.0,108.0,228,118.0,112.0,112.0
03-08-2016,100.0,112.0,288,118.0,118.0,118.0
04-08-2016,106.0,120.0,199,120.0,120.0,120.0
05-08-2016,110.0,116.0,611,128.0,128.0,128.0
08-08-2016,122.0,130.0,763,158.0,140.0,140.0
09-08-2016,134.0,144.0,279,144.0,140.0,140.0
10-08-2016,122.0,140.0,516,140.0,126.0,126.0
11-08-2016,120.0,120.0,113,134.0,128.0,128.0
12-08-2016,128.0,128.0,462,150.0,138.0,138.0
15-08-2016,140.0,142.0,179,146.0,140.0,140.0
16-08-2016,126.0,144.0,148,144.0,140.0,140.0
17-08-2016,134.0,134.0,110,142.0,142.0,142.0
18-08-2016,138.0,138.0,1103,144.0,142.0,142.0
19-08-2016,138.0,138.0,144,148.0,146.0,146.0
22-08-2016,146.0,148.0,286,152.0,148.0,148.0
23-08-2016,138.0,150.0,169,150.0,144.0,144.0
24-08-2016,144.0,148.0,280,154.0,150.0,150.0
25-08-2016,142.0,150.0,417,150.0,142.0,142.0
26-08-2016,138.0,150.0,504,154.0,152.0,152.0
29-08-2016,150.0,150.0,457,160.0,160.0,160.0
30-08-2016,144.0,164.0,305,166.0,158.0,158.0
31-08-2016,156.0,158.0,110,160.0,158.0,158.0
01-09-2016,142.0,142.0,461,156.0,152.0,152.0
02-09-2016,142.0,148.0,295,156.0,150.0,150.0
06-09-2016,146.0,150.0,784,156.0,148.0,148.0
07-09-2016,142.0,142.0,471,156.0,148.0,148.0
08-09-2016,146.0,146.0,207,160.0,160.0,160.0
09-09-2016,150.0,150.0,111,158.0,156.0,156.0
12-09-2016,138.0,156.0,291,156.0,154.0,154.0
13-09-2016,150.0,154.0,265,156.0,150.0,150.0
14-09-2016,144.0,152.0,417,154.0,152.0,152.0
15-09-2016,146.0,148.0,535,160.0,154.0,154.0
16-09-2016,142.0,150.0,383,160.0,146.0,146.0
19-09-2016,144.0,146.0,126,156.0,154.0,154.0
20-09-2016,148.0,150.0,102,154.0,152.0,152.0
21-09-2016,150.0,154.0,22,154.0,150.0,150.0
22-09-2016,150.0,154.0,170,156.0,150.0,150.0
23-09-2016,148.0,150.0,137,154.0,154.0,154.0
26-09-2016,148.0,150.0,84,160.0,156.0,156.0
27-09-2016,150.0,156.0,68,158.0,156.0,156.0
28-09-2016,150.0,150.0,101,158.0,150.0,150.0
29-09-2016,146.0,152.0,111,156.0,150.0,150.0
30-09-2016,146.0,152.0,114,154.0,150.0,150.0
03-10-2016,146.0,150.0,74,150.0,146.0,146.0
04-10-2016,142.0,156.0,86,156.0,142.0,142.0
05-10-2016,148.0,148.0,27,152.0,150.0,150.0
06-10-2016,142.0,142.0,124,150.0,142.0,142.0
07-10-2016,136.0,142.0,122,156.0,156.0,156.0
10-10-2016,144.0,144.0,51,154.0,144.0,144.0
11-10-2016,140.0,140.0,62,156.0,154.0,154.0
12-10-2016,140.0,140.0,60,150.0,144.0,144.0
13-10-2016,144.0,148.0,112,154.0,144.0,144.0
14-10-2016,144.0,150.0,23,150.0,146.0,146.0
17-10-2016,136.0,148.0,263,150.0,140.0,140.0
18-10-2016,128.0,138.0,46,144.0,128.0,128.0
19-10-2016,128.0,132.0,203,138.0,132.0,132.0
20-10-2016,134.0,140.0,40,140.0,134.0,134.0
21-10-2016,136.0,140.0,102,142.0,140.0,140.0
24-10-2016,128.0,132.0,340,140.0,140.0,140.0
25-10-2016,132.0,132.0,73,140.0,132.0,132.0
26-10-2016,132.0,132.0,60,134.0,134.0,134.0
27-10-2016,124.0,132.0,81,134.0,124.0,124.0
28-10-2016,116.0,126.0,33,134.0,120.0,120.0
31-10-2016,100.0,118.0,331,120.0,104.0,104.0
01-11-2016,100.0,104.0,953,106.0,102.0,102.0
02-11-2016,100.0,102.0,254,110.0,106.0,106.0
03-11-2016,100.0,102.0,105,108.0,102.0,102.0
04-11-2016,102.0,106.0,179,116.0,106.0,106.0
07-11-2016,100.0,100.0,319,122.0,104.0,104.0
08-11-2016,98.0,110.0,705,110.0,100.0,100.0
09-11-2016,72.0,72.0,302,102.0,96.0,96.0
10-11-2016,84.0,84.0,198,102.0,98.0,98.0
11-11-2016,82.0,96.0,38,106.0,98.0,98.0
14-11-2016,84.0,84.0,361,100.0,96.0,96.0
15-11-2016,82.0,96.0,135,96.0,88.0,88.0
16-11-2016,82.0,88.0,124,94.0,82.0,82.0
17-11-2016,82.0,82.0,304,96.0,96.0,96.0
18-11-2016,88.0,96.0,285,98.0,98.0,98.0
21-11-2016,88.0,96.0,261,98.0,92.0,92.0
22-11-2016,70.0,92.0,9060,96.0,74.0,74.0
23-11-2016,72.0,74.0,836,78.0,74.0,74.0
25-11-2016,52.0,74.0,1381,78.0,70.0,70.0
28-11-2016,66.0,70.0,691,74.0,72.0,72.0
29-11-2016,68.0,74.0,1048,76.0,72.0,72.0
30-11-2016,64.0,72.0,337,72.0,64.0,64.0
01-12-2016,62.0,62.0,620,68.0,64.0,64.0
02-12-2016,60.0,60.0,779,66.0,62.0,62.0
05-12-2016,58.0,60.0,704,68.0,62.0,62.0
06-12-2016,62.0,62.0,733,72.0,68.0,68.0
07-12-2016,64.0,70.0,453,70.0,66.0,66.0
08-12-2016,64.0,66.0,1085,82.0,70.0,70.0
09-12-2016,66.0,66.0,3154,100.0,92.0,92.0
12-12-2016,78.0,88.0,4160,98.0,82.0,82.0
13-12-2016,78.0,86.0,618,86.0,80.0,80.0
14-12-2016,76.0,78.0,174,80.0,76.0,76.0
15-12-2016,74.0,76.0,721,80.0,76.0,76.0
16-12-2016,68.0,76.0,381,76.0,68.0,68.0
19-12-2016,68.0,68.0,492,70.0,70.0,70.0
20-12-2016,64.0,70.0,688,70.0,66.0,66.0
21-12-2016,62.0,62.0,1173,68.0,64.0,64.0
22-12-2016,60.0,66.0,2236,74.0,66.0,66.0
23-12-2016,64.0,66.0,605,70.0,68.0,68.0
27-12-2016,64.0,68.0,2723,74.0,64.0,64.0
28-12-2016,64.0,64.0,1431,68.0,66.0,66.0
29-12-2016,46.0,66.0,28527,66.0,46.0,46.0
30-12-2016,44.0,48.0,15892,50.0,46.0,46.0
03-01-2017,46.0,50.0,4795,54.0,52.0,52.0
04-01-2017,48.0,52.0,5822,54.0,48.0,48.0
05-01-2017,46.0,50.0,2828,50.0,48.0,48.0
06-01-2017,46.0,48.0,3475,50.0,48.0,48.0
09-01-2017,44.0,48.0,1875,48.0,46.0,46.0
10-01-2017,42.0,46.0,5123,48.0,44.0,44.0
11-01-2017,40.0,44.0,2552,44.0,44.0,44.0
12-01-2017,42.0,42.0,17641,50.0,46.0,46.0
13-01-2017,48.0,50.0,8989,52.0,48.0,48.0
17-01-2017,48.0,50.0,2414,50.0,48.0,48.0
18-01-2017,42.0,48.0,2795,48.0,46.0,46.0
19-01-2017,42.0,46.0,1688,46.0,44.0,44.0
20-01-2017,36.0,44.0,4685,44.0,40.0,40.0
23-01-2017,38.0,40.0,2246,40.0,38.0,38.0
24-01-2017,38.0,40.0,12764,50.0,48.0,48.0
25-01-2017,50.0,52.0,50950,74.0,70.0,70.0
26-01-2017,60.0,74.0,15633,74.0,64.0,64.0
27-01-2017,62.0,70.0,6871,70.0,66.0,66.0
30-01-2017,52.0,66.0,6872,66.0,56.0,56.0
31-01-2017,56.0,62.0,3898,62.0,58.0,58.0
01-02-2017,52.0,58.0,4100,60.0,54.0,54.0
02-02-2017,50.0,52.0,3094,54.0,52.0,52.0
03-02-2017,50.0,52.0,3421,56.0,52.0,52.0
06-02-2017,52.0,56.0,1980,56.0,54.0,54.0
07-02-2017,50.0,54.0,2009,54.0,54.0,54.0
08-02-2017,52.0,54.0,2190,56.0,54.0,54.0
09-02-2017,54.0,54.0,5246,62.0,56.0,56.0
10-02-2017,56.0,60.0,2600,62.0,56.0,56.0
13-02-2017,54.0,56.0,2012,58.0,56.0,56.0
14-02-2017,56.0,58.0,1454,58.0,56.0,56.0
15-02-2017,44.0,56.0,6532,56.0,50.0,50.0
16-02-2017,44.599998474121094,50.20000076293945,7925,58.79999923706055,45.400001525878906,45.400001525878906
17-02-2017,45.20000076293945,45.20000076293945,403080,86.4000015258789,70.0,70.0
21-02-2017,63.0,70.0,40200,72.5999984741211,66.4000015258789,66.4000015258789
22-02-2017,54.20000076293945,65.5999984741211,17065,66.0,55.599998474121094,55.599998474121094
23-02-2017,52.0,57.79999923706055,6060,58.20000076293945,53.20000076293945,53.20000076293945
24-02-2017,48.400001525878906,54.0,8380,54.20000076293945,52.599998474121094,52.599998474121094
27-02-2017,48.599998474121094,53.20000076293945,3465,57.0,50.599998474121094,50.599998474121094
28-02-2017,48.79999923706055,50.0,16175,55.20000076293945,51.400001525878906,51.400001525878906
01-03-2017,49.0,51.400001525878906,3035,51.79999923706055,49.599998474121094,49.599998474121094
02-03-2017,46.599998474121094,51.0,5030,51.0,47.0,47.0
03-03-2017,43.20000076293945,47.0,9445,47.400001525878906,45.79999923706055,45.79999923706055
06-03-2017,42.20000076293945,45.0,5165,45.0,43.0,43.0
07-03-2017,42.0,44.0,171660,68.0,54.79999923706055,54.79999923706055
08-03-2017,47.0,53.79999923706055,13530,54.79999923706055,47.599998474121094,47.599998474121094
09-03-2017,45.599998474121094,46.20000076293945,4555,47.20000076293945,45.79999923706055,45.79999923706055
10-03-2017,44.0,48.0,6050,48.0,45.400001525878906,45.400001525878906
13-03-2017,44.20000076293945,45.0,4130,46.79999923706055,45.0,45.0
14-03-2017,42.20000076293945,45.400001525878906,4840,45.400001525878906,43.0,43.0
15-03-2017,42.599998474121094,43.20000076293945,4520,46.599998474121094,45.0,45.0
16-03-2017,43.400001525878906,45.79999923706055,4245,47.79999923706055,45.599998474121094,45.599998474121094
17-03-2017,44.400001525878906,46.400001525878906,2065,47.20000076293945,46.79999923706055,46.79999923706055
20-03-2017,46.0,48.0,6460,51.0,49.599998474121094,49.599998474121094
21-03-2017,46.20000076293945,49.599998474121094,2530,49.79999923706055,48.599998474121094,48.599998474121094
22-03-2017,46.400001525878906,48.400001525878906,2130,49.79999923706055,48.400001525878906,48.400001525878906
23-03-2017,47.20000076293945,48.20000076293945,1160,49.20000076293945,47.400001525878906,47.400001525878906
24-03-2017,46.400001525878906,47.599998474121094,1445,48.0,46.79999923706055,46.79999923706055
27-03-2017,45.0,46.0,1385,48.79999923706055,47.599998474121094,47.599998474121094
28-03-2017,47.0,48.400001525878906,4215,50.0,49.0,49.0
29-03-2017,35.0,40.0,18640,46.599998474121094,42.20000076293945,42.20000076293945
30-03-2017,41.20000076293945,43.400001525878906,5130,43.400001525878906,41.79999923706055,41.79999923706055
31-03-2017,40.599998474121094,42.0,3710,42.79999923706055,41.79999923706055,41.79999923706055
03-04-2017,40.0,42.20000076293945,2130,42.79999923706055,40.599998474121094,40.599998474121094
04-04-2017,39.79999923706055,40.20000076293945,2645,40.79999923706055,39.79999923706055,39.79999923706055
05-04-2017,38.0,39.79999923706055,1775,40.599998474121094,39.20000076293945,39.20000076293945
06-04-2017,38.79999923706055,40.0,4205,42.400001525878906,42.20000076293945,42.20000076293945
07-04-2017,40.0,43.0,2105,43.0,41.0,41.0
10-04-2017,39.400001525878906,41.79999923706055,3000,42.0,40.400001525878906,40.400001525878906
11-04-2017,37.599998474121094,40.20000076293945,1145,40.20000076293945,39.599998474121094,39.599998474121094
12-04-2017,38.0,40.0,2550,40.0,38.79999923706055,38.79999923706055
13-04-2017,19.600000381469727,21.200000762939453,51255,28.0,25.0,25.0
17-04-2017,21.399999618530273,25.600000381469727,14460,25.600000381469727,23.600000381469727,23.600000381469727
18-04-2017,21.799999237060547,23.600000381469727,8880,23.600000381469727,22.0,22.0
19-04-2017,22.0,22.399999618530273,1655,23.0,23.0,23.0
20-04-2017,22.0,22.399999618530273,4200,23.0,22.399999618530273,22.399999618530273
21-04-2017,21.799999237060547,22.0,10085,24.600000381469727,24.399999618530273,24.399999618530273
24-04-2017,22.0,24.200000762939453,10925,25.399999618530273,23.0,23.0
25-04-2017,22.200000762939453,23.600000381469727,3450,23.600000381469727,22.399999618530273,22.399999618530273
26-04-2017,19.0,22.200000762939453,21170,23.600000381469727,21.0,21.0
27-04-2017,20.399999618530273,21.0,2555,21.600000381469727,20.399999618530273,20.399999618530273
28-04-2017,19.0,20.799999237060547,4775,20.799999237060547,19.399999618530273,19.399999618530273
01-05-2017,18.200000762939453,19.200000762939453,3800,20.0,19.0,19.0
02-05-2017,15.800000190734863,18.0,7120,19.0,16.799999237060547,16.799999237060547
03-05-2017,17.0,17.399999618530273,1915,17.600000381469727,17.0,17.0
04-05-2017,13.800000190734863,17.200000762939453,7600,18.0,14.600000381469727,14.600000381469727
05-05-2017,14.199999809265137,15.0,3150,16.600000381469727,15.800000190734863,15.800000190734863
08-05-2017,15.0,15.199999809265137,1420,16.600000381469727,15.399999618530273,15.399999618530273
09-05-2017,14.600000381469727,16.0,1485,16.0,15.600000381469727,15.600000381469727
10-05-2017,12.399999618530273,15.800000190734863,2950,16.399999618530273,15.0,15.0
11-05-2017,13.600000381469727,14.199999809265137,1225,15.0,15.0,15.0
12-05-2017,15.0,15.800000190734863,3340,16.200000762939453,15.600000381469727,15.600000381469727
15-05-2017,14.199999809265137,15.199999809265137,1495,15.600000381469727,15.399999618530273,15.399999618530273
16-05-2017,14.399999618530273,14.800000190734863,2165,15.399999618530273,15.0,15.0
17-05-2017,14.0,14.800000190734863,2400,14.800000190734863,14.199999809265137,14.199999809265137
18-05-2017,11.0,14.399999618530273,2610,15.0,13.800000190734863,13.800000190734863
19-05-2017,12.0,13.0,2120,14.600000381469727,14.0,14.0
22-05-2017,13.0,14.199999809265137,465,14.399999618530273,14.0,14.0
23-05-2017,13.199999809265137,14.0,650,14.800000190734863,14.0,14.0
24-05-2017,12.399999618530273,14.399999618530273,1185,14.399999618530273,13.0,13.0
25-05-2017,12.600000381469727,13.399999618530273,2055,14.399999618530273,14.0,14.0
26-05-2017,13.0,14.600000381469727,1000,14.600000381469727,13.800000190734863,13.800000190734863
30-05-2017,13.0,13.600000381469727,210,13.800000190734863,13.800000190734863,13.800000190734863
31-05-2017,12.600000381469727,13.0,675,13.199999809265137,13.199999809265137,13.199999809265137
01-06-2017,12.399999618530273,13.199999809265137,920,13.199999809265137,12.600000381469727,12.600000381469727
02-06-2017,12.0,13.0,1175,13.0,13.0,13.0
05-06-2017,12.199999809265137,12.600000381469727,1615,12.800000190734863,12.199999809265137,12.199999809265137
06-06-2017,12.199999809265137,12.199999809265137,27510,17.0,16.399999618530273,16.399999618530273
07-06-2017,17.200000762939453,17.799999237060547,706880,38.79999923706055,37.0,37.0
08-06-2017,27.0,33.79999923706055,140725,33.79999923706055,28.399999618530273,28.399999618530273
09-06-2017,25.600000381469727,26.799999237060547,238635,36.0,30.799999237060547,30.799999237060547
12-06-2017,28.200000762939453,29.799999237060547,50430,35.0,29.799999237060547,29.799999237060547
13-06-2017,31.799999237060547,31.799999237060547,1052595,54.0,39.400001525878906,39.400001525878906
14-06-2017,34.20000076293945,37.599998474121094,90795,38.79999923706055,36.79999923706055,36.79999923706055
15-06-2017,33.599998474121094,35.20000076293945,173495,44.79999923706055,42.79999923706055,42.79999923706055
16-06-2017,39.0,41.0,129675,45.599998474121094,42.400001525878906,42.400001525878906
19-06-2017,38.0,40.599998474121094,160025,45.599998474121094,42.20000076293945,42.20000076293945
20-06-2017,38.599998474121094,42.0,41750,42.400001525878906,39.20000076293945,39.20000076293945
21-06-2017,36.0,39.20000076293945,58785,39.599998474121094,37.79999923706055,37.79999923706055
22-06-2017,38.400001525878906,39.599998474121094,73150,41.79999923706055,41.400001525878906,41.400001525878906
23-06-2017,38.20000076293945,41.20000076293945,39865,42.0,39.0,39.0
26-06-2017,38.599998474121094,39.599998474121094,81550,43.400001525878906,42.599998474121094,42.599998474121094
27-06-2017,40.400001525878906,41.599998474121094,29710,43.79999923706055,40.79999923706055,40.79999923706055
28-06-2017,40.400001525878906,40.79999923706055,183735,46.79999923706055,46.0,46.0
29-06-2017,42.20000076293945,47.599998474121094,117290,49.599998474121094,46.400001525878906,46.400001525878906
30-06-2017,32.400001525878906,40.0,159285,40.0,34.20000076293945,34.20000076293945
03-07-2017,33.79999923706055,34.79999923706055,13955,35.79999923706055,35.400001525878906,35.400001525878906
05-07-2017,30.0,36.0,32940,36.20000076293945,31.399999618530273,31.399999618530273
06-07-2017,24.0,30.200000762939453,41950,32.0,24.0,24.0
07-07-2017,23.0,23.600000381469727,86925,31.600000381469727,25.399999618530273,25.399999618530273
10-07-2017,21.600000381469727,23.799999237060547,39040,24.399999618530273,21.600000381469727,21.600000381469727
11-07-2017,22.0,22.0,82285,25.799999237060547,22.799999237060547,22.799999237060547
12-07-2017,22.399999618530273,23.0,22130,23.600000381469727,23.399999618530273,23.399999618530273
13-07-2017,23.399999618530273,23.399999618530273,205690,30.600000381469727,29.600000381469727,29.600000381469727
14-07-2017,29.0,31.399999618530273,215390,34.400001525878906,30.799999237060547,30.799999237060547
17-07-2017,26.0,30.200000762939453,55920,31.0,26.0,26.0
18-07-2017,23.399999618530273,25.799999237060547,32120,26.200000762939453,24.399999618530273,24.399999618530273
19-07-2017,24.0,24.0,31955,28.0,26.600000381469727,26.600000381469727
20-07-2017,26.0,26.200000762939453,16330,28.200000762939453,27.799999237060547,27.799999237060547
21-07-2017,26.0,27.0,10880,28.799999237060547,26.600000381469727,26.600000381469727
24-07-2017,26.0,26.200000762939453,5285,27.600000381469727,26.200000762939453,26.200000762939453
25-07-2017,24.600000381469727,26.0,11160,26.799999237060547,25.200000762939453,25.200000762939453
26-07-2017,23.799999237060547,25.200000762939453,8610,26.0,24.600000381469727,24.600000381469727
27-07-2017,24.0,24.200000762939453,5100,25.600000381469727,24.600000381469727,24.600000381469727
28-07-2017,23.200000762939453,24.600000381469727,9640,25.600000381469727,23.799999237060547,23.799999237060547
31-07-2017,22.799999237060547,23.399999618530273,3975,24.0,23.799999237060547,23.799999237060547
01-08-2017,22.399999618530273,23.600000381469727,14240,24.600000381469727,23.600000381469727,23.600000381469727
02-08-2017,22.600000381469727,23.0,13360,24.0,23.0,23.0
03-08-2017,22.600000381469727,22.600000381469727,8405,24.799999237060547,23.200000762939453,23.200000762939453
04-08-2017,22.600000381469727,23.0,6780,23.600000381469727,23.200000762939453,23.200000762939453
07-08-2017,22.399999618530273,23.0,12745,24.200000762939453,22.600000381469727,22.600000381469727
08-08-2017,22.0,23.0,14105,23.200000762939453,22.0,22.0
09-08-2017,19.399999618530273,21.600000381469727,18115,22.200000762939453,20.399999618530273,20.399999618530273
10-08-2017,17.799999237060547,20.600000381469727,15030,20.600000381469727,18.600000381469727,18.600000381469727
11-08-2017,17.799999237060547,18.0,7100,18.799999237060547,18.799999237060547,18.799999237060547
14-08-2017,17.799999237060547,18.600000381469727,5005,19.600000381469727,18.399999618530273,18.399999618530273
15-08-2017,18.0,18.799999237060547,7180,18.799999237060547,18.399999618530273,18.399999618530273
16-08-2017,18.0,18.399999618530273,2580,18.799999237060547,18.200000762939453,18.200000762939453
17-08-2017,17.0,18.200000762939453,2705,19.0,18.0,18.0
18-08-2017,17.0,17.0,2250,18.200000762939453,17.399999618530273,17.399999618530273
21-08-2017,17.0,17.799999237060547,2810,17.799999237060547,17.600000381469727,17.600000381469727
22-08-2017,17.200000762939453,17.600000381469727,9985,19.0,18.200000762939453,18.200000762939453
23-08-2017,17.600000381469727,18.799999237060547,7165,19.0,19.0,19.0
24-08-2017,21.200000762939453,21.200000762939453,352220,27.0,24.0,24.0
25-08-2017,22.0,23.0,133955,26.200000762939453,24.399999618530273,24.399999618530273
28-08-2017,22.399999618530273,24.600000381469727,31955,25.399999618530273,23.799999237060547,23.799999237060547
29-08-2017,18.399999618530273,23.0,57505,23.600000381469727,20.0,20.0
30-08-2017,19.200000762939453,20.399999618530273,16150,23.0,19.799999237060547,19.799999237060547
31-08-2017,19.399999618530273,19.600000381469727,10310,19.799999237060547,19.399999618530273,19.399999618530273
01-09-2017,19.399999618530273,19.399999618530273,16740,20.799999237060547,20.200000762939453,20.200000762939453
05-09-2017,19.0,20.200000762939453,12385,20.200000762939453,19.399999618530273,19.399999618530273
06-09-2017,18.0,19.600000381469727,10130,19.600000381469727,18.600000381469727,18.600000381469727
07-09-2017,18.399999618530273,18.600000381469727,5130,19.0,18.600000381469727,18.600000381469727
08-09-2017,18.399999618530273,18.600000381469727,2555,18.799999237060547,18.600000381469727,18.600000381469727
11-09-2017,17.600000381469727,17.799999237060547,4100,18.799999237060547,18.799999237060547,18.799999237060547
12-09-2017,18.399999618530273,18.399999618530273,16085,20.399999618530273,19.799999237060547,19.799999237060547
13-09-2017,19.600000381469727,19.600000381469727,5890,20.399999618530273,20.0,20.0
14-09-2017,19.0,20.0,3955,20.0,19.200000762939453,19.200000762939453
15-09-2017,19.0,19.0,16680,19.799999237060547,19.0,19.0
18-09-2017,18.799999237060547,19.0,2410,19.399999618530273,19.200000762939453,19.200000762939453
19-09-2017,18.600000381469727,19.200000762939453,3890,19.200000762939453,18.600000381469727,18.600000381469727
20-09-2017,18.0,18.799999237060547,21770,19.0,18.399999618530273,18.399999618530273
21-09-2017,18.0,18.799999237060547,7480,18.799999237060547,18.200000762939453,18.200000762939453
22-09-2017,17.600000381469727,18.0,5615,18.200000762939453,18.0,18.0
25-09-2017,17.600000381469727,18.0,5085,18.0,17.799999237060547,17.799999237060547
26-09-2017,17.600000381469727,17.600000381469727,13035,19.0,18.399999618530273,18.399999618530273
27-09-2017,17.799999237060547,17.799999237060547,6980,18.600000381469727,18.0,18.0
28-09-2017,17.600000381469727,18.0,9410,18.399999618530273,18.399999618530273,18.399999618530273
29-09-2017,17.600000381469727,18.399999618530273,16590,19.799999237060547,19.200000762939453,19.200000762939453
02-10-2017,18.200000762939453,19.399999618530273,57185,21.799999237060547,18.399999618530273,18.399999618530273
03-10-2017,18.0,18.399999618530273,6705,18.799999237060547,18.399999618530273,18.399999618530273
04-10-2017,18.0,18.200000762939453,12830,18.600000381469727,18.200000762939453,18.200000762939453
05-10-2017,18.200000762939453,18.799999237060547,32165,19.600000381469727,18.399999618530273,18.399999618530273
06-10-2017,18.0,18.600000381469727,13615,19.0,18.399999618530273,18.399999618530273
09-10-2017,18.0,18.200000762939453,12640,18.600000381469727,18.0,18.0
10-10-2017,17.600000381469727,18.0,14695,18.200000762939453,17.799999237060547,17.799999237060547
11-10-2017,17.399999618530273,17.799999237060547,8060,17.799999237060547,17.600000381469727,17.600000381469727
12-10-2017,17.399999618530273,17.600000381469727,5715,17.600000381469727,17.399999618530273,17.399999618530273
13-10-2017,17.0,17.399999618530273,5045,17.399999618530273,17.0,17.0
16-10-2017,16.0,17.0,10240,17.0,16.200000762939453,16.200000762939453
17-10-2017,16.0,16.799999237060547,6230,16.799999237060547,16.200000762939453,16.200000762939453
18-10-2017,15.0,16.200000762939453,7610,16.600000381469727,15.600000381469727,15.600000381469727
19-10-2017,14.0,15.600000381469727,14695,15.600000381469727,15.0,15.0
20-10-2017,14.0,14.0,5100,14.800000190734863,14.600000381469727,14.600000381469727
23-10-2017,14.199999809265137,14.800000190734863,12490,15.800000190734863,14.800000190734863,14.800000190734863
24-10-2017,14.199999809265137,15.199999809265137,5135,15.399999618530273,14.399999618530273,14.399999618530273
25-10-2017,14.0,15.0,4105,15.0,14.0,14.0
26-10-2017,13.199999809265137,14.0,3740,15.0,14.0,14.0
27-10-2017,12.199999809265137,13.600000381469727,12605,14.199999809265137,12.800000190734863,12.800000190734863
30-10-2017,13.0,13.199999809265137,2920,13.199999809265137,13.0,13.0
31-10-2017,13.0,13.199999809265137,2165,13.800000190734863,13.399999618530273,13.399999618530273
01-11-2017,12.600000381469727,13.399999618530273,4525,13.600000381469727,12.800000190734863,12.800000190734863
02-11-2017,12.399999618530273,13.399999618530273,8015,13.399999618530273,13.199999809265137,13.199999809265137
03-11-2017,12.399999618530273,13.199999809265137,7970,13.399999618530273,13.399999618530273,13.399999618530273
06-11-2017,13.199999809265137,13.399999618530273,109320,20.799999237060547,16.0,16.0
07-11-2017,14.399999618530273,16.0,12195,17.200000762939453,15.199999809265137,15.199999809265137
08-11-2017,14.0,15.199999809265137,12040,15.199999809265137,14.399999618530273,14.399999618530273
09-11-2017,13.600000381469727,14.399999618530273,4450,15.0,14.399999618530273,14.399999618530273
10-11-2017,14.0,14.0,2780,15.0,14.600000381469727,14.600000381469727
13-11-2017,13.0,15.199999809265137,24145,15.800000190734863,13.600000381469727,13.600000381469727
14-11-2017,27.799999237060547,27.799999237060547,1524465,39.0,29.0,29.0
15-11-2017,27.600000381469727,39.0,672385,42.0,27.799999237060547,27.799999237060547
16-11-2017,22.399999618530273,25.0,124290,26.200000762939453,24.600000381469727,24.600000381469727
17-11-2017,22.600000381469727,23.200000762939453,136655,29.0,26.0,26.0
20-11-2017,23.799999237060547,26.399999618530273,72520,28.399999618530273,25.600000381469727,25.600000381469727
21-11-2017,25.0,25.200000762939453,102320,29.200000762939453,28.600000381469727,28.600000381469727
22-11-2017,26.0,29.399999618530273,83565,31.0,26.799999237060547,26.799999237060547
24-11-2017,25.399999618530273,26.799999237060547,20310,27.399999618530273,26.600000381469727,26.600000381469727
27-11-2017,25.799999237060547,26.399999618530273,17615,27.200000762939453,26.799999237060547,26.799999237060547
28-11-2017,24.799999237060547,26.600000381469727,17755,26.799999237060547,25.399999618530273,25.399999618530273
29-11-2017,24.200000762939453,25.600000381469727,20325,26.0,24.799999237060547,24.799999237060547
30-11-2017,22.799999237060547,25.0,16505,25.0,23.399999618530273,23.399999618530273
01-12-2017,23.0,25.0,10370,25.0,24.0,24.0
04-12-2017,23.0,23.600000381469727,12400,24.600000381469727,23.0,23.0
05-12-2017,22.200000762939453,22.799999237060547,9690,23.399999618530273,22.600000381469727,22.600000381469727
06-12-2017,22.0,22.399999618530273,9885,23.399999618530273,22.799999237060547,22.799999237060547
07-12-2017,22.0,22.799999237060547,3330,22.799999237060547,22.600000381469727,22.600000381469727
08-12-2017,22.0,22.200000762939453,38235,24.399999618530273,24.399999618530273,24.399999618530273
11-12-2017,23.0,24.399999618530273,33370,26.799999237060547,25.399999618530273,25.399999618530273
12-12-2017,24.399999618530273,25.799999237060547,10225,26.0,24.799999237060547,24.799999237060547
13-12-2017,23.0,25.200000762939453,5885,25.200000762939453,24.0,24.0
14-12-2017,23.0,24.200000762939453,3320,24.600000381469727,23.200000762939453,23.200000762939453
15-12-2017,23.200000762939453,23.600000381469727,4520,23.799999237060547,23.200000762939453,23.200000762939453
18-12-2017,23.200000762939453,23.600000381469727,115655,31.0,24.600000381469727,24.600000381469727
19-12-2017,23.799999237060547,24.799999237060547,10160,25.200000762939453,23.799999237060547,23.799999237060547
20-12-2017,23.799999237060547,23.799999237060547,9915,25.0,24.0,24.0
21-12-2017,23.600000381469727,24.399999618530273,9725,24.399999618530273,24.0,24.0
22-12-2017,23.200000762939453,23.600000381469727,3035,24.200000762939453,23.799999237060547,23.799999237060547
26-12-2017,19.0,23.600000381469727,17275,23.600000381469727,22.399999618530273,22.399999618530273
27-12-2017,21.200000762939453,22.0,4495,22.399999618530273,21.799999237060547,21.799999237060547
28-12-2017,21.799999237060547,23.200000762939453,7515,23.200000762939453,22.0,22.0
29-12-2017,21.600000381469727,22.0,9790,22.600000381469727,22.200000762939453,22.200000762939453
02-01-2018,22.0,22.200000762939453,4010,23.0,22.600000381469727,22.600000381469727
03-01-2018,23.0,23.0,128480,28.799999237060547,25.0,25.0
04-01-2018,24.600000381469727,25.0,14080,26.0,25.600000381469727,25.600000381469727
05-01-2018,25.600000381469727,27.0,15295,27.0,25.799999237060547,25.799999237060547
08-01-2018,26.200000762939453,26.200000762939453,98785,32.599998474121094,28.0,28.0
09-01-2018,27.200000762939453,28.0,21795,29.799999237060547,28.799999237060547,28.799999237060547
10-01-2018,24.0,29.0,17480,29.0,26.399999618530273,26.399999618530273
11-01-2018,26.399999618530273,26.399999618530273,9695,28.399999618530273,27.799999237060547,27.799999237060547
12-01-2018,26.600000381469727,27.600000381469727,9890,28.0,26.799999237060547,26.799999237060547
16-01-2018,26.600000381469727,26.799999237060547,58345,30.0,29.200000762939453,29.200000762939453
17-01-2018,29.0,29.399999618530273,145340,34.599998474121094,30.799999237060547,30.799999237060547
18-01-2018,28.0,30.399999618530273,24425,31.200000762939453,29.200000762939453,29.200000762939453
19-01-2018,28.399999618530273,29.799999237060547,8215,30.0,29.399999618530273,29.399999618530273
22-01-2018,29.0,30.0,6660,30.0,29.399999618530273,29.399999618530273
23-01-2018,27.399999618530273,29.200000762939453,10740,29.399999618530273,28.399999618530273,28.399999618530273
24-01-2018,26.600000381469727,28.200000762939453,10415,28.799999237060547,27.200000762939453,27.200000762939453
25-01-2018,25.200000762939453,26.799999237060547,11560,27.399999618530273,27.200000762939453,27.200000762939453
26-01-2018,25.399999618530273,27.200000762939453,4485,27.200000762939453,27.0,27.0
29-01-2018,26.200000762939453,26.799999237060547,5100,27.399999618530273,26.200000762939453,26.200000762939453
30-01-2018,23.600000381469727,26.200000762939453,13130,26.200000762939453,24.0,24.0
31-01-2018,23.799999237060547,23.799999237060547,4870,24.799999237060547,24.600000381469727,24.600000381469727
01-02-2018,23.0,24.200000762939453,9365,24.799999237060547,23.200000762939453,23.200000762939453
02-02-2018,22.0,23.200000762939453,10720,23.600000381469727,23.0,23.0
05-02-2018,22.0,22.0,8810,23.200000762939453,22.0,22.0
06-02-2018,20.600000381469727,21.399999618530273,8075,22.799999237060547,22.799999237060547,22.799999237060547
07-02-2018,22.399999618530273,22.399999618530273,29505,24.399999618530273,24.200000762939453,24.200000762939453
08-02-2018,22.600000381469727,25.0,14590,25.600000381469727,23.399999618530273,23.399999618530273
09-02-2018,22.399999618530273,23.399999618530273,8130,24.0,23.600000381469727,23.600000381469727
12-02-2018,22.600000381469727,23.200000762939453,4920,24.200000762939453,23.600000381469727,23.600000381469727
13-02-2018,23.200000762939453,23.799999237060547,5225,23.799999237060547,23.799999237060547,23.799999237060547
14-02-2018,23.399999618530273,23.600000381469727,10490,24.600000381469727,24.600000381469727,24.600000381469727
15-02-2018,24.399999618530273,24.399999618530273,47540,28.0,27.200000762939453,27.200000762939453
16-02-2018,26.600000381469727,26.799999237060547,44995,30.799999237060547,29.399999618530273,29.399999618530273
20-02-2018,29.399999618530273,30.799999237060547,15185,31.0,30.0,30.0
21-02-2018,29.200000762939453,30.200000762939453,16680,31.600000381469727,30.399999618530273,30.399999618530273
22-02-2018,30.0,30.0,10155,31.200000762939453,30.399999618530273,30.399999618530273
23-02-2018,32.400001525878906,34.0,122755,38.79999923706055,37.599998474121094,37.599998474121094
26-02-2018,33.599998474121094,38.400001525878906,118115,41.599998474121094,38.79999923706055,38.79999923706055
27-02-2018,30.399999618530273,34.599998474121094,77320,36.79999923706055,31.600000381469727,31.600000381469727
28-02-2018,28.0,31.399999618530273,36455,32.20000076293945,28.399999618530273,28.399999618530273
01-03-2018,28.0,28.0,16770,30.600000381469727,30.0,30.0
02-03-2018,28.600000381469727,30.399999618530273,7880,30.600000381469727,30.200000762939453,30.200000762939453
05-03-2018,29.200000762939453,30.0,4780,30.799999237060547,29.600000381469727,29.600000381469727
06-03-2018,29.200000762939453,30.0,4325,30.200000762939453,30.200000762939453,30.200000762939453
07-03-2018,29.600000381469727,29.799999237060547,30790,32.599998474121094,31.600000381469727,31.600000381469727
08-03-2018,30.600000381469727,31.799999237060547,17305,33.0,32.599998474121094,32.599998474121094
09-03-2018,30.200000762939453,32.599998474121094,16670,32.599998474121094,30.799999237060547,30.799999237060547
12-03-2018,29.399999618530273,31.0,10865,31.0,30.799999237060547,30.799999237060547
13-03-2018,28.200000762939453,31.0,12425,31.0,29.799999237060547,29.799999237060547
14-03-2018,27.0,30.0,10725,30.0,27.200000762939453,27.200000762939453
15-03-2018,25.0,26.600000381469727,18800,27.600000381469727,25.399999618530273,25.399999618530273
16-03-2018,25.600000381469727,25.799999237060547,5105,27.399999618530273,27.200000762939453,27.200000762939453
19-03-2018,26.0,27.399999618530273,4430,27.399999618530273,26.0,26.0
20-03-2018,26.200000762939453,26.600000381469727,13710,28.0,27.200000762939453,27.200000762939453
21-03-2018,26.399999618530273,27.799999237060547,20275,28.799999237060547,27.399999618530273,27.399999618530273
22-03-2018,26.0,27.200000762939453,38315,29.0,27.600000381469727,27.600000381469727
23-03-2018,26.0,27.600000381469727,15235,27.600000381469727,26.399999618530273,26.399999618530273
26-03-2018,23.600000381469727,26.600000381469727,16725,27.399999618530273,25.0,25.0
27-03-2018,23.600000381469727,25.0,6915,25.600000381469727,23.600000381469727,23.600000381469727
28-03-2018,23.0,23.600000381469727,10285,24.200000762939453,23.200000762939453,23.200000762939453
29-03-2018,22.600000381469727,23.200000762939453,6155,24.200000762939453,23.799999237060547,23.799999237060547
02-04-2018,22.799999237060547,23.799999237060547,10460,24.200000762939453,24.0,24.0
03-04-2018,23.600000381469727,23.799999237060547,20930,25.600000381469727,24.399999618530273,24.399999618530273
04-04-2018,23.0,23.799999237060547,9115,24.799999237060547,24.0,24.0
05-04-2018,23.0,23.799999237060547,3750,24.0,23.200000762939453,23.200000762939453
06-04-2018,23.200000762939453,23.600000381469727,4095,24.0,23.600000381469727,23.600000381469727
09-04-2018,23.0,23.799999237060547,3400,24.0,23.600000381469727,23.600000381469727
10-04-2018,23.600000381469727,23.799999237060547,6325,25.200000762939453,25.200000762939453,25.200000762939453
11-04-2018,24.0,25.0,4035,25.200000762939453,24.600000381469727,24.600000381469727
12-04-2018,24.200000762939453,24.600000381469727,3500,25.399999618530273,24.600000381469727,24.600000381469727
13-04-2018,24.600000381469727,24.799999237060547,16080,26.600000381469727,26.0,26.0
16-04-2018,26.200000762939453,26.200000762939453,11425,28.399999618530273,26.600000381469727,26.600000381469727
17-04-2018,25.600000381469727,26.799999237060547,5830,27.0,26.0,26.0
18-04-2018,26.0,26.200000762939453,3355,27.0,26.200000762939453,26.200000762939453
19-04-2018,25.0,26.0,5525,26.0,25.0,25.0
20-04-2018,25.0,25.0,1150,25.600000381469727,25.600000381469727,25.600000381469727
23-04-2018,25.399999618530273,25.399999618530273,10260,26.399999618530273,25.799999237060547,25.799999237060547
24-04-2018,25.399999618530273,25.799999237060547,9715,26.799999237060547,25.399999618530273,25.399999618530273
25-04-2018,25.200000762939453,26.200000762939453,6175,26.600000381469727,25.799999237060547,25.799999237060547
26-04-2018,26.0,26.200000762939453,15925,28.200000762939453,27.399999618530273,27.399999618530273
27-04-2018,27.0,27.799999237060547,12010,28.399999618530273,27.200000762939453,27.200000762939453
30-04-2018,26.200000762939453,27.200000762939453,8035,27.399999618530273,26.200000762939453,26.200000762939453
01-05-2018,26.0,26.0,2940,27.600000381469727,27.399999618530273,27.399999618530273
02-05-2018,27.399999618530273,27.399999618530273,18350,29.399999618530273,28.600000381469727,28.600000381469727
03-05-2018,28.0,28.0,23385,30.399999618530273,28.799999237060547,28.799999237060547
04-05-2018,29.0,29.0,32205,32.400001525878906,31.0,31.0
07-05-2018,31.600000381469727,32.0,34855,34.79999923706055,33.400001525878906,33.400001525878906
08-05-2018,28.399999618530273,34.0,51890,34.20000076293945,29.200000762939453,29.200000762939453
09-05-2018,28.0,29.200000762939453,14015,30.399999618530273,29.0,29.0
10-05-2018,28.0,30.0,61365,31.600000381469727,30.399999618530273,30.399999618530273
11-05-2018,36.400001525878906,43.599998474121094,376475,44.599998474121094,37.400001525878906,37.400001525878906
14-05-2018,33.400001525878906,37.79999923706055,125225,42.400001525878906,40.79999923706055,40.79999923706055
15-05-2018,38.20000076293945,39.0,44330,41.79999923706055,39.79999923706055,39.79999923706055
16-05-2018,37.20000076293945,40.20000076293945,24080,40.20000076293945,38.400001525878906,38.400001525878906
17-05-2018,37.400001525878906,38.400001525878906,19925,39.599998474121094,39.0,39.0
18-05-2018,38.20000076293945,39.0,9860,39.599998474121094,39.20000076293945,39.20000076293945
21-05-2018,38.79999923706055,39.400001525878906,15900,40.79999923706055,39.400001525878906,39.400001525878906
22-05-2018,38.400001525878906,40.0,18540,40.0,40.0,40.0
23-05-2018,36.400001525878906,39.0,19110,39.79999923706055,38.79999923706055,38.79999923706055
24-05-2018,37.0,38.79999923706055,14525,38.79999923706055,38.20000076293945,38.20000076293945
25-05-2018,33.400001525878906,35.0,33480,35.0,34.400001525878906,34.400001525878906
29-05-2018,34.0,34.0,18700,37.79999923706055,37.0,37.0
30-05-2018,35.400001525878906,37.400001525878906,12960,37.599998474121094,35.599998474121094,35.599998474121094
31-05-2018,33.20000076293945,35.79999923706055,10075,36.400001525878906,34.79999923706055,34.79999923706055
01-06-2018,34.400001525878906,35.0,6230,36.0,35.79999923706055,35.79999923706055
04-06-2018,34.20000076293945,35.79999923706055,11370,36.0,35.79999923706055,35.79999923706055
05-06-2018,34.599998474121094,35.79999923706055,5580,36.400001525878906,35.0,35.0
06-06-2018,34.599998474121094,34.599998474121094,7490,35.400001525878906,34.79999923706055,34.79999923706055
07-06-2018,33.599998474121094,34.79999923706055,7595,35.20000076293945,34.0,34.0
08-06-2018,33.0,33.599998474121094,7790,34.20000076293945,33.599998474121094,33.599998474121094
11-06-2018,32.599998474121094,34.0,13500,34.0,32.599998474121094,32.599998474121094
12-06-2018,32.20000076293945,32.20000076293945,5920,33.599998474121094,33.20000076293945,33.20000076293945
13-06-2018,32.599998474121094,33.0,8780,34.79999923706055,34.400001525878906,34.400001525878906
14-06-2018,33.599998474121094,34.400001525878906,3400,35.0,34.400001525878906,34.400001525878906
15-06-2018,33.20000076293945,34.20000076293945,2400,34.79999923706055,34.79999923706055,34.79999923706055
18-06-2018,33.400001525878906,34.400001525878906,2100,34.79999923706055,33.79999923706055,33.79999923706055
19-06-2018,33.20000076293945,33.20000076293945,2890,34.79999923706055,33.400001525878906,33.400001525878906
20-06-2018,33.20000076293945,33.599998474121094,1800,34.599998474121094,34.0,34.0
21-06-2018,33.79999923706055,34.20000076293945,15360,36.20000076293945,35.79999923706055,35.79999923706055
22-06-2018,34.599998474121094,36.0,7540,36.0,35.0,35.0
25-06-2018,33.79999923706055,35.20000076293945,4365,35.20000076293945,34.79999923706055,34.79999923706055
26-06-2018,33.0,34.599998474121094,3990,35.0,34.0,34.0
27-06-2018,33.599998474121094,33.79999923706055,3760,35.599998474121094,34.20000076293945,34.20000076293945
28-06-2018,33.599998474121094,34.0,2005,34.79999923706055,33.79999923706055,33.79999923706055
29-06-2018,34.0,34.20000076293945,1340,35.0,35.0,35.0
02-07-2018,33.599998474121094,34.79999923706055,3550,35.0,34.599998474121094,34.599998474121094
03-07-2018,33.599998474121094,34.400001525878906,1650,34.79999923706055,34.20000076293945,34.20000076293945
05-07-2018,34.400001525878906,34.599998474121094,6945,36.0,36.0,36.0
06-07-2018,35.599998474121094,36.20000076293945,11490,37.79999923706055,36.599998474121094,36.599998474121094
09-07-2018,36.0,37.0,7430,37.20000076293945,36.599998474121094,36.599998474121094
10-07-2018,36.599998474121094,37.0,20915,38.79999923706055,38.400001525878906,38.400001525878906
11-07-2018,37.79999923706055,38.599998474121094,11095,38.599998474121094,38.0,38.0
12-07-2018,37.599998474121094,38.400001525878906,10890,38.79999923706055,37.79999923706055,37.79999923706055
13-07-2018,37.599998474121094,38.20000076293945,3975,38.599998474121094,38.0,38.0
16-07-2018,38.0,38.599998474121094,10280,38.599998474121094,38.599998474121094,38.599998474121094
17-07-2018,36.0,38.400001525878906,7380,38.599998474121094,38.0,38.0
18-07-2018,37.599998474121094,37.599998474121094,3570,39.0,38.599998474121094,38.599998474121094
19-07-2018,38.0,38.0,5680,39.0,38.599998474121094,38.599998474121094
20-07-2018,37.400001525878906,38.79999923706055,7620,38.79999923706055,37.599998474121094,37.599998474121094
23-07-2018,37.0,37.79999923706055,13230,38.400001525878906,38.20000076293945,38.20000076293945
24-07-2018,37.400001525878906,37.79999923706055,6340,38.79999923706055,38.400001525878906,38.400001525878906
25-07-2018,38.0,38.0,67955,43.400001525878906,42.79999923706055,42.79999923706055
26-07-2018,22.600000381469727,26.600000381469727,174400,27.399999618530273,23.399999618530273,23.399999618530273
27-07-2018,23.0,24.799999237060547,60910,25.0,24.600000381469727,24.600000381469727
30-07-2018,20.0,24.399999618530273,76410,24.600000381469727,20.600000381469727,20.600000381469727
31-07-2018,20.600000381469727,20.600000381469727,23930,22.0,21.200000762939453,21.200000762939453
01-08-2018,19.600000381469727,21.0,42565,21.600000381469727,19.600000381469727,19.600000381469727
02-08-2018,19.200000762939453,20.200000762939453,61250,22.799999237060547,21.799999237060547,21.799999237060547
03-08-2018,20.200000762939453,20.200000762939453,21640,21.799999237060547,20.399999618530273,20.399999618530273
06-08-2018,20.799999237060547,21.600000381469727,15830,21.600000381469727,21.0,21.0
07-08-2018,20.200000762939453,21.0,7765,21.200000762939453,20.399999618530273,20.399999618530273
08-08-2018,20.0,21.0,5085,21.0,20.200000762939453,20.200000762939453
09-08-2018,19.600000381469727,20.200000762939453,8490,20.399999618530273,19.600000381469727,19.600000381469727
10-08-2018,19.0,20.0,10220,20.0,19.200000762939453,19.200000762939453
13-08-2018,16.200000762939453,19.0,32735,19.0,17.399999618530273,17.399999618530273
14-08-2018,16.0,17.399999618530273,26220,17.600000381469727,16.200000762939453,16.200000762939453
15-08-2018,15.199999809265137,16.200000762939453,25890,17.399999618530273,17.0,17.0
16-08-2018,16.799999237060547,17.0,260125,22.0,17.399999618530273,17.399999618530273
17-08-2018,15.199999809265137,15.600000381469727,25640,17.399999618530273,17.0,17.0
20-08-2018,16.200000762939453,16.200000762939453,8055,16.799999237060547,16.799999237060547,16.799999237060547
21-08-2018,16.200000762939453,16.799999237060547,3750,17.0,16.600000381469727,16.600000381469727
22-08-2018,16.200000762939453,17.0,7445,17.0,16.399999618530273,16.399999618530273
23-08-2018,16.799999237060547,16.799999237060547,27150,19.0,17.399999618530273,17.399999618530273
24-08-2018,17.399999618530273,17.799999237060547,20040,18.600000381469727,18.0,18.0
27-08-2018,17.399999618530273,18.200000762939453,17295,18.600000381469727,17.399999618530273,17.399999618530273
28-08-2018,17.0,17.399999618530273,5805,18.0,17.399999618530273,17.399999618530273
29-08-2018,16.600000381469727,17.399999618530273,8310,17.799999237060547,17.0,17.0
30-08-2018,16.600000381469727,16.600000381469727,5105,17.200000762939453,17.0,17.0
31-08-2018,16.399999618530273,16.799999237060547,5460,17.0,16.799999237060547,16.799999237060547
04-09-2018,16.399999618530273,16.799999237060547,2110,17.200000762939453,16.799999237060547,16.799999237060547
05-09-2018,16.200000762939453,16.600000381469727,5680,16.799999237060547,16.600000381469727,16.600000381469727
06-09-2018,16.200000762939453,16.799999237060547,4325,17.600000381469727,16.200000762939453,16.200000762939453
07-09-2018,16.200000762939453,16.399999618530273,4800,17.0,16.399999618530273,16.399999618530273
10-09-2018,16.399999618530273,16.600000381469727,1695,16.799999237060547,16.399999618530273,16.399999618530273
11-09-2018,16.200000762939453,16.799999237060547,2845,16.799999237060547,16.200000762939453,16.200000762939453
12-09-2018,12.399999618530273,16.200000762939453,10765,16.799999237060547,15.800000190734863,15.800000190734863
13-09-2018,15.0,16.0,4270,16.0,15.600000381469727,15.600000381469727
14-09-2018,15.0,15.199999809265137,4140,16.200000762939453,15.0,15.0
17-09-2018,14.399999618530273,15.600000381469727,7055,16.0,14.800000190734863,14.800000190734863
18-09-2018,13.600000381469727,14.199999809265137,12760,15.0,14.0,14.0
19-09-2018,13.0,14.0,11460,14.199999809265137,13.399999618530273,13.399999618530273
20-09-2018,13.600000381469727,14.0,6410,14.0,13.800000190734863,13.800000190734863
21-09-2018,12.800000190734863,14.0,18605,14.600000381469727,13.199999809265137,13.199999809265137
24-09-2018,13.199999809265137,13.600000381469727,7750,14.0,13.600000381469727,13.600000381469727
25-09-2018,13.0,13.600000381469727,15410,13.600000381469727,13.199999809265137,13.199999809265137
26-09-2018,13.0,13.0,12505,13.800000190734863,13.0,13.0
27-09-2018,12.399999618530273,12.800000190734863,154740,23.0,15.399999618530273,15.399999618530273
28-09-2018,13.800000190734863,15.600000381469727,36335,17.0,13.800000190734863,13.800000190734863
01-10-2018,11.0,13.399999618530273,105695,14.600000381469727,11.800000190734863,11.800000190734863
02-10-2018,5.0,5.599999904632568,355615,5.599999904632568,5.199999809265137,5.199999809265137
03-10-2018,4.800000190734863,5.400000095367432,156890,5.400000095367432,5.400000095367432,5.400000095367432
04-10-2018,4.800000190734863,5.199999809265137,44065,5.199999809265137,5.199999809265137,5.199999809265137
05-10-2018,4.800000190734863,5.199999809265137,42770,5.199999809265137,4.800000190734863,4.800000190734863
08-10-2018,4.800000190734863,5.0,28935,5.199999809265137,5.199999809265137,5.199999809265137
09-10-2018,4.800000190734863,5.199999809265137,224395,5.599999904632568,4.800000190734863,4.800000190734863
10-10-2018,4.0,5.0,53815,5.0,4.400000095367432,4.400000095367432
11-10-2018,4.199999809265137,4.599999904632568,38905,4.800000190734863,4.400000095367432,4.400000095367432
12-10-2018,4.199999809265137,4.199999809265137,25750,4.400000095367432,4.400000095367432,4.400000095367432
15-10-2018,4.0,4.400000095367432,22390,4.400000095367432,4.199999809265137,4.199999809265137
16-10-2018,4.199999809265137,4.400000095367432,54035,4.599999904632568,4.400000095367432,4.400000095367432
17-10-2018,4.199999809265137,4.199999809265137,805480,6.0,5.800000190734863,5.800000190734863
18-10-2018,4.599999904632568,5.599999904632568,321815,5.599999904632568,5.0,5.0
19-10-2018,4.800000190734863,5.400000095367432,159270,5.400000095367432,4.800000190734863,4.800000190734863
22-10-2018,4.800000190734863,4.800000190734863,141545,5.400000095367432,5.199999809265137,5.199999809265137
23-10-2018,4.599999904632568,5.0,66785,5.0,4.800000190734863,4.800000190734863
24-10-2018,4.800000190734863,4.800000190734863,221815,5.400000095367432,5.0,5.0
25-10-2018,5.199999809265137,5.199999809265137,2120020,7.800000190734863,7.599999904632568,7.599999904632568
26-10-2018,4.800000190734863,7.0,1367310,7.0,5.199999809265137,5.199999809265137
29-10-2018,4.599999904632568,5.0,337845,5.199999809265137,4.800000190734863,4.800000190734863
30-10-2018,4.400000095367432,4.800000190734863,215910,5.0,4.599999904632568,4.599999904632568
31-10-2018,4.800000190734863,5.199999809265137,761655,6.0,5.0,5.0
01-11-2018,5.0,5.400000095367432,197975,5.599999904632568,5.400000095367432,5.400000095367432
02-11-2018,5.400000095367432,5.599999904632568,546995,6.400000095367432,5.800000190734863,5.800000190734863
05-11-2018,5.599999904632568,6.0,626170,6.599999904632568,6.199999809265137,6.199999809265137
06-11-2018,4.800000190734863,6.400000095367432,749075,6.800000190734863,5.400000095367432,5.400000095367432
07-11-2018,5.0,5.599999904632568,245295,5.599999904632568,5.400000095367432,5.400000095367432
08-11-2018,5.0,5.400000095367432,168055,5.400000095367432,5.199999809265137,5.199999809265137
09-11-2018,4.800000190734863,5.0,145045,5.199999809265137,5.199999809265137,5.199999809265137
12-11-2018,4.800000190734863,5.0,138315,5.199999809265137,4.800000190734863,4.800000190734863
13-11-2018,4.599999904632568,4.800000190734863,156415,5.199999809265137,5.199999809265137,5.199999809265137
14-11-2018,4.599999904632568,5.199999809265137,80875,5.199999809265137,4.800000190734863,4.800000190734863
15-11-2018,4.800000190734863,5.0,98010,5.199999809265137,5.0,5.0
16-11-2018,4.800000190734863,4.800000190734863,75235,5.0,5.0,5.0
19-11-2018,4.599999904632568,5.0,71825,5.0,4.800000190734863,4.800000190734863
20-11-2018,4.400000095367432,4.800000190734863,93610,4.800000190734863,4.599999904632568,4.599999904632568
21-11-2018,4.599999904632568,4.599999904632568,54455,4.800000190734863,4.599999904632568,4.599999904632568
23-11-2018,4.599999904632568,4.599999904632568,62095,5.0,4.800000190734863,4.800000190734863
26-11-2018,4.599999904632568,4.800000190734863,212485,5.199999809265137,5.199999809265137,5.199999809265137
27-11-2018,4.599999904632568,4.800000190734863,127150,5.0,4.599999904632568,4.599999904632568
28-11-2018,4.599999904632568,4.599999904632568,73800,4.800000190734863,4.599999904632568,4.599999904632568
29-11-2018,4.400000095367432,4.599999904632568,58310,4.599999904632568,4.599999904632568,4.599999904632568
30-11-2018,4.199999809265137,4.599999904632568,73830,4.599999904632568,4.199999809265137,4.199999809265137
03-12-2018,4.0,4.400000095367432,128025,4.400000095367432,4.199999809265137,4.199999809265137
04-12-2018,4.199999809265137,4.400000095367432,40955,4.400000095367432,4.199999809265137,4.199999809265137
06-12-2018,3.0,4.199999809265137,156295,4.199999809265137,3.799999952316284,3.799999952316284
07-12-2018,3.5999999046325684,4.0,84240,4.199999809265137,3.799999952316284,3.799999952316284
10-12-2018,3.4000000953674316,4.0,70350,4.0,3.5999999046325684,3.5999999046325684
11-12-2018,3.5999999046325684,3.5999999046325684,60965,4.199999809265137,3.5999999046325684,3.5999999046325684
12-12-2018,3.5999999046325684,3.5999999046325684,126230,4.199999809265137,4.0,4.0
13-12-2018,3.799999952316284,4.0,30030,4.199999809265137,3.799999952316284,3.799999952316284
14-12-2018,3.5999999046325684,3.799999952316284,33555,4.0,3.5999999046325684,3.5999999046325684
17-12-2018,3.799999952316284,3.799999952316284,55660,4.0,3.799999952316284,3.799999952316284
18-12-2018,3.200000047683716,3.799999952316284,79845,3.799999952316284,3.200000047683716,3.200000047683716
19-12-2018,3.200000047683716,3.4000000953674316,37330,3.4000000953674316,3.4000000953674316,3.4000000953674316
20-12-2018,2.799999952316284,3.200000047683716,112335,3.200000047683716,3.0,3.0
21-12-2018,2.4000000953674316,3.0,116945,3.0,2.5999999046325684,2.5999999046325684
24-12-2018,2.4000000953674316,2.5999999046325684,48850,2.799999952316284,2.5999999046325684,2.5999999046325684
26-12-2018,2.799999952316284,2.799999952316284,108900,3.4000000953674316,3.200000047683716,3.200000047683716
27-12-2018,3.0,3.200000047683716,33990,3.200000047683716,3.0,3.0
28-12-2018,3.0,3.0,72900,3.4000000953674316,3.200000047683716,3.200000047683716
31-12-2018,3.200000047683716,3.4000000953674316,36700,3.4000000953674316,3.4000000953674316,3.4000000953674316
02-01-2019,3.200000047683716,3.200000047683716,93710,3.799999952316284,3.4000000953674316,3.4000000953674316
03-01-2019,3.200000047683716,3.5999999046325684,58605,3.5999999046325684,3.4000000953674316,3.4000000953674316
04-01-2019,3.0,3.4000000953674316,67515,3.5999999046325684,3.4000000953674316,3.4000000953674316
07-01-2019,3.4000000953674316,3.5999999046325684,71090,3.799999952316284,3.799999952316284,3.799999952316284
08-01-2019,3.5999999046325684,3.799999952316284,66705,4.0,3.799999952316284,3.799999952316284
09-01-2019,3.5999999046325684,3.799999952316284,46485,3.799999952316284,3.799999952316284,3.799999952316284
10-01-2019,3.200000047683716,3.5999999046325684,33890,3.799999952316284,3.5999999046325684,3.5999999046325684
11-01-2019,3.4000000953674316,3.4000000953674316,25695,3.5999999046325684,3.4000000953674316,3.4000000953674316
14-01-2019,3.200000047683716,3.4000000953674316,20445,3.4000000953674316,3.4000000953674316,3.4000000953674316
15-01-2019,3.200000047683716,3.4000000953674316,29170,3.5999999046325684,3.4000000953674316,3.4000000953674316
16-01-2019,3.200000047683716,3.200000047683716,16040,3.4000000953674316,3.4000000953674316,3.4000000953674316
17-01-2019,3.200000047683716,3.200000047683716,26605,3.4000000953674316,3.200000047683716,3.200000047683716
18-01-2019,3.200000047683716,3.200000047683716,11905,3.4000000953674316,3.4000000953674316,3.4000000953674316
22-01-2019,3.200000047683716,3.4000000953674316,35500,3.4000000953674316,3.200000047683716,3.200000047683716
23-01-2019,2.799999952316284,3.200000047683716,40660,3.4000000953674316,3.0,3.0
24-01-2019,3.0,3.200000047683716,23085,3.200000047683716,3.200000047683716,3.200000047683716
25-01-2019,3.200000047683716,3.200000047683716,17385,3.4000000953674316,3.4000000953674316,3.4000000953674316
28-01-2019,3.200000047683716,3.4000000953674316,19690,3.4000000953674316,3.4000000953674316,3.4000000953674316
29-01-2019,3.200000047683716,3.200000047683716,6995,3.4000000953674316,3.4000000953674316,3.4000000953674316
30-01-2019,3.4000000953674316,3.4000000953674316,53395,3.799999952316284,3.5999999046325684,3.5999999046325684
31-01-2019,3.4000000953674316,3.5999999046325684,97565,4.199999809265137,3.799999952316284,3.799999952316284
01-02-2019,3.5999999046325684,3.799999952316284,53900,4.0,3.5999999046325684,3.5999999046325684
04-02-2019,3.4000000953674316,3.5999999046325684,48645,3.799999952316284,3.799999952316284,3.799999952316284
05-02-2019,3.799999952316284,3.799999952316284,82485,4.199999809265137,4.0,4.0
06-02-2019,3.799999952316284,4.0,41115,4.0,4.0,4.0
07-02-2019,3.799999952316284,4.0,67915,4.199999809265137,3.799999952316284,3.799999952316284
08-02-2019,3.799999952316284,4.0,33185,4.0,3.799999952316284,3.799999952316284
11-02-2019,3.4000000953674316,4.0,39785,4.0,3.5999999046325684,3.5999999046325684
12-02-2019,3.5999999046325684,3.799999952316284,18760,3.799999952316284,3.5999999046325684,3.5999999046325684
13-02-2019,3.5999999046325684,3.799999952316284,306180,4.400000095367432,4.199999809265137,4.199999809265137
14-02-2019,4.0,4.400000095367432,108795,4.400000095367432,4.199999809265137,4.199999809265137
15-02-2019,3.799999952316284,4.0,55840,4.199999809265137,4.199999809265137,4.199999809265137
19-02-2019,3.799999952316284,4.0,48625,4.199999809265137,4.0,4.0
20-02-2019,4.0,4.0,68645,4.199999809265137,4.0,4.0
21-02-2019,3.5999999046325684,4.199999809265137,104900,4.199999809265137,3.799999952316284,3.799999952316284
22-02-2019,3.5999999046325684,3.799999952316284,45855,3.799999952316284,3.799999952316284,3.799999952316284
25-02-2019,3.4000000953674316,3.5999999046325684,48165,3.5999999046325684,3.5999999046325684,3.5999999046325684
26-02-2019,3.4000000953674316,3.5999999046325684,48910,3.5999999046325684,3.5999999046325684,3.5999999046325684
27-02-2019,3.4000000953674316,3.5999999046325684,62890,3.5999999046325684,3.4000000953674316,3.4000000953674316
28-02-2019,3.4000000953674316,3.5999999046325684,33550,3.5999999046325684,3.4000000953674316,3.4000000953674316
01-03-2019,3.4000000953674316,3.5999999046325684,48500,3.5999999046325684,3.4000000953674316,3.4000000953674316
04-03-2019,3.200000047683716,3.4000000953674316,139005,4.0,3.4000000953674316,3.4000000953674316
05-03-2019,3.4000000953674316,3.4000000953674316,36965,3.5999999046325684,3.4000000953674316,3.4000000953674316
06-03-2019,3.4000000953674316,3.5999999046325684,24215,3.5999999046325684,3.4000000953674316,3.4000000953674316
07-03-2019,3.4000000953674316,3.5999999046325684,41825,3.5999999046325684,3.4000000953674316,3.4000000953674316
08-03-2019,3.200000047683716,3.4000000953674316,51980,3.4000000953674316,3.4000000953674316,3.4000000953674316
11-03-2019,3.200000047683716,3.4000000953674316,36725,3.4000000953674316,3.4000000953674316,3.4000000953674316
12-03-2019,3.200000047683716,3.4000000953674316,23130,3.4000000953674316,3.4000000953674316,3.4000000953674316
13-03-2019,3.200000047683716,3.4000000953674316,22690,3.4000000953674316,3.4000000953674316,3.4000000953674316
14-03-2019,3.200000047683716,3.200000047683716,17300,3.4000000953674316,3.200000047683716,3.200000047683716
15-03-2019,3.200000047683716,3.200000047683716,22945,3.4000000953674316,3.200000047683716,3.200000047683716
18-03-2019,3.4000000953674316,3.4000000953674316,178995,3.799999952316284,3.799999952316284,3.799999952316284
19-03-2019,3.5999999046325684,4.0,196825,4.400000095367432,4.0,4.0
20-03-2019,4.0,4.0,108305,4.199999809265137,4.199999809265137,4.199999809265137
21-03-2019,3.799999952316284,4.199999809265137,41385,4.199999809265137,4.0,4.0
22-03-2019,3.799999952316284,4.199999809265137,41965,4.400000095367432,4.0,4.0
25-03-2019,3.5999999046325684,4.0,49110,4.199999809265137,3.799999952316284,3.799999952316284
26-03-2019,3.5999999046325684,3.799999952316284,36565,3.799999952316284,3.5999999046325684,3.5999999046325684
27-03-2019,3.5999999046325684,3.5999999046325684,15190,3.799999952316284,3.5999999046325684,3.5999999046325684
28-03-2019,3.5999999046325684,3.5999999046325684,13660,3.5999999046325684,3.5999999046325684,3.5999999046325684
29-03-2019,3.5999999046325684,3.5999999046325684,18205,3.5999999046325684,3.5999999046325684,3.5999999046325684
01-04-2019,3.5999999046325684,3.5999999046325684,14110,3.5999999046325684,3.5999999046325684,3.5999999046325684
02-04-2019,3.4000000953674316,3.5999999046325684,24825,3.5999999046325684,3.5999999046325684,3.5999999046325684
03-04-2019,3.4000000953674316,3.5999999046325684,21695,3.5999999046325684,3.4000000953674316,3.4000000953674316
04-04-2019,3.4000000953674316,3.4000000953674316,16760,3.5999999046325684,3.5999999046325684,3.5999999046325684
05-04-2019,3.5999999046325684,3.5999999046325684,37555,4.0,3.5999999046325684,3.5999999046325684
08-04-2019,3.5999999046325684,3.5999999046325684,61685,4.0,4.0,4.0
09-04-2019,4.0,4.0,90260,4.400000095367432,4.199999809265137,4.199999809265137
10-04-2019,4.199999809265137,4.400000095367432,167125,4.599999904632568,4.400000095367432,4.400000095367432
11-04-2019,4.199999809265137,4.400000095367432,147685,4.800000190734863,4.400000095367432,4.400000095367432
12-04-2019,4.199999809265137,4.400000095367432,50225,4.599999904632568,4.400000095367432,4.400000095367432
15-04-2019,4.400000095367432,4.400000095367432,44365,4.800000190734863,4.400000095367432,4.400000095367432
16-04-2019,4.199999809265137,4.400000095367432,25825,4.599999904632568,4.400000095367432,4.400000095367432
17-04-2019,4.0,4.400000095367432,42795,4.400000095367432,4.0,4.0
18-04-2019,4.0,4.199999809265137,31980,4.400000095367432,4.199999809265137,4.199999809265137
22-04-2019,4.0,4.199999809265137,18740,4.199999809265137,4.0,4.0
23-04-2019,3.799999952316284,4.0,29590,4.199999809265137,4.0,4.0
24-04-2019,3.799999952316284,4.0,20300,4.400000095367432,4.0,4.0
25-04-2019,4.0,4.199999809265137,12390,4.199999809265137,4.0,4.0
26-04-2019,4.0,4.199999809265137,374780,5.199999809265137,4.599999904632568,4.599999904632568
29-04-2019,4.199999809265137,4.800000190734863,78460,4.800000190734863,4.599999904632568,4.599999904632568
30-04-2019,4.400000095367432,4.800000190734863,34830,4.800000190734863,4.599999904632568,4.599999904632568
01-05-2019,4.199999809265137,4.599999904632568,109390,5.0,4.599999904632568,4.599999904632568
02-05-2019,4.400000095367432,4.599999904632568,55290,4.599999904632568,4.599999904632568,4.599999904632568
03-05-2019,4.400000095367432,4.599999904632568,33920,4.599999904632568,4.400000095367432,4.400000095367432
06-05-2019,4.400000095367432,4.400000095367432,34120,4.599999904632568,4.400000095367432,4.400000095367432
07-05-2019,4.400000095367432,4.599999904632568,75325,4.800000190734863,4.599999904632568,4.599999904632568
08-05-2019,4.599999904632568,4.599999904632568,118555,5.0,4.599999904632568,4.599999904632568
09-05-2019,4.400000095367432,4.599999904632568,32660,4.599999904632568,4.599999904632568,4.599999904632568
10-05-2019,3.799999952316284,4.199999809265137,135610,4.400000095367432,4.199999809265137,4.199999809265137
13-05-2019,3.799999952316284,4.0,55720,4.199999809265137,4.0,4.0
14-05-2019,4.0,4.0,48780,4.400000095367432,4.199999809265137,4.199999809265137
15-05-2019,4.0,4.199999809265137,46525,4.400000095367432,4.199999809265137,4.199999809265137
16-05-2019,4.199999809265137,4.199999809265137,26995,4.400000095367432,4.400000095367432,4.400000095367432
17-05-2019,4.0,4.199999809265137,21105,4.199999809265137,4.0,4.0
20-05-2019,4.0,4.0,26830,4.199999809265137,4.0,4.0
21-05-2019,3.799999952316284,4.0,25860,4.199999809265137,4.0,4.0
22-05-2019,3.5999999046325684,3.799999952316284,35345,4.199999809265137,4.0,4.0
23-05-2019,3.799999952316284,3.799999952316284,17585,4.0,3.799999952316284,3.799999952316284
24-05-2019,3.799999952316284,4.0,138475,4.400000095367432,4.0,4.0
28-05-2019,3.799999952316284,3.799999952316284,37465,4.0,4.0,4.0
29-05-2019,3.799999952316284,4.0,25725,4.199999809265137,3.799999952316284,3.799999952316284
30-05-2019,3.799999952316284,3.799999952316284,20680,4.0,3.799999952316284,3.799999952316284
31-05-2019,3.799999952316284,3.799999952316284,15330,4.0,3.799999952316284,3.799999952316284
03-06-2019,3.5999999046325684,3.5999999046325684,18125,3.799999952316284,3.799999952316284,3.799999952316284
04-06-2019,3.799999952316284,3.799999952316284,87235,4.0,3.799999952316284,3.799999952316284
05-06-2019,3.799999952316284,3.799999952316284,30450,4.0,3.799999952316284,3.799999952316284
06-06-2019,3.799999952316284,3.799999952316284,285640,4.599999904632568,4.199999809265137,4.199999809265137
07-06-2019,4.0,4.199999809265137,43230,4.199999809265137,4.199999809265137,4.199999809265137
10-06-2019,4.0,4.599999904632568,39165,4.599999904632568,4.199999809265137,4.199999809265137
11-06-2019,4.0,4.0,34900,4.199999809265137,4.0,4.0
12-06-2019,3.799999952316284,4.0,16765,4.0,3.799999952316284,3.799999952316284
13-06-2019,3.799999952316284,4.0,20795,4.0,4.0,4.0
14-06-2019,3.799999952316284,4.0,51570,4.0,4.0,4.0
17-06-2019,3.799999952316284,3.799999952316284,18195,3.799999952316284,3.799999952316284,3.799999952316284
18-06-2019,3.799999952316284,3.799999952316284,18040,3.799999952316284,3.799999952316284,3.799999952316284
19-06-2019,3.799999952316284,4.0,6675,4.0,3.799999952316284,3.799999952316284
20-06-2019,3.799999952316284,3.799999952316284,16105,4.0,3.799999952316284,3.799999952316284
21-06-2019,3.799999952316284,3.799999952316284,19755,3.799999952316284,3.799999952316284,3.799999952316284
24-06-2019,3.5999999046325684,3.799999952316284,25190,3.799999952316284,3.799999952316284,3.799999952316284
25-06-2019,3.5999999046325684,3.799999952316284,20490,3.799999952316284,3.5999999046325684,3.5999999046325684
26-06-2019,3.5999999046325684,3.5999999046325684,17860,3.5999999046325684,3.5999999046325684,3.5999999046325684
27-06-2019,3.5999999046325684,3.5999999046325684,8995,3.799999952316284,3.5999999046325684,3.5999999046325684
28-06-2019,3.4000000953674316,3.5999999046325684,14105,3.5999999046325684,3.5999999046325684,3.5999999046325684
01-07-2019,3.4000000953674316,3.799999952316284,10960,3.799999952316284,3.5999999046325684,3.5999999046325684
02-07-2019,3.5999999046325684,3.5999999046325684,13160,3.5999999046325684,3.5999999046325684,3.5999999046325684
03-07-2019,3.5999999046325684,3.5999999046325684,19500,3.799999952316284,3.5999999046325684,3.5999999046325684
05-07-2019,3.5999999046325684,3.799999952316284,130770,4.199999809265137,3.799999952316284,3.799999952316284
08-07-2019,3.799999952316284,4.0,37445,4.0,3.799999952316284,3.799999952316284
09-07-2019,3.5999999046325684,3.799999952316284,49140,3.799999952316284,3.5999999046325684,3.5999999046325684
10-07-2019,3.5999999046325684,3.5999999046325684,21985,3.799999952316284,3.5999999046325684,3.5999999046325684
11-07-2019,3.5999999046325684,3.799999952316284,35575,3.799999952316284,3.5999999046325684,3.5999999046325684
12-07-2019,3.5999999046325684,3.799999952316284,18640,3.799999952316284,3.5999999046325684,3.5999999046325684
15-07-2019,3.5999999046325684,3.799999952316284,12025,3.799999952316284,3.5999999046325684,3.5999999046325684
16-07-2019,3.5999999046325684,3.5999999046325684,96000,4.0,3.799999952316284,3.799999952316284
17-07-2019,3.5999999046325684,3.799999952316284,10955,3.799999952316284,3.5999999046325684,3.5999999046325684
18-07-2019,3.5999999046325684,3.799999952316284,16810,3.799999952316284,3.5999999046325684,3.5999999046325684
19-07-2019,3.4000000953674316,3.4000000953674316,13050,3.5999999046325684,3.5999999046325684,3.5999999046325684
22-07-2019,3.5999999046325684,3.5999999046325684,15140,3.799999952316284,3.5999999046325684,3.5999999046325684
23-07-2019,3.4000000953674316,3.5999999046325684,16910,3.5999999046325684,3.5999999046325684,3.5999999046325684
24-07-2019,3.5999999046325684,3.5999999046325684,9865,3.5999999046325684,3.5999999046325684,3.5999999046325684
25-07-2019,3.4000000953674316,3.5999999046325684,17690,3.5999999046325684,3.5999999046325684,3.5999999046325684
26-07-2019,3.5999999046325684,3.5999999046325684,12360,3.5999999046325684,3.5999999046325684,3.5999999046325684
29-07-2019,3.5999999046325684,3.5999999046325684,11775,3.5999999046325684,3.5999999046325684,3.5999999046325684
30-07-2019,3.4000000953674316,3.5999999046325684,6340,3.5999999046325684,3.5999999046325684,3.5999999046325684
31-07-2019,3.4000000953674316,3.5999999046325684,15730,3.5999999046325684,3.4000000953674316,3.4000000953674316
01-08-2019,3.4000000953674316,3.4000000953674316,14885,3.5999999046325684,3.4000000953674316,3.4000000953674316
02-08-2019,3.4000000953674316,3.5999999046325684,11705,3.5999999046325684,3.5999999046325684,3.5999999046325684
05-08-2019,3.4000000953674316,3.5999999046325684,21590,3.5999999046325684,3.4000000953674316,3.4000000953674316
06-08-2019,2.799999952316284,3.4000000953674316,55275,3.4000000953674316,3.0,3.0
07-08-2019,3.0,3.0,20435,3.200000047683716,3.0,3.0
08-08-2019,2.799999952316284,3.0,13815,3.200000047683716,3.0,3.0
09-08-2019,2.799999952316284,3.0,23515,3.200000047683716,2.799999952316284,2.799999952316284
12-08-2019,2.799999952316284,3.0,23045,3.0,2.799999952316284,2.799999952316284
13-08-2019,2.799999952316284,2.799999952316284,22905,3.0,2.799999952316284,2.799999952316284
14-08-2019,2.5999999046325684,2.799999952316284,20415,2.799999952316284,2.799999952316284,2.799999952316284
15-08-2019,2.5999999046325684,2.799999952316284,21105,2.799999952316284,2.799999952316284,2.799999952316284
16-08-2019,2.5999999046325684,2.799999952316284,13360,2.799999952316284,2.799999952316284,2.799999952316284
19-08-2019,2.799999952316284,2.799999952316284,10110,2.799999952316284,2.799999952316284,2.799999952316284
20-08-2019,2.5999999046325684,2.799999952316284,13240,2.799999952316284,2.799999952316284,2.799999952316284
21-08-2019,2.5999999046325684,2.5999999046325684,14425,2.799999952316284,2.799999952316284,2.799999952316284
22-08-2019,2.5999999046325684,2.799999952316284,5490,2.799999952316284,2.5999999046325684,2.5999999046325684
23-08-2019,2.4000000953674316,2.799999952316284,11930,2.799999952316284,2.5999999046325684,2.5999999046325684
26-08-2019,2.4000000953674316,2.5999999046325684,12170,2.5999999046325684,2.5999999046325684,2.5999999046325684
27-08-2019,2.4000000953674316,2.5999999046325684,134310,2.799999952316284,2.799999952316284,2.799999952316284
28-08-2019,2.1600000858306885,2.609999895095825,640500,2.7899999618530273,2.450000047683716,2.450000047683716
29-08-2019,2.180000066757202,2.3399999141693115,472700,2.9000000953674316,2.5199999809265137,2.5199999809265137
30-08-2019,2.4000000953674316,2.509999990463257,223600,2.950000047683716,2.6600000858306885,2.6600000858306885
03-09-2019,2.450000047683716,2.609999895095825,214500,2.7899999618530273,2.509999990463257,2.509999990463257
04-09-2019,2.2799999713897705,2.5199999809265137,129700,2.5799999237060547,2.380000114440918,2.380000114440918
05-09-2019,2.2300000190734863,2.380000114440918,262600,2.5399999618530273,2.4000000953674316,2.4000000953674316
06-09-2019,2.200000047683716,2.390000104904175,122200,2.4000000953674316,2.309999942779541,2.309999942779541
09-09-2019,2.2699999809265137,2.2799999713897705,55000,2.450000047683716,2.4000000953674316,2.4000000953674316
10-09-2019,2.3399999141693115,2.4000000953674316,291500,2.8499999046325684,2.690000057220459,2.690000057220459
11-09-2019,2.5,2.6700000762939453,100600,2.7100000381469727,2.559999942779541,2.559999942779541
12-09-2019,2.4700000286102295,2.559999942779541,62700,2.559999942779541,2.5299999713897705,2.5299999713897705
13-09-2019,2.369999885559082,2.630000114440918,204500,2.630000114440918,2.5,2.5
16-09-2019,2.359999895095825,2.450000047683716,92700,2.549999952316284,2.4600000381469727,2.4600000381469727
17-09-2019,2.4000000953674316,2.4600000381469727,203600,2.630000114440918,2.549999952316284,2.549999952316284
18-09-2019,2.4600000381469727,2.5299999713897705,69700,2.5899999141693115,2.559999942779541,2.559999942779541
19-09-2019,2.450000047683716,2.569999933242798,133600,2.619999885559082,2.559999942779541,2.559999942779541
20-09-2019,2.319999933242798,2.5,127900,2.509999990463257,2.319999933242798,2.319999933242798
23-09-2019,2.2699999809265137,2.319999933242798,127800,2.4700000286102295,2.4200000762939453,2.4200000762939453
24-09-2019,2.3499999046325684,2.450000047683716,89200,2.4600000381469727,2.450000047683716,2.450000047683716
25-09-2019,2.369999885559082,2.450000047683716,109700,2.4600000381469727,2.4000000953674316,2.4000000953674316
26-09-2019,2.2799999713897705,2.450000047683716,206300,2.5299999713897705,2.5,2.5
27-09-2019,2.4200000762939453,2.5,61700,2.5,2.4600000381469727,2.4600000381469727
30-09-2019,2.369999885559082,2.490000009536743,118500,2.559999942779541,2.5299999713897705,2.5299999713897705
01-10-2019,2.3299999237060547,2.509999990463257,61800,2.5199999809265137,2.380000114440918,2.380000114440918
02-10-2019,2.200000047683716,2.309999942779541,144400,2.369999885559082,2.2300000190734863,2.2300000190734863
03-10-2019,2.0,2.240000009536743,108900,2.240000009536743,2.0999999046325684,2.0999999046325684
04-10-2019,2.0199999809265137,2.069999933242798,182900,2.1600000858306885,2.119999885559082,2.119999885559082
07-10-2019,2.109999895095825,2.140000104904175,24800,2.190000057220459,2.1500000953674316,2.1500000953674316
08-10-2019,2.0299999713897705,2.0999999046325684,23500,2.140000104904175,2.0799999237060547,2.0799999237060547
09-10-2019,2.049999952316284,2.059999942779541,271900,2.2300000190734863,2.2200000286102295,2.2200000286102295
10-10-2019,2.1500000953674316,2.2200000286102295,134500,2.2899999618530273,2.2899999618530273,2.2899999618530273
11-10-2019,2.2300000190734863,2.25,119600,2.4700000286102295,2.2799999713897705,2.2799999713897705
14-10-2019,2.25,2.259999990463257,36300,2.440000057220459,2.369999885559082,2.369999885559082
15-10-2019,2.2200000286102295,2.390000104904175,24900,2.4100000858306885,2.3499999046325684,2.3499999046325684
16-10-2019,2.3299999237060547,2.3299999237060547,545300,2.890000104904175,2.4200000762939453,2.4200000762939453
17-10-2019,2.319999933242798,2.369999885559082,62000,2.4800000190734863,2.319999933242798,2.319999933242798
18-10-2019,2.25,2.319999933242798,46600,2.359999895095825,2.309999942779541,2.309999942779541
21-10-2019,2.2799999713897705,2.2899999618530273,13200,2.390000104904175,2.359999895095825,2.359999895095825
22-10-2019,2.3399999141693115,2.3499999046325684,11900,2.390000104904175,2.380000114440918,2.380000114440918
23-10-2019,2.3299999237060547,2.369999885559082,16800,2.450000047683716,2.3299999237060547,2.3299999237060547
24-10-2019,2.180000066757202,2.3499999046325684,24200,2.4000000953674316,2.240000009536743,2.240000009536743
25-10-2019,2.1700000762939453,2.2200000286102295,14800,2.25,2.180000066757202,2.180000066757202
28-10-2019,2.1500000953674316,2.180000066757202,18800,2.309999942779541,2.2899999618530273,2.2899999618530273
29-10-2019,2.180000066757202,2.259999990463257,15000,2.2899999618530273,2.200000047683716,2.200000047683716
30-10-2019,2.190000057220459,2.25,37300,2.390000104904175,2.2699999809265137,2.2699999809265137
31-10-2019,2.200000047683716,2.2799999713897705,31000,2.2799999713897705,2.240000009536743,2.240000009536743
01-11-2019,2.2200000286102295,2.2200000286102295,73300,2.4000000953674316,2.309999942779541,2.309999942779541
04-11-2019,2.240000009536743,2.299999952316284,39600,2.4000000953674316,2.259999990463257,2.259999990463257
05-11-2019,2.2200000286102295,2.25,15700,2.319999933242798,2.2799999713897705,2.2799999713897705
06-11-2019,2.2200000286102295,2.240000009536743,27500,2.2799999713897705,2.240000009536743,2.240000009536743
07-11-2019,1.6200000047683716,2.1700000762939453,121100,2.1700000762939453,1.8200000524520874,1.8200000524520874
08-11-2019,1.7000000476837158,1.7100000381469727,30700,1.8799999952316284,1.8700000047683716,1.8700000047683716
11-11-2019,1.7899999618530273,1.7899999618530273,26200,1.840000033378601,1.840000033378601,1.840000033378601
12-11-2019,1.7999999523162842,1.809999942779541,19600,1.8799999952316284,1.7999999523162842,1.7999999523162842
13-11-2019,1.75,1.7699999809265137,16800,1.850000023841858,1.75,1.75
14-11-2019,1.600000023841858,1.75,36500,1.75,1.690000057220459,1.690000057220459
15-11-2019,1.4800000190734863,1.659999966621399,68400,1.7400000095367432,1.7400000095367432,1.7400000095367432
18-11-2019,1.5399999618530273,1.7699999809265137,30100,1.7699999809265137,1.5399999618530273,1.5399999618530273
19-11-2019,1.5199999809265137,1.5299999713897705,14400,1.6100000143051147,1.6100000143051147,1.6100000143051147
20-11-2019,1.5399999618530273,1.5399999618530273,62400,1.7300000190734863,1.5700000524520874,1.5700000524520874
21-11-2019,1.5399999618530273,1.590000033378601,19300,1.6799999475479126,1.5399999618530273,1.5399999618530273
22-11-2019,1.5199999809265137,1.590000033378601,30500,1.649999976158142,1.5700000524520874,1.5700000524520874
25-11-2019,1.559999942779541,1.559999942779541,12200,1.649999976158142,1.649999976158142,1.649999976158142
26-11-2019,1.600000023841858,1.6699999570846558,29900,1.7400000095367432,1.7200000286102295,1.7200000286102295
27-11-2019,1.6699999570846558,1.6699999570846558,43900,1.7999999523162842,1.7699999809265137,1.7699999809265137
29-11-2019,1.7400000095367432,1.7999999523162842,11800,1.7999999523162842,1.7599999904632568,1.7599999904632568
02-12-2019,1.6699999570846558,1.7300000190734863,24900,1.8700000047683716,1.7999999523162842,1.7999999523162842
03-12-2019,1.7699999809265137,1.9299999475479126,678800,2.359999895095825,2.0399999618530273,2.0399999618530273
04-12-2019,1.8899999856948853,2.0,33100,2.0299999713897705,1.9500000476837158,1.9500000476837158
05-12-2019,1.7799999713897705,1.8899999856948853,48000,1.909999966621399,1.8899999856948853,1.8899999856948853
06-12-2019,1.7899999618530273,1.8899999856948853,43000,1.8899999856948853,1.7899999618530273,1.7899999618530273
09-12-2019,1.7100000381469727,1.7999999523162842,30200,1.850000023841858,1.809999942779541,1.809999942779541
10-12-2019,1.7699999809265137,1.840000033378601,9200,1.9199999570846558,1.7899999618530273,1.7899999618530273
11-12-2019,1.75,1.809999942779541,21800,1.8300000429153442,1.7799999713897705,1.7799999713897705
12-12-2019,1.7799999713897705,1.809999942779541,18900,1.850000023841858,1.850000023841858,1.850000023841858
13-12-2019,1.7699999809265137,1.8700000047683716,26800,1.8700000047683716,1.7799999713897705,1.7799999713897705
16-12-2019,1.75,1.7699999809265137,24900,1.8200000524520874,1.7799999713897705,1.7799999713897705
17-12-2019,1.7599999904632568,1.7999999523162842,12000,1.8200000524520874,1.7799999713897705,1.7799999713897705
18-12-2019,1.7599999904632568,1.7799999713897705,25900,1.899999976158142,1.7999999523162842,1.7999999523162842
19-12-2019,1.7799999713897705,1.7999999523162842,17100,1.8300000429153442,1.7799999713897705,1.7799999713897705
20-12-2019,1.75,1.7799999713897705,12400,1.7899999618530273,1.75,1.75
23-12-2019,1.7599999904632568,1.7599999904632568,14200,1.7899999618530273,1.7899999618530273,1.7899999618530273
24-12-2019,1.7300000190734863,1.8300000429153442,24500,1.8300000429153442,1.7899999618530273,1.7899999618530273
26-12-2019,1.6699999570846558,1.75,98600,1.7999999523162842,1.7200000286102295,1.7200000286102295
27-12-2019,1.659999966621399,1.6799999475479126,41000,1.7400000095367432,1.6799999475479126,1.6799999475479126
30-12-2019,1.6299999952316284,1.659999966621399,44700,1.7200000286102295,1.7200000286102295,1.7200000286102295
31-12-2019,1.659999966621399,1.6699999570846558,81200,1.7999999523162842,1.7699999809265137,1.7699999809265137
02-01-2020,1.7599999904632568,1.7999999523162842,99900,1.9800000190734863,1.7899999618530273,1.7899999618530273
03-01-2020,1.7599999904632568,1.7899999618530273,10800,1.8600000143051147,1.7599999904632568,1.7599999904632568
06-01-2020,1.75,1.7699999809265137,50800,1.8200000524520874,1.7799999713897705,1.7799999713897705
07-01-2020,1.75,1.809999942779541,16000,1.809999942779541,1.7599999904632568,1.7599999904632568
08-01-2020,1.7799999713897705,1.7799999713897705,176100,1.9299999475479126,1.840000033378601,1.840000033378601
09-01-2020,1.840000033378601,1.840000033378601,101500,2.0199999809265137,1.9199999570846558,1.9199999570846558
10-01-2020,1.9299999475479126,2.009999990463257,64600,2.009999990463257,1.9800000190734863,1.9800000190734863
13-01-2020,1.9500000476837158,1.9800000190734863,48100,2.0399999618530273,1.9700000286102295,1.9700000286102295
14-01-2020,1.8899999856948853,1.940000057220459,16400,1.9700000286102295,1.899999976158142,1.899999976158142
15-01-2020,1.8600000143051147,1.8799999952316284,31100,1.9500000476837158,1.899999976158142,1.899999976158142
16-01-2020,1.8799999952316284,1.8899999856948853,9800,1.9500000476837158,1.9199999570846558,1.9199999570846558
17-01-2020,1.899999976158142,1.9199999570846558,9900,1.9800000190734863,1.899999976158142,1.899999976158142
21-01-2020,1.8300000429153442,1.9299999475479126,18000,1.9299999475479126,1.909999966621399,1.909999966621399
22-01-2020,1.9600000381469727,1.9700000286102295,49300,2.0799999237060547,2.0799999237060547,2.0799999237060547
23-01-2020,2.0,2.0999999046325684,53300,2.1500000953674316,2.059999942779541,2.059999942779541
24-01-2020,2.009999990463257,2.059999942779541,29300,2.130000114440918,2.0799999237060547,2.0799999237060547
27-01-2020,1.75,2.0299999713897705,66700,2.0799999237060547,1.850000023841858,1.850000023841858
28-01-2020,1.8600000143051147,1.8799999952316284,52300,2.0799999237060547,2.0,2.0
29-01-2020,2.0,2.049999952316284,7900,2.1500000953674316,2.1500000953674316,2.1500000953674316
30-01-2020,2.069999933242798,2.140000104904175,11600,2.140000104904175,2.130000114440918,2.130000114440918
31-01-2020,2.0,2.069999933242798,11600,2.1500000953674316,2.109999895095825,2.109999895095825
03-02-2020,2.0799999237060547,2.140000104904175,6700,2.140000104904175,2.109999895095825,2.109999895095825
04-02-2020,2.069999933242798,2.0899999141693115,26000,2.140000104904175,2.0799999237060547,2.0799999237060547
05-02-2020,2.0399999618530273,2.0399999618530273,56800,2.25,2.25,2.25
06-02-2020,2.2200000286102295,2.25,44900,2.3399999141693115,2.25,2.25
07-02-2020,2.240000009536743,2.2799999713897705,279000,2.740000009536743,2.509999990463257,2.509999990463257
10-02-2020,2.259999990463257,2.700000047683716,85500,2.700000047683716,2.369999885559082,2.369999885559082
11-02-2020,2.2100000381469727,2.450000047683716,27000,2.450000047683716,2.3399999141693115,2.3399999141693115
12-02-2020,2.2699999809265137,2.2699999809265137,29800,2.440000057220459,2.309999942779541,2.309999942779541
13-02-2020,2.309999942779541,2.3299999237060547,13600,2.4000000953674316,2.369999885559082,2.369999885559082
14-02-2020,2.319999933242798,2.319999933242798,19600,2.4000000953674316,2.369999885559082,2.369999885559082
18-02-2020,2.3299999237060547,2.3299999237060547,9100,2.4000000953674316,2.3299999237060547,2.3299999237060547
19-02-2020,2.3299999237060547,2.3299999237060547,21600,2.4000000953674316,2.359999895095825,2.359999895095825
20-02-2020,2.1600000858306885,2.369999885559082,97700,2.450000047683716,2.180000066757202,2.180000066757202
21-02-2020,2.0299999713897705,2.25,63900,2.3499999046325684,2.319999933242798,2.319999933242798
24-02-2020,2.200000047683716,2.319999933242798,7900,2.319999933242798,2.2899999618530273,2.2899999618530273
25-02-2020,2.240000009536743,2.3299999237060547,27000,2.3399999141693115,2.299999952316284,2.299999952316284
26-02-2020,2.2100000381469727,2.2200000286102295,35800,2.319999933242798,2.299999952316284,2.299999952316284
27-02-2020,2.109999895095825,2.259999990463257,21300,2.319999933242798,2.2300000190734863,2.2300000190734863
28-02-2020,2.0299999713897705,2.119999885559082,23300,2.2100000381469727,2.1700000762939453,2.1700000762939453
02-03-2020,2.0399999618530273,2.0999999046325684,14500,2.1600000858306885,2.0399999618530273,2.0399999618530273
03-03-2020,1.8899999856948853,2.0799999237060547,64500,2.3299999237060547,1.9800000190734863,1.9800000190734863
04-03-2020,1.9600000381469727,2.1500000953674316,27700,2.2699999809265137,2.0299999713897705,2.0299999713897705
05-03-2020,1.899999976158142,2.0999999046325684,13800,2.130000114440918,2.069999933242798,2.069999933242798
06-03-2020,1.909999966621399,1.940000057220459,19700,2.059999942779541,1.9500000476837158,1.9500000476837158
09-03-2020,1.75,1.8899999856948853,34100,2.0899999141693115,1.7999999523162842,1.7999999523162842
10-03-2020,1.659999966621399,1.8899999856948853,23700,1.9500000476837158,1.7400000095367432,1.7400000095367432
11-03-2020,1.559999942779541,1.809999942779541,23800,1.850000023841858,1.600000023841858,1.600000023841858
12-03-2020,1.2799999713897705,1.5099999904632568,50300,1.5099999904632568,1.3200000524520874,1.3200000524520874
13-03-2020,1.2400000095367432,1.3200000524520874,27600,1.7599999904632568,1.2400000095367432,1.2400000095367432
16-03-2020,1.100000023841858,1.2899999618530273,15600,1.3200000524520874,1.2799999713897705,1.2799999713897705
17-03-2020,1.0499999523162842,1.3799999952316284,28600,1.4500000476837158,1.3200000524520874,1.3200000524520874
18-03-2020,1.059999942779541,1.340000033378601,4700,1.340000033378601,1.190000057220459,1.190000057220459
19-03-2020,0.9399999976158142,1.059999942779541,76700,1.1699999570846558,0.949999988079071,0.949999988079071
20-03-2020,0.7799999713897705,1.059999942779541,60600,1.0700000524520874,0.9200000166893005,0.9200000166893005
23-03-2020,0.8299999833106995,0.8500000238418579,20900,0.9800000190734863,0.8399999737739563,0.8399999737739563
24-03-2020,0.8399999737739563,0.8500000238418579,36500,0.9800000190734863,0.9800000190734863,0.9800000190734863
25-03-2020,0.8500000238418579,1.0,25200,1.0499999523162842,0.8999999761581421,0.8999999761581421
26-03-2020,0.8999999761581421,0.9200000166893005,42100,1.0199999809265137,1.0,1.0
27-03-2020,0.8999999761581421,1.0399999618530273,16700,1.0399999618530273,0.9700000286102295,0.9700000286102295
30-03-2020,0.8999999761581421,1.0099999904632568,12200,1.0099999904632568,0.9700000286102295,0.9700000286102295
31-03-2020,0.9100000262260437,0.9100000262260437,10600,0.9700000286102295,0.9200000166893005,0.9200000166893005
01-04-2020,0.9200000166893005,0.9200000166893005,16000,0.949999988079071,0.9200000166893005,0.9200000166893005
02-04-2020,0.9200000166893005,0.9200000166893005,64800,1.2000000476837158,1.0299999713897705,1.0299999713897705
03-04-2020,1.0499999523162842,1.0700000524520874,15800,1.1799999475479126,1.1100000143051147,1.1100000143051147
06-04-2020,1.0199999809265137,1.1399999856948853,61500,1.1699999570846558,1.100000023841858,1.100000023841858
07-04-2020,0.9800000190734863,1.0700000524520874,36900,1.1699999570846558,1.0700000524520874,1.0700000524520874
08-04-2020,1.0499999523162842,1.059999942779541,5800,1.090000033378601,1.090000033378601,1.090000033378601
09-04-2020,1.090000033378601,1.090000033378601,47700,1.2400000095367432,1.2400000095367432,1.2400000095367432
13-04-2020,1.2000000476837158,1.25,34600,1.4500000476837158,1.2699999809265137,1.2699999809265137
14-04-2020,1.25,1.350000023841858,44500,1.4700000286102295,1.350000023841858,1.350000023841858
15-04-2020,1.25,1.4900000095367432,16700,1.4900000095367432,1.3600000143051147,1.3600000143051147
16-04-2020,1.409999966621399,1.4199999570846558,10039500,4.650000095367432,2.549999952316284,2.549999952316284
17-04-2020,1.559999942779541,1.75,2008700,1.75,1.6399999856948853,1.6399999856948853
20-04-2020,1.350000023841858,1.5399999618530273,772700,1.6200000047683716,1.4700000286102295,1.4700000286102295
21-04-2020,1.350000023841858,1.4500000476837158,429000,1.4800000190734863,1.3799999952316284,1.3799999952316284
22-04-2020,1.350000023841858,1.3799999952316284,963900,1.5800000429153442,1.4500000476837158,1.4500000476837158
23-04-2020,1.3600000143051147,1.4299999475479126,353700,1.5,1.440000057220459,1.440000057220459
24-04-2020,1.3799999952316284,1.4199999570846558,722200,1.590000033378601,1.559999942779541,1.559999942779541
27-04-2020,1.4500000476837158,1.5499999523162842,360600,1.5700000524520874,1.5199999809265137,1.5199999809265137
28-04-2020,1.440000057220459,1.4500000476837158,445600,1.7599999904632568,1.5099999904632568,1.5099999904632568
29-04-2020,1.4600000381469727,1.4800000190734863,193500,1.5199999809265137,1.5199999809265137,1.5199999809265137
30-04-2020,1.4500000476837158,1.4900000095367432,121100,1.5299999713897705,1.4500000476837158,1.4500000476837158
01-05-2020,1.4500000476837158,1.4600000381469727,188000,1.5,1.4600000381469727,1.4600000381469727
04-05-2020,1.3700000047683716,1.4199999570846558,90900,1.4900000095367432,1.4500000476837158,1.4500000476837158
05-05-2020,1.3799999952316284,1.3799999952316284,137000,1.4900000095367432,1.409999966621399,1.409999966621399
06-05-2020,1.2999999523162842,1.399999976158142,120700,1.399999976158142,1.3200000524520874,1.3200000524520874
07-05-2020,1.309999942779541,1.3200000524520874,115400,1.440000057220459,1.409999966621399,1.409999966621399
08-05-2020,1.3700000047683716,1.4299999475479126,121500,1.4600000381469727,1.4500000476837158,1.4500000476837158
11-05-2020,1.399999976158142,1.4900000095367432,105100,1.4900000095367432,1.4600000381469727,1.4600000381469727
12-05-2020,1.409999966621399,1.5,313700,1.5700000524520874,1.5299999713897705,1.5299999713897705
13-05-2020,1.4299999475479126,1.5199999809265137,107700,1.5199999809265137,1.5,1.5
14-05-2020,1.399999976158142,1.4900000095367432,65100,1.5,1.4700000286102295,1.4700000286102295
15-05-2020,1.4299999475479126,1.4900000095367432,49400,1.4900000095367432,1.4299999475479126,1.4299999475479126
18-05-2020,1.440000057220459,1.4800000190734863,105500,1.5099999904632568,1.4800000190734863,1.4800000190734863
19-05-2020,1.4500000476837158,1.4600000381469727,25600,1.4900000095367432,1.4600000381469727,1.4600000381469727
20-05-2020,1.4500000476837158,1.4500000476837158,465000,1.6399999856948853,1.559999942779541,1.559999942779541
21-05-2020,1.4800000190734863,1.559999942779541,117000,1.5700000524520874,1.4900000095367432,1.4900000095367432
22-05-2020,1.4600000381469727,1.4800000190734863,87400,1.5700000524520874,1.5399999618530273,1.5399999618530273
26-05-2020,1.5,1.5499999523162842,160500,1.600000023841858,1.5399999618530273,1.5399999618530273
27-05-2020,1.4800000190734863,1.5299999713897705,95300,1.590000033378601,1.5399999618530273,1.5399999618530273
28-05-2020,1.4800000190734863,1.5499999523162842,64100,1.5499999523162842,1.4800000190734863,1.4800000190734863
29-05-2020,1.409999966621399,1.5199999809265137,53100,1.5399999618530273,1.4600000381469727,1.4600000381469727
01-06-2020,1.4500000476837158,1.4600000381469727,314000,1.6100000143051147,1.5700000524520874,1.5700000524520874
02-06-2020,1.4900000095367432,1.559999942779541,85100,1.559999942779541,1.5,1.5
03-06-2020,1.5099999904632568,1.5499999523162842,186200,1.7000000476837158,1.590000033378601,1.590000033378601
04-06-2020,1.5499999523162842,1.5700000524520874,60700,1.6299999952316284,1.6100000143051147,1.6100000143051147
05-06-2020,1.590000033378601,1.6100000143051147,98700,1.6799999475479126,1.6100000143051147,1.6100000143051147
08-06-2020,1.6100000143051147,1.7000000476837158,241500,1.7300000190734863,1.6399999856948853,1.6399999856948853
09-06-2020,1.649999976158142,1.6699999570846558,3006300,2.7200000286102295,2.25,2.25
10-06-2020,1.8799999952316284,2.2300000190734863,521700,2.2300000190734863,2.1700000762939453,2.1700000762939453
11-06-2020,1.899999976158142,1.9600000381469727,145900,2.069999933242798,1.9700000286102295,1.9700000286102295
12-06-2020,1.8799999952316284,1.9900000095367432,75300,2.049999952316284,1.899999976158142,1.899999976158142
15-06-2020,1.7599999904632568,1.899999976158142,92600,1.9600000381469727,1.9199999570846558,1.9199999570846558
16-06-2020,1.8700000047683716,1.9199999570846558,71400,1.9900000095367432,1.9299999475479126,1.9299999475479126
17-06-2020,1.8799999952316284,1.899999976158142,558900,2.0999999046325684,2.009999990463257,2.009999990463257
18-06-2020,1.9700000286102295,2.0199999809265137,151500,2.140000104904175,2.0299999713897705,2.0299999713897705
19-06-2020,1.899999976158142,2.0799999237060547,151200,2.0799999237060547,1.899999976158142,1.899999976158142
22-06-2020,1.809999942779541,1.8799999952316284,107300,2.0,1.8700000047683716,1.8700000047683716
23-06-2020,1.7799999713897705,1.8600000143051147,77900,1.8899999856948853,1.8300000429153442,1.8300000429153442
24-06-2020,1.7100000381469727,1.7799999713897705,78100,1.8200000524520874,1.7400000095367432,1.7400000095367432
25-06-2020,1.659999966621399,1.75,48800,1.7999999523162842,1.7699999809265137,1.7699999809265137
26-06-2020,1.6699999570846558,1.75,111900,1.7999999523162842,1.7000000476837158,1.7000000476837158
29-06-2020,1.75,1.8899999856948853,77200,1.899999976158142,1.809999942779541,1.809999942779541
30-06-2020,1.7300000190734863,1.840000033378601,52400,1.840000033378601,1.8300000429153442,1.8300000429153442
01-07-2020,1.7100000381469727,1.8200000524520874,51200,1.8300000429153442,1.7699999809265137,1.7699999809265137
02-07-2020,1.6699999570846558,1.7699999809265137,59200,1.7799999713897705,1.7400000095367432,1.7400000095367432
06-07-2020,1.7000000476837158,1.7400000095367432,36700,1.7699999809265137,1.7300000190734863,1.7300000190734863
07-07-2020,1.7100000381469727,1.7200000286102295,47300,1.8200000524520874,1.7400000095367432,1.7400000095367432
08-07-2020,1.7000000476837158,1.7200000286102295,24200,1.7799999713897705,1.75,1.75
09-07-2020,1.649999976158142,1.7599999904632568,50700,1.7599999904632568,1.7000000476837158,1.7000000476837158
10-07-2020,1.6699999570846558,1.7200000286102295,39600,1.7999999523162842,1.7300000190734863,1.7300000190734863
13-07-2020,1.6699999570846558,1.7300000190734863,33400,1.7699999809265137,1.6699999570846558,1.6699999570846558
14-07-2020,1.649999976158142,1.6699999570846558,24500,1.7400000095367432,1.649999976158142,1.649999976158142
15-07-2020,1.6699999570846558,1.7899999618530273,2692400,2.5,1.9299999475479126,1.9299999475479126
16-07-2020,1.7699999809265137,1.8799999952316284,253300,1.9800000190734863,1.9800000190734863,1.9800000190734863
17-07-2020,1.8200000524520874,1.9700000286102295,120800,1.9700000286102295,1.899999976158142,1.899999976158142
20-07-2020,1.840000033378601,1.8799999952316284,102200,1.9900000095367432,1.9500000476837158,1.9500000476837158
21-07-2020,1.850000023841858,1.940000057220459,122000,1.9500000476837158,1.9299999475479126,1.9299999475479126
22-07-2020,1.8300000429153442,1.940000057220459,112200,1.9500000476837158,1.940000057220459,1.940000057220459
23-07-2020,1.8799999952316284,1.940000057220459,103200,1.9500000476837158,1.9199999570846558,1.9199999570846558
24-07-2020,1.850000023841858,1.940000057220459,57000,1.940000057220459,1.8899999856948853,1.8899999856948853
27-07-2020,1.8600000143051147,1.899999976158142,78700,2.0199999809265137,1.940000057220459,1.940000057220459
28-07-2020,1.8799999952316284,1.909999966621399,42700,2.0,1.9299999475479126,1.9299999475479126
29-07-2020,1.8300000429153442,1.9199999570846558,50400,1.9500000476837158,1.8700000047683716,1.8700000047683716
30-07-2020,1.8200000524520874,1.8200000524520874,41800,1.940000057220459,1.9299999475479126,1.9299999475479126
31-07-2020,1.8700000047683716,1.9299999475479126,42900,1.940000057220459,1.909999966621399,1.909999966621399
03-08-2020,1.909999966621399,1.909999966621399,223900,1.9600000381469727,1.940000057220459,1.940000057220459
04-08-2020,1.850000023841858,2.1700000762939453,401200,2.1700000762939453,1.899999976158142,1.899999976158142
05-08-2020,1.850000023841858,1.899999976158142,95500,1.9500000476837158,1.8899999856948853,1.8899999856948853
06-08-2020,1.7999999523162842,1.8899999856948853,214800,1.9299999475479126,1.8200000524520874,1.8200000524520874
07-08-2020,1.7999999523162842,1.809999942779541,119200,1.9299999475479126,1.8300000429153442,1.8300000429153442
10-08-2020,1.7599999904632568,1.7999999523162842,64300,1.840000033378601,1.7999999523162842,1.7999999523162842
11-08-2020,1.75,1.809999942779541,52700,1.850000023841858,1.7699999809265137,1.7699999809265137
12-08-2020,1.6799999475479126,1.7699999809265137,117200,1.8300000429153442,1.6799999475479126,1.6799999475479126
13-08-2020,1.659999966621399,1.7200000286102295,76800,1.7200000286102295,1.6699999570846558,1.6699999570846558
14-08-2020,1.6200000047683716,1.649999976158142,54300,1.7000000476837158,1.649999976158142,1.649999976158142
17-08-2020,1.6100000143051147,1.7000000476837158,74400,1.7000000476837158,1.6399999856948853,1.6399999856948853
18-08-2020,1.6299999952316284,1.6299999952316284,46400,1.7899999618530273,1.6699999570846558,1.6699999570846558
19-08-2020,1.649999976158142,1.649999976158142,650300,1.8799999952316284,1.8300000429153442,1.8300000429153442
20-08-2020,1.649999976158142,1.8600000143051147,150600,1.8600000143051147,1.649999976158142,1.649999976158142
21-08-2020,1.6299999952316284,1.6399999856948853,44200,1.7300000190734863,1.7100000381469727,1.7100000381469727
24-08-2020,1.6100000143051147,1.6799999475479126,101300,1.7000000476837158,1.6200000047683716,1.6200000047683716
25-08-2020,1.6100000143051147,1.6200000047683716,24600,1.659999966621399,1.6100000143051147,1.6100000143051147
26-08-2020,1.600000023841858,1.600000023841858,44900,1.6699999570846558,1.649999976158142,1.649999976158142
27-08-2020,1.5199999809265137,1.6100000143051147,119800,1.649999976158142,1.5800000429153442,1.5800000429153442
28-08-2020,1.559999942779541,1.5700000524520874,25600,1.649999976158142,1.600000023841858,1.600000023841858
31-08-2020,1.559999942779541,1.5800000429153442,23900,1.6299999952316284,1.6100000143051147,1.6100000143051147
01-09-2020,1.440000057220459,1.5800000429153442,65700,1.6200000047683716,1.4900000095367432,1.4900000095367432
02-09-2020,1.4299999475479126,1.5299999713897705,29100,1.6200000047683716,1.4800000190734863,1.4800000190734863
03-09-2020,1.3200000524520874,1.4600000381469727,83700,1.4800000190734863,1.3700000047683716,1.3700000047683716
04-09-2020,1.3300000429153442,1.340000033378601,74700,1.4700000286102295,1.4199999570846558,1.4199999570846558
08-09-2020,1.3899999856948853,1.399999976158142,49800,1.5700000524520874,1.4700000286102295,1.4700000286102295
09-09-2020,1.4199999570846558,1.4199999570846558,162900,1.7400000095367432,1.6200000047683716,1.6200000047683716
10-09-2020,1.4900000095367432,1.659999966621399,101100,1.7200000286102295,1.559999942779541,1.559999942779541
11-09-2020,1.4700000286102295,1.4900000095367432,14600,1.6299999952316284,1.5700000524520874,1.5700000524520874
14-09-2020,1.5,1.559999942779541,36800,1.659999966621399,1.600000023841858,1.600000023841858
15-09-2020,1.409999966621399,1.5800000429153442,15200,1.6699999570846558,1.5700000524520874,1.5700000524520874
16-09-2020,1.5700000524520874,1.5700000524520874,27100,1.659999966621399,1.6100000143051147,1.6100000143051147
17-09-2020,1.559999942779541,1.6100000143051147,12300,1.659999966621399,1.600000023841858,1.600000023841858
18-09-2020,1.5199999809265137,1.559999942779541,13000,1.600000023841858,1.600000023841858,1.600000023841858
21-09-2020,1.5099999904632568,1.600000023841858,40700,1.649999976158142,1.559999942779541,1.559999942779541
22-09-2020,1.350000023841858,1.5199999809265137,281400,1.6299999952316284,1.5499999523162842,1.5499999523162842
23-09-2020,1.4700000286102295,1.5399999618530273,73500,1.6799999475479126,1.5199999809265137,1.5199999809265137
24-09-2020,1.4199999570846558,1.5199999809265137,21300,1.5399999618530273,1.4199999570846558,1.4199999570846558
25-09-2020,1.4500000476837158,1.4500000476837158,24300,1.5399999618530273,1.4900000095367432,1.4900000095367432
28-09-2020,1.4500000476837158,1.4900000095367432,49500,1.590000033378601,1.4800000190734863,1.4800000190734863
29-09-2020,1.4600000381469727,1.4600000381469727,73500,1.600000023841858,1.5499999523162842,1.5499999523162842
30-09-2020,1.4299999475479126,1.5499999523162842,18700,1.5700000524520874,1.4299999475479126,1.4299999475479126
01-10-2020,1.4600000381469727,1.4900000095367432,29200,1.5700000524520874,1.5299999713897705,1.5299999713897705
02-10-2020,1.4800000190734863,1.5199999809265137,24400,1.5700000524520874,1.5700000524520874,1.5700000524520874
05-10-2020,1.590000033378601,1.6200000047683716,47300,1.6799999475479126,1.590000033378601,1.590000033378601
06-10-2020,1.5,1.5299999713897705,36600,1.6799999475479126,1.5099999904632568,1.5099999904632568
07-10-2020,1.559999942779541,1.649999976158142,49000,1.7400000095367432,1.6200000047683716,1.6200000047683716
08-10-2020,1.590000033378601,1.590000033378601,20100,1.659999966621399,1.600000023841858,1.600000023841858
09-10-2020,1.5800000429153442,1.6200000047683716,29000,1.7200000286102295,1.5800000429153442,1.5800000429153442
12-10-2020,1.600000023841858,1.6399999856948853,45200,1.7000000476837158,1.6399999856948853,1.6399999856948853
13-10-2020,1.5499999523162842,1.5499999523162842,85800,1.7799999713897705,1.7200000286102295,1.7200000286102295
14-10-2020,1.6299999952316284,1.7000000476837158,50600,1.7799999713897705,1.7000000476837158,1.7000000476837158
15-10-2020,1.6699999570846558,1.6699999570846558,221500,1.899999976158142,1.8300000429153442,1.8300000429153442
16-10-2020,1.7899999618530273,1.8700000047683716,78700,1.899999976158142,1.809999942779541,1.809999942779541
19-10-2020,1.7200000286102295,1.809999942779541,82200,1.8200000524520874,1.7599999904632568,1.7599999904632568
20-10-2020,1.6399999856948853,1.75,120500,1.75,1.6799999475479126,1.6799999475479126
21-10-2020,1.649999976158142,1.690000057220459,48000,1.7799999713897705,1.6799999475479126,1.6799999475479126
22-10-2020,1.7000000476837158,1.7799999713897705,105100,1.7999999523162842,1.7400000095367432,1.7400000095367432
23-10-2020,1.7100000381469727,1.7100000381469727,154100,1.8600000143051147,1.7999999523162842,1.7999999523162842
26-10-2020,1.6799999475479126,1.7400000095367432,131600,1.7999999523162842,1.75,1.75
27-10-2020,1.7200000286102295,1.7599999904632568,95600,1.8300000429153442,1.8300000429153442,1.8300000429153442
28-10-2020,1.7000000476837158,1.7599999904632568,211700,1.850000023841858,1.7200000286102295,1.7200000286102295
29-10-2020,1.5800000429153442,1.7300000190734863,150700,1.809999942779541,1.649999976158142,1.649999976158142
30-10-2020,1.5099999904632568,1.649999976158142,100900,1.6699999570846558,1.5700000524520874,1.5700000524520874
02-11-2020,1.5299999713897705,1.559999942779541,44600,1.590000033378601,1.5800000429153442,1.5800000429153442
03-11-2020,1.5499999523162842,1.559999942779541,31500,1.6200000047683716,1.6200000047683716,1.6200000047683716
04-11-2020,1.590000033378601,1.600000023841858,35200,1.6399999856948853,1.600000023841858,1.600000023841858
05-11-2020,1.6200000047683716,1.649999976158142,41400,1.7100000381469727,1.690000057220459,1.690000057220459
06-11-2020,1.4500000476837158,1.7899999618530273,444900,1.7999999523162842,1.5700000524520874,1.5700000524520874
09-11-2020,1.4299999475479126,1.5199999809265137,110800,1.5199999809265137,1.4800000190734863,1.4800000190734863
10-11-2020,1.4299999475479126,1.5,42800,1.5,1.4500000476837158,1.4500000476837158
11-11-2020,1.399999976158142,1.4500000476837158,31500,1.4900000095367432,1.399999976158142,1.399999976158142
12-11-2020,1.3600000143051147,1.440000057220459,47500,1.440000057220459,1.399999976158142,1.399999976158142
13-11-2020,1.3700000047683716,1.409999966621399,43100,1.440000057220459,1.399999976158142,1.399999976158142
16-11-2020,1.3700000047683716,1.4500000476837158,54900,1.4600000381469727,1.399999976158142,1.399999976158142
17-11-2020,1.3600000143051147,1.440000057220459,30500,1.440000057220459,1.440000057220459,1.440000057220459
18-11-2020,1.3799999952316284,1.4299999475479126,41700,1.4600000381469727,1.4500000476837158,1.4500000476837158
19-11-2020,1.4199999570846558,1.4299999475479126,50000,1.5,1.4800000190734863,1.4800000190734863
20-11-2020,1.4900000095367432,1.4900000095367432,135600,1.649999976158142,1.590000033378601,1.590000033378601
23-11-2020,1.559999942779541,1.5800000429153442,64600,1.6399999856948853,1.5800000429153442,1.5800000429153442
24-11-2020,1.5,1.5700000524520874,26100,1.600000023841858,1.5299999713897705,1.5299999713897705
25-11-2020,1.5,1.5499999523162842,63400,1.6100000143051147,1.5299999713897705,1.5299999713897705
27-11-2020,1.4800000190734863,1.5499999523162842,43500,1.559999942779541,1.4900000095367432,1.4900000095367432
30-11-2020,1.4500000476837158,1.5199999809265137,76400,1.5299999713897705,1.4500000476837158,1.4500000476837158
01-12-2020,1.4700000286102295,1.5,37200,1.5,1.4900000095367432,1.4900000095367432
02-12-2020,1.4500000476837158,1.4700000286102295,149800,1.649999976158142,1.5700000524520874,1.5700000524520874
03-12-2020,1.5,1.6299999952316284,61800,1.6299999952316284,1.5700000524520874,1.5700000524520874
04-12-2020,1.5499999523162842,1.600000023841858,42600,1.6299999952316284,1.5700000524520874,1.5700000524520874
07-12-2020,1.559999942779541,1.559999942779541,50000,1.649999976158142,1.600000023841858,1.600000023841858
08-12-2020,1.5800000429153442,1.5800000429153442,58600,1.6799999475479126,1.659999966621399,1.659999966621399
09-12-2020,1.649999976158142,1.6799999475479126,95100,1.7200000286102295,1.659999966621399,1.659999966621399
10-12-2020,1.649999976158142,1.690000057220459,32900,1.690000057220459,1.649999976158142,1.649999976158142
11-12-2020,1.649999976158142,1.6699999570846558,35200,1.6699999570846558,1.659999966621399,1.659999966621399
14-12-2020,1.690000057220459,1.7000000476837158,673700,2.049999952316284,1.7999999523162842,1.7999999523162842
15-12-2020,1.7599999904632568,1.7999999523162842,105000,1.940000057220459,1.9199999570846558,1.9199999570846558
16-12-2020,1.8200000524520874,1.9199999570846558,91700,1.940000057220459,1.909999966621399,1.909999966621399
17-12-2020,1.850000023841858,1.9500000476837158,126900,2.069999933242798,2.0399999618530273,2.0399999618530273
18-12-2020,1.9500000476837158,2.0799999237060547,83000,2.0799999237060547,1.9600000381469727,1.9600000381469727
21-12-2020,1.8799999952316284,1.9700000286102295,117500,2.049999952316284,1.9299999475479126,1.9299999475479126
22-12-2020,1.850000023841858,1.909999966621399,52800,2.0,1.940000057220459,1.940000057220459
23-12-2020,1.909999966621399,1.9500000476837158,44400,2.009999990463257,1.9900000095367432,1.9900000095367432
24-12-2020,1.9500000476837158,2.049999952316284,114500,2.0799999237060547,1.9800000190734863,1.9800000190734863
28-12-2020,1.9500000476837158,2.0,343600,2.200000047683716,2.140000104904175,2.140000104904175
29-12-2020,2.1600000858306885,2.309999942779541,10814000,3.880000114440918,2.4200000762939453,2.4200000762939453
30-12-2020,2.140000104904175,2.140000104904175,619900,2.5199999809265137,2.4600000381469727,2.4600000381469727
31-12-2020,2.2799999713897705,2.4000000953674316,212200,2.509999990463257,2.440000057220459,2.440000057220459
04-01-2021,2.309999942779541,2.549999952316284,319000,2.6500000953674316,2.3499999046325684,2.3499999046325684
05-01-2021,2.309999942779541,2.309999942779541,194600,2.5899999141693115,2.5799999237060547,2.5799999237060547
06-01-2021,2.4600000381469727,2.5999999046325684,188900,2.700000047683716,2.5399999618530273,2.5399999618530273
07-01-2021,2.5,2.5799999237060547,157900,2.6600000858306885,2.559999942779541,2.559999942779541
08-01-2021,2.380000114440918,2.569999933242798,169400,2.640000104904175,2.4100000858306885,2.4100000858306885
11-01-2021,2.430000066757202,2.4700000286102295,913900,3.2899999618530273,2.890000104904175,2.890000104904175
12-01-2021,2.859999895095825,2.869999885559082,433800,3.190000057220459,3.0799999237060547,3.0799999237060547
13-01-2021,3.0,3.0799999237060547,245200,3.180000066757202,3.140000104904175,3.140000104904175
14-01-2021,2.950000047683716,3.109999895095825,204600,3.130000114440918,2.9700000286102295,2.9700000286102295
15-01-2021,2.7799999713897705,3.140000104904175,166100,3.140000104904175,2.8499999046325684,2.8499999046325684
19-01-2021,2.880000114440918,2.990000009536743,168000,3.0999999046325684,3.0,3.0
20-01-2021,2.8499999046325684,2.9600000381469727,213300,3.069999933242798,2.950000047683716,2.950000047683716
21-01-2021,2.8499999046325684,3.0199999809265137,173600,3.0199999809265137,2.859999895095825,2.859999895095825
22-01-2021,2.7200000286102295,2.859999895095825,154500,2.990000009536743,2.799999952316284,2.799999952316284
25-01-2021,2.809999942779541,2.809999942779541,192800,3.049999952316284,3.0,3.0
26-01-2021,2.930000066757202,3.049999952316284,125400,3.059999942779541,2.940000057220459,2.940000057220459
27-01-2021,2.700000047683716,2.950000047683716,116100,2.9600000381469727,2.7899999618530273,2.7899999618530273
28-01-2021,2.609999895095825,2.890000104904175,193500,2.9700000286102295,2.890000104904175,2.890000104904175
29-01-2021,2.8499999046325684,2.890000104904175,627600,3.569999933242798,3.2799999713897705,3.2799999713897705
01-02-2021,3.240000009536743,3.450000047683716,823200,3.9800000190734863,3.3399999141693115,3.3399999141693115
02-02-2021,3.1500000953674316,3.5,266800,3.5999999046325684,3.240000009536743,3.240000009536743
03-02-2021,3.2300000190734863,3.240000009536743,225000,3.5,3.25,3.25
04-02-2021,3.25,3.490000009536743,149100,3.490000009536743,3.25,3.25
05-02-2021,3.119999885559082,3.259999990463257,271300,3.319999933242798,3.240000009536743,3.240000009536743
08-02-2021,3.3299999237060547,3.3399999141693115,441500,3.5,3.4200000762939453,3.4200000762939453
09-02-2021,3.630000114440918,3.890000104904175,2148100,5.079999923706055,4.360000133514404,4.360000133514404
10-02-2021,3.890000104904175,4.329999923706055,785300,4.5,4.03000020980835,4.03000020980835
11-02-2021,3.6600000858306885,4.360000133514404,3913900,5.880000114440918,5.21999979019165,5.21999979019165
12-02-2021,4.599999904632568,4.849999904632568,1192900,5.599999904632568,5.099999904632568,5.099999904632568
16-02-2021,5.5,6.039999961853027,1168700,6.289999961853027,6.260000228881836,6.260000228881836
17-02-2021,5.0,5.409999847412109,1915200,5.610000133514404,5.199999809265137,5.199999809265137
18-02-2021,5.059999942779541,5.480000019073486,4412400,7.119999885559082,6.0,6.0
19-02-2021,5.5,5.920000076293945,1247400,6.090000152587891,5.679999828338623,5.679999828338623
22-02-2021,5.199999809265137,5.820000171661377,2957000,6.690000057220459,6.099999904632568,6.099999904632568
23-02-2021,4.699999809265137,5.409999847412109,2356500,6.0,5.699999809265137,5.699999809265137
24-02-2021,5.639999866485596,5.920000076293945,1045000,6.099999904632568,5.840000152587891,5.840000152587891
25-02-2021,5.210000038146973,5.739999771118164,623800,5.920000076293945,5.25,5.25
26-02-2021,4.599999904632568,5.170000076293945,622100,5.480000019073486,5.010000228881836,5.010000228881836
01-03-2021,5.139999866485596,5.309999942779541,935200,5.630000114440918,5.300000190734863,5.300000190734863
02-03-2021,4.840000152587891,5.400000095367432,572100,5.449999809265137,4.920000076293945,4.920000076293945
03-03-2021,4.519999980926514,4.960000038146973,308300,4.980000019073486,4.659999847412109,4.659999847412109
04-03-2021,3.8299999237060547,4.329999923706055,1179100,4.690000057220459,4.130000114440918,4.130000114440918
05-03-2021,3.200000047683716,3.799999952316284,1201400,3.890000104904175,3.690000057220459,3.690000057220459
08-03-2021,3.359999895095825,3.8399999141693115,523900,3.950000047683716,3.4600000381469727,3.4600000381469727
09-03-2021,3.490000009536743,3.490000009536743,616400,3.930000066757202,3.7200000286102295,3.7200000286102295
10-03-2021,3.5199999809265137,3.8399999141693115,404200,3.9100000858306885,3.549999952316284,3.549999952316284
11-03-2021,3.700000047683716,3.700000047683716,384500,4.079999923706055,4.070000171661377,4.070000171661377
12-03-2021,3.799999952316284,3.9600000381469727,1584700,4.449999809265137,4.340000152587891,4.340000152587891
15-03-2021,4.090000152587891,4.360000133514404,665200,4.389999866485596,4.119999885559082,4.119999885559082
16-03-2021,4.25,4.400000095367432,959900,4.78000020980835,4.559999942779541,4.559999942779541
17-03-2021,4.260000228881836,4.300000190734863,427400,4.75,4.710000038146973,4.710000038146973
18-03-2021,4.099999904632568,4.610000133514404,465000,4.690000057220459,4.130000114440918,4.130000114440918
19-03-2021,4.03000020980835,4.230000019073486,214900,4.329999923706055,4.199999809265137,4.199999809265137
22-03-2021,4.0,4.389999866485596,326500,4.409999847412109,4.019999980926514,4.019999980926514
23-03-2021,3.7699999809265137,4.03000020980835,312300,4.079999923706055,3.7699999809265137,3.7699999809265137
24-03-2021,3.6700000762939453,3.9100000858306885,245000,3.940000057220459,3.819999933242798,3.819999933242798
25-03-2021,3.430000066757202,3.6700000762939453,309200,3.7899999618530273,3.700000047683716,3.700000047683716
26-03-2021,3.450000047683716,3.809999942779541,192700,3.819999933242798,3.640000104904175,3.640000104904175
29-03-2021,3.2799999713897705,3.5399999618530273,658400,3.6500000953674316,3.359999895095825,3.359999895095825
30-03-2021,3.1600000858306885,3.299999952316284,226700,3.509999990463257,3.390000104904175,3.390000104904175
31-03-2021,3.4700000286102295,3.5399999618530273,269000,3.859999895095825,3.859999895095825,3.859999895095825
01-04-2021,3.809999942779541,3.9000000953674316,206600,3.950000047683716,3.890000104904175,3.890000104904175
05-04-2021,3.8399999141693115,4.090000152587891,169600,4.110000133514404,3.9800000190734863,3.9800000190734863
06-04-2021,3.799999952316284,3.9000000953674316,357100,4.099999904632568,3.869999885559082,3.869999885559082
07-04-2021,3.680000066757202,3.930000066757202,852000,4.039999961853027,3.799999952316284,3.799999952316284
08-04-2021,3.5399999618530273,3.809999942779541,1040800,4.119999885559082,3.9200000762939453,3.9200000762939453
09-04-2021,3.640000104904175,3.7799999713897705,366100,3.880000114440918,3.7200000286102295,3.7200000286102295
12-04-2021,3.619999885559082,3.799999952316284,13291000,5.090000152587891,4.119999885559082,4.119999885559082
13-04-2021,3.6500000953674316,3.799999952316284,1232400,4.090000152587891,4.070000171661377,4.070000171661377
14-04-2021,3.700000047683716,4.070000171661377,353600,4.21999979019165,3.7300000190734863,3.7300000190734863
15-04-2021,3.509999990463257,3.799999952316284,469900,3.890000104904175,3.7200000286102295,3.7200000286102295
16-04-2021,3.549999952316284,3.6700000762939453,159300,3.700000047683716,3.6600000858306885,3.6600000858306885
19-04-2021,3.3299999237060547,3.680000066757202,342400,3.759999990463257,3.5399999618530273,3.5399999618530273
20-04-2021,3.299999952316284,3.549999952316284,127900,3.549999952316284,3.4600000381469727,3.4600000381469727
21-04-2021,3.299999952316284,3.4100000858306885,403500,3.7100000381469727,3.619999885559082,3.619999885559082
22-04-2021,3.4600000381469727,3.5999999046325684,357900,3.7300000190734863,3.5299999713897705,3.5299999713897705
23-04-2021,3.490000009536743,3.609999895095825,377600,3.7899999618530273,3.7899999618530273,3.7899999618530273
26-04-2021,3.7200000286102295,3.7300000190734863,151600,4.0,3.9200000762939453,3.9200000762939453
27-04-2021,3.8299999237060547,3.950000047683716,88300,4.0,3.9000000953674316,3.9000000953674316
28-04-2021,3.809999942779541,3.9600000381469727,142200,4.079999923706055,4.0,4.0
29-04-2021,3.8499999046325684,4.110000133514404,202800,4.139999866485596,3.9600000381469727,3.9600000381469727
30-04-2021,3.759999990463257,3.930000066757202,431900,4.059999942779541,3.799999952316284,3.799999952316284
03-05-2021,3.7300000190734863,3.799999952316284,352900,4.150000095367432,3.869999885559082,3.869999885559082
04-05-2021,3.549999952316284,3.8499999046325684,5075000,4.5,4.5,4.5
05-05-2021,3.7799999713897705,4.170000076293945,3648500,4.550000190734863,3.809999942779541,3.809999942779541
06-05-2021,3.5799999237060547,3.5899999141693115,16071200,4.550000190734863,3.9000000953674316,3.9000000953674316
07-05-2021,3.259999990463257,3.6600000858306885,2077500,3.7699999809265137,3.2799999713897705,3.2799999713897705
10-05-2021,3.200000047683716,3.309999942779541,2754300,3.7200000286102295,3.2200000286102295,3.2200000286102295
11-05-2021,2.890000104904175,2.9700000286102295,783800,3.1500000953674316,3.009999990463257,3.009999990463257
12-05-2021,2.859999895095825,2.9600000381469727,729900,3.2100000381469727,3.009999990463257,3.009999990463257
13-05-2021,2.819999933242798,2.9600000381469727,298700,3.069999933242798,2.890000104904175,2.890000104904175
14-05-2021,2.740000009536743,2.740000009536743,59300900,4.980000019073486,4.349999904632568,4.349999904632568
17-05-2021,3.700000047683716,4.159999847412109,4281700,4.170000076293945,4.019999980926514,4.019999980926514
18-05-2021,3.7699999809265137,3.9000000953674316,2978800,4.380000114440918,3.7899999618530273,3.7899999618530273
19-05-2021,3.8499999046325684,3.859999895095825,91964700,5.739999771118164,5.460000038146973,5.460000038146973
20-05-2021,4.900000095367432,5.139999866485596,32467200,6.5,5.46999979019165,5.46999979019165
21-05-2021,4.409999847412109,5.320000171661377,5116000,5.489999771118164,4.449999809265137,4.449999809265137
24-05-2021,4.130000114440918,4.519999980926514,1809900,4.630000114440918,4.199999809265137,4.199999809265137
25-05-2021,4.199999809265137,4.21999979019165,11652600,5.150000095367432,4.409999847412109,4.409999847412109
26-05-2021,4.269999980926514,4.539999961853027,2128900,4.550000190734863,4.389999866485596,4.389999866485596
27-05-2021,4.320000171661377,4.420000076293945,2501500,4.760000228881836,4.559999942779541,4.559999942779541
28-05-2021,4.420000076293945,4.619999885559082,16949500,5.599999904632568,5.260000228881836,5.260000228881836
01-06-2021,5.300000190734863,5.519999980926514,11201300,6.440000057220459,6.349999904632568,6.349999904632568
02-06-2021,6.119999885559082,6.5,4711200,6.980000019073486,6.699999809265137,6.699999809265137
03-06-2021,5.860000133514404,6.269999980926514,17885300,8.829999923706055,7.590000152587891,7.590000152587891
04-06-2021,7.920000076293945,8.229999542236328,28755500,10.75,9.109999656677246,9.109999656677246
07-06-2021,7.010000228881836,7.519999980926514,12519000,7.820000171661377,7.010000228881836,7.010000228881836
08-06-2021,7.300000190734863,7.650000095367432,13115800,8.449999809265137,8.300000190734863,8.300000190734863
09-06-2021,7.150000095367432,7.730000019073486,3840400,8.100000381469727,7.349999904632568,7.349999904632568
10-06-2021,7.199999809265137,7.349999904632568,4924500,7.940000057220459,7.21999979019165,7.21999979019165
11-06-2021,6.760000228881836,7.21999979019165,7480400,7.380000114440918,7.139999866485596,7.139999866485596
14-06-2021,6.840000152587891,7.050000190734863,2830800,7.28000020980835,6.920000076293945,6.920000076293945
15-06-2021,6.230000019073486,6.880000114440918,2685500,6.960000038146973,6.300000190734863,6.300000190734863
16-06-2021,6.099999904632568,6.260000228881836,1561400,6.539999961853027,6.309999942779541,6.309999942779541
17-06-2021,6.210000038146973,6.210000038146973,1863900,6.730000019073486,6.489999771118164,6.489999771118164
18-06-2021,6.5,6.570000171661377,5506800,7.070000171661377,6.5,6.5
21-06-2021,5.929999828338623,6.380000114440918,2623900,6.579999923706055,6.039999961853027,6.039999961853027
22-06-2021,5.940000057220459,6.099999904632568,2172600,6.550000190734863,6.420000076293945,6.420000076293945
23-06-2021,6.320000171661377,6.340000152587891,4188200,6.840000152587891,6.639999866485596,6.639999866485596
24-06-2021,6.550000190734863,6.71999979019165,5644900,7.179999828338623,7.179999828338623,7.179999828338623
25-06-2021,6.800000190734863,7.300000190734863,1322600,7.480000019073486,6.840000152587891,6.840000152587891
28-06-2021,6.599999904632568,6.820000171661377,1929700,7.079999923706055,6.650000095367432,6.650000095367432
29-06-2021,6.659999847412109,6.71999979019165,4090200,7.409999847412109,6.929999828338623,6.929999828338623
30-06-2021,6.25,6.940000057220459,1251900,6.949999809265137,6.269999980926514,6.269999980926514
01-07-2021,5.610000133514404,6.269999980926514,1908700,6.389999866485596,5.679999828338623,5.679999828338623
02-07-2021,5.559999942779541,5.820000171661377,1910500,5.829999923706055,5.610000133514404,5.610000133514404
06-07-2021,5.159999847412109,5.570000171661377,1845600,5.599999904632568,5.190000057220459,5.190000057220459
07-07-2021,4.699999809265137,5.239999771118164,1130100,5.239999771118164,4.699999809265137,4.699999809265137
08-07-2021,4.340000152587891,4.340000152587891,1775300,5.289999961853027,5.019999980926514,5.019999980926514
09-07-2021,5.019999980926514,5.130000114440918,477800,5.199999809265137,5.070000171661377,5.070000171661377
12-07-2021,4.869999885559082,5.019999980926514,620800,5.369999885559082,5.309999942779541,5.309999942779541
13-07-2021,4.559999942779541,5.25,602500,5.28000020980835,4.690000057220459,4.690000057220459
14-07-2021,4.559999942779541,4.650000095367432,1107200,4.940000057220459,4.820000171661377,4.820000171661377
15-07-2021,4.309999942779541,4.730000019073486,564400,4.789999961853027,4.460000038146973,4.460000038146973
16-07-2021,4.349999904632568,4.440000057220459,274200,4.590000152587891,4.380000114440918,4.380000114440918
19-07-2021,4.130000114440918,4.260000228881836,516500,4.53000020980835,4.489999771118164,4.489999771118164
20-07-2021,4.309999942779541,4.539999961853027,240500,4.639999866485596,4.599999904632568,4.599999904632568
21-07-2021,4.510000228881836,4.670000076293945,572800,4.789999961853027,4.510000228881836,4.510000228881836
22-07-2021,4.300000190734863,4.550000190734863,2856400,4.96999979019165,4.909999847412109,4.909999847412109
23-07-2021,4.5,4.869999885559082,935700,5.0,4.690000057220459,4.690000057220459
26-07-2021,4.420000076293945,4.699999809265137,351400,4.75,4.46999979019165,4.46999979019165
27-07-2021,4.269999980926514,4.380000114440918,917500,4.489999771118164,4.420000076293945,4.420000076293945
28-07-2021,4.420000076293945,4.519999980926514,956900,4.78000020980835,4.730000019073486,4.730000019073486
29-07-2021,4.570000171661377,4.769999980926514,477500,4.909999847412109,4.869999885559082,4.869999885559082
30-07-2021,4.829999923706055,4.849999904632568,568100,5.070000171661377,4.849999904632568,4.849999904632568
02-08-2021,4.710000038146973,4.820000171661377,276900,4.940000057220459,4.75,4.75
03-08-2021,4.550000190734863,4.659999847412109,272300,4.940000057220459,4.769999980926514,4.769999980926514
04-08-2021,4.380000114440918,4.679999828338623,6788700,5.789999961853027,5.670000076293945,5.670000076293945
05-08-2021,5.199999809265137,5.53000020980835,831600,5.639999866485596,5.639999866485596,5.639999866485596
06-08-2021,5.429999828338623,5.590000152587891,480200,5.909999847412109,5.75,5.75
09-08-2021,5.730000019073486,5.860000133514404,830800,6.070000171661377,6.03000020980835,6.03000020980835
10-08-2021,5.639999866485596,6.070000171661377,485400,6.159999847412109,6.019999980926514,6.019999980926514
11-08-2021,4.949999809265137,5.5,1213900,5.630000114440918,5.599999904632568,5.599999904632568
12-08-2021,5.400000095367432,5.599999904632568,205000,5.619999885559082,5.480000019073486,5.480000019073486
13-08-2021,5.460000038146973,5.489999771118164,297700,5.760000228881836,5.599999904632568,5.599999904632568
16-08-2021,5.130000114440918,5.510000228881836,186600,5.599999904632568,5.389999866485596,5.389999866485596
17-08-2021,5.170000076293945,5.269999980926514,135600,5.380000114440918,5.199999809265137,5.199999809265137
18-08-2021,5.050000190734863,5.199999809265137,300600,5.53000020980835,5.340000152587891,5.340000152587891
19-08-2021,5.199999809265137,5.239999771118164,219300,5.639999866485596,5.559999942779541,5.559999942779541
20-08-2021,5.570000171661377,5.590000152587891,328300,5.929999828338623,5.679999828338623,5.679999828338623
23-08-2021,5.659999847412109,5.659999847412109,476800,6.190000057220459,6.130000114440918,6.130000114440918
24-08-2021,6.150000095367432,6.150000095367432,498900,6.489999771118164,6.360000133514404,6.360000133514404
25-08-2021,5.940000057220459,6.289999961853027,522200,6.329999923706055,6.050000190734863,6.050000190734863
26-08-2021,5.960000038146973,6.050000190734863,169100,6.260000228881836,6.210000038146973,6.210000038146973
27-08-2021,6.21999979019165,6.21999979019165,336400,6.5,6.389999866485596,6.389999866485596
30-08-2021,6.059999942779541,6.409999847412109,852400,6.599999904632568,6.389999866485596,6.389999866485596
31-08-2021,6.090000152587891,6.440000057220459,2404900,6.789999961853027,6.159999847412109,6.159999847412109
01-09-2021,5.880000114440918,6.25,242400,6.25,6.019999980926514,6.019999980926514
02-09-2021,5.78000020980835,5.949999809265137,376000,6.139999866485596,5.829999923706055,5.829999923706055
03-09-2021,5.849999904632568,5.889999866485596,78900,6.039999961853027,5.96999979019165,5.96999979019165
07-09-2021,5.75,5.989999771118164,450100,6.119999885559082,5.78000020980835,5.78000020980835
08-09-2021,5.539999961853027,5.78000020980835,295000,5.840000152587891,5.769999980926514,5.769999980926514
09-09-2021,5.699999809265137,5.800000190734863,222800,6.010000228881836,5.800000190734863,5.800000190734863
10-09-2021,5.53000020980835,5.800000190734863,197700,5.909999847412109,5.559999942779541,5.559999942779541
13-09-2021,5.400000095367432,5.550000190734863,178000,5.75,5.460000038146973,5.460000038146973
14-09-2021,5.269999980926514,5.460000038146973,118800,5.570000171661377,5.340000152587891,5.340000152587891
15-09-2021,5.329999923706055,6.449999809265137,10523900,6.630000114440918,5.579999923706055,5.579999923706055
16-09-2021,5.230000019073486,5.300000190734863,398900,5.619999885559082,5.599999904632568,5.599999904632568
17-09-2021,5.460000038146973,5.619999885559082,330800,5.71999979019165,5.630000114440918,5.630000114440918
20-09-2021,4.880000114440918,5.300000190734863,474600,5.789999961853027,4.889999866485596,4.889999866485596
21-09-2021,4.909999847412109,5.110000133514404,120800,5.139999866485596,4.960000038146973,4.960000038146973
22-09-2021,4.920000076293945,5.0,410000,5.269999980926514,5.139999866485596,5.139999866485596
23-09-2021,5.070000171661377,5.179999828338623,821500,5.429999828338623,5.289999961853027,5.289999961853027
24-09-2021,5.150000095367432,5.210000038146973,313900,5.489999771118164,5.239999771118164,5.239999771118164
27-09-2021,5.199999809265137,5.269999980926514,686700,5.489999771118164,5.239999771118164,5.239999771118164
28-09-2021,5.070000171661377,5.210000038146973,615900,5.400000095367432,5.289999961853027,5.289999961853027
29-09-2021,4.889999866485596,5.269999980926514,565700,5.300000190734863,4.909999847412109,4.909999847412109
30-09-2021,4.889999866485596,4.949999809265137,174300,5.099999904632568,4.96999979019165,4.96999979019165
01-10-2021,4.630000114440918,4.909999847412109,488100,4.989999771118164,4.809999942779541,4.809999942779541
04-10-2021,4.639999866485596,4.820000171661377,254800,4.900000095367432,4.769999980926514,4.769999980926514
05-10-2021,4.599999904632568,4.78000020980835,745900,4.989999771118164,4.78000020980835,4.78000020980835
06-10-2021,4.5,4.679999828338623,589500,5.039999961853027,5.0,5.0
07-10-2021,4.989999771118164,5.050000190734863,600200,5.28000020980835,5.239999771118164,5.239999771118164
08-10-2021,5.170000076293945,5.349999904632568,681900,5.550000190734863,5.349999904632568,5.349999904632568
11-10-2021,5.170000076293945,5.400000095367432,282200,5.440000057220459,5.179999828338623,5.179999828338623
12-10-2021,5.150000095367432,5.210000038146973,493900,5.579999923706055,5.489999771118164,5.489999771118164
13-10-2021,5.420000076293945,5.489999771118164,443400,5.71999979019165,5.650000095367432,5.650000095367432
14-10-2021,5.510000228881836,5.630000114440918,387600,5.769999980926514,5.710000038146973,5.710000038146973
15-10-2021,5.380000114440918,5.71999979019165,518600,5.75,5.400000095367432,5.400000095367432
18-10-2021,5.300000190734863,5.420000076293945,596100,5.730000019073486,5.71999979019165,5.71999979019165
19-10-2021,5.599999904632568,5.679999828338623,1207800,6.099999904632568,6.070000171661377,6.070000171661377
20-10-2021,5.690000057220459,6.059999942779541,379300,6.110000133514404,5.849999904632568,5.849999904632568
21-10-2021,5.579999923706055,5.809999942779541,589600,5.929999828338623,5.809999942779541,5.809999942779541
22-10-2021,5.46999979019165,5.679999828338623,987000,5.809999942779541,5.670000076293945,5.670000076293945
25-10-2021,5.619999885559082,5.699999809265137,872900,6.409999847412109,6.380000114440918,6.380000114440918
26-10-2021,6.119999885559082,6.380000114440918,658300,6.460000038146973,6.289999961853027,6.289999961853027
27-10-2021,5.980000019073486,6.260000228881836,225700,6.360000133514404,6.329999923706055,6.329999923706055
28-10-2021,6.199999809265137,6.25,347900,6.639999866485596,6.46999979019165,6.46999979019165
29-10-2021,6.239999771118164,6.389999866485596,457400,6.869999885559082,6.320000171661377,6.320000171661377
01-11-2021,6.110000133514404,6.329999923706055,1305900,6.800000190734863,6.650000095367432,6.650000095367432
02-11-2021,6.230000019073486,6.570000171661377,335800,6.619999885559082,6.389999866485596,6.389999866485596
03-11-2021,6.309999942779541,6.320000171661377,376100,6.579999923706055,6.389999866485596,6.389999866485596
04-11-2021,6.360000133514404,6.539999961853027,1083800,6.840000152587891,6.510000228881836,6.510000228881836
05-11-2021,6.03000020980835,6.519999980926514,376400,6.559999942779541,6.079999923706055,6.079999923706055
08-11-2021,6.0,6.119999885559082,486800,6.309999942779541,6.230000019073486,6.230000019073486
09-11-2021,5.769999980926514,6.199999809265137,364900,6.199999809265137,6.019999980926514,6.019999980926514
10-11-2021,5.53000020980835,5.829999923706055,446600,6.059999942779541,5.590000152587891,5.590000152587891
11-11-2021,5.699999809265137,5.699999809265137,245100,5.980000019073486,5.739999771118164,5.739999771118164
12-11-2021,5.53000020980835,5.730000019073486,243200,5.840000152587891,5.659999847412109,5.659999847412109
15-11-2021,5.420000076293945,5.550000190734863,687600,5.78000020980835,5.510000228881836,5.510000228881836
16-11-2021,5.269999980926514,5.590000152587891,418300,5.619999885559082,5.389999866485596,5.389999866485596
17-11-2021,5.139999866485596,5.320000171661377,322100,5.409999847412109,5.289999961853027,5.289999961853027
18-11-2021,5.070000171661377,5.369999885559082,260300,5.409999847412109,5.170000076293945,5.170000076293945
19-11-2021,5.179999828338623,5.260000228881836,237600,5.429999828338623,5.329999923706055,5.329999923706055
22-11-2021,4.440000057220459,5.329999923706055,1200200,5.440000057220459,4.46999979019165,4.46999979019165
23-11-2021,4.349999904632568,4.519999980926514,272000,4.630000114440918,4.539999961853027,4.539999961853027
24-11-2021,4.099999904632568,4.420000076293945,505600,4.420000076293945,4.340000152587891,4.340000152587891
26-11-2021,3.940000057220459,4.179999828338623,252300,4.230000019073486,4.03000020980835,4.03000020980835
