Date,Low,Open,Volume,High,Close,Adjusted Close
31-01-2014,6.349999904632568,7.110000133514404,3135700,7.25,6.5,6.5
03-02-2014,6.460000038146973,6.5,61100,6.71999979019165,6.590000152587891,6.590000152587891
04-02-2014,6.5,6.5,48600,7.0,6.579999923706055,6.579999923706055
05-02-2014,6.489999771118164,6.869999885559082,195400,7.199999809265137,6.699999809265137,6.699999809265137
06-02-2014,6.5,6.610000133514404,68500,6.940000057220459,6.889999866485596,6.889999866485596
07-02-2014,6.730000019073486,7.099999904632568,69000,7.110000133514404,7.019999980926514,7.019999980926514
10-02-2014,6.849999904632568,7.019999980926514,21700,7.210000038146973,7.210000038146973,7.210000038146973
11-02-2014,7.150000095367432,7.150000095367432,35700,7.550000190734863,7.550000190734863,7.550000190734863
12-02-2014,6.849999904632568,7.559999942779541,45500,7.599999904632568,7.150000095367432,7.150000095367432
13-02-2014,7.03000020980835,7.239999771118164,33800,7.269999980926514,7.170000076293945,7.170000076293945
14-02-2014,6.510000228881836,7.239999771118164,95300,7.239999771118164,6.889999866485596,6.889999866485596
18-02-2014,6.75,6.75,30200,7.110000133514404,6.949999809265137,6.949999809265137
19-02-2014,7.0,7.130000114440918,8000,7.130000114440918,7.099999904632568,7.099999904632568
20-02-2014,7.210000038146973,7.380000114440918,102000,7.539999961853027,7.400000095367432,7.400000095367432
21-02-2014,7.170000076293945,7.460000038146973,86600,8.1899995803833,7.400000095367432,7.400000095367432
24-02-2014,7.409999847412109,8.859999656677246,372500,8.979999542236328,8.229999542236328,8.229999542236328
25-02-2014,7.570000171661377,8.0,187400,8.0,7.769999980926514,7.769999980926514
26-02-2014,7.610000133514404,8.199999809265137,415900,8.430000305175781,7.96999979019165,7.96999979019165
27-02-2014,7.920000076293945,8.050000190734863,215200,8.09000015258789,8.0,8.0
28-02-2014,7.75,8.0,81300,8.079999923706055,7.980000019073486,7.980000019073486
03-03-2014,7.75,7.78000020980835,84200,8.479999542236328,8.180000305175781,8.180000305175781
04-03-2014,8.239999771118164,8.460000038146973,148500,9.569999694824219,9.270000457763672,9.270000457763672
05-03-2014,9.0,9.449999809265137,106100,9.949999809265137,9.640000343322754,9.640000343322754
06-03-2014,9.0600004196167,9.760000228881836,58500,9.9399995803833,9.25,9.25
07-03-2014,8.529999732971191,9.430000305175781,108000,9.520000457763672,9.140000343322754,9.140000343322754
10-03-2014,8.819999694824219,9.010000228881836,114300,9.479999542236328,9.15999984741211,9.15999984741211
11-03-2014,8.795000076293945,9.300000190734863,210500,9.640000343322754,9.289999961853027,9.289999961853027
12-03-2014,8.979999542236328,9.239999771118164,81800,9.479999542236328,9.289999961853027,9.289999961853027
13-03-2014,9.09000015258789,9.40999984741211,74200,9.619999885559082,9.279999732971191,9.279999732971191
14-03-2014,8.960000038146973,9.25,120600,9.460000038146973,9.069999694824219,9.069999694824219
17-03-2014,8.329999923706055,9.140000343322754,125500,9.210000038146973,8.449999809265137,8.449999809265137
18-03-2014,8.295000076293945,8.5600004196167,142000,8.8100004196167,8.710000038146973,8.710000038146973
19-03-2014,8.154999732971191,8.869999885559082,232900,8.970000267028809,8.420000076293945,8.420000076293945
20-03-2014,8.079999923706055,8.539999961853027,75500,8.640000343322754,8.380000114440918,8.380000114440918
21-03-2014,7.820000171661377,8.449999809265137,315500,8.449999809265137,7.829999923706055,7.829999923706055
24-03-2014,7.21999979019165,7.869999885559082,123200,7.889999866485596,7.25,7.25
25-03-2014,6.821000099182129,7.389999866485596,135200,7.480000019073486,6.980000019073486,6.980000019073486
26-03-2014,6.690999984741211,7.039999961853027,85800,7.394999980926514,7.119999885559082,7.119999885559082
27-03-2014,6.083000183105469,7.110000133514404,198700,7.329999923706055,6.690000057220459,6.690000057220459
28-03-2014,6.210000038146973,6.679999828338623,142400,7.71999979019165,7.449999809265137,7.449999809265137
31-03-2014,7.320000171661377,7.489999771118164,923800,7.940000057220459,7.860000133514404,7.860000133514404
01-04-2014,6.809999942779541,7.650000095367432,94000,7.75,7.570000171661377,7.570000171661377
02-04-2014,7.494999885559082,7.550000190734863,138700,7.820000171661377,7.630000114440918,7.630000114440918
03-04-2014,7.210000038146973,7.610000133514404,57500,7.639999866485596,7.25,7.25
04-04-2014,6.920000076293945,7.260000228881836,103000,7.349999904632568,6.940000057220459,6.940000057220459
07-04-2014,6.25,6.889999866485596,147200,6.920000076293945,6.409999847412109,6.409999847412109
08-04-2014,5.760000228881836,6.420000076293945,141200,6.420000076293945,6.179999828338623,6.179999828338623
09-04-2014,6.0,6.179999828338623,81000,6.179999828338623,6.039999961853027,6.039999961853027
10-04-2014,5.570000171661377,6.0,96700,6.014999866485596,5.800000190734863,5.800000190734863
11-04-2014,5.579999923706055,5.739999771118164,148000,6.019999980926514,5.710000038146973,5.710000038146973
14-04-2014,5.289999961853027,5.78000020980835,85600,5.889999866485596,5.360000133514404,5.360000133514404
15-04-2014,4.809999942779541,5.449999809265137,85000,5.449999809265137,4.96999979019165,4.96999979019165
16-04-2014,4.739999771118164,5.050000190734863,49200,5.139999866485596,5.099999904632568,5.099999904632568
17-04-2014,5.099999904632568,5.099999904632568,53400,5.510000228881836,5.389999866485596,5.389999866485596
21-04-2014,5.210000038146973,5.46999979019165,73700,6.21999979019165,5.760000228881836,5.760000228881836
22-04-2014,5.610000133514404,5.739999771118164,80200,6.0,5.849999904632568,5.849999904632568
23-04-2014,5.5,5.860000133514404,63200,5.860000133514404,5.559999942779541,5.559999942779541
24-04-2014,5.420000076293945,5.619999885559082,103300,5.75,5.489999771118164,5.489999771118164
25-04-2014,5.099999904632568,5.480000019073486,81200,5.75,5.159999847412109,5.159999847412109
28-04-2014,4.789999961853027,5.199999809265137,51500,5.199999809265137,4.940000057220459,4.940000057220459
29-04-2014,4.849999904632568,4.989999771118164,52200,5.110000133514404,4.940000057220459,4.940000057220459
30-04-2014,4.920000076293945,4.920000076293945,80400,5.78000020980835,5.010000228881836,5.010000228881836
01-05-2014,4.820000171661377,5.03000020980835,27900,5.03000020980835,4.920000076293945,4.920000076293945
02-05-2014,4.760000228881836,4.949999809265137,40400,5.0,4.940000057220459,4.940000057220459
05-05-2014,4.78000020980835,4.809999942779541,37200,5.070000171661377,4.940000057220459,4.940000057220459
06-05-2014,4.860000133514404,4.940000057220459,118600,5.0,4.960000038146973,4.960000038146973
07-05-2014,4.809999942779541,4.809999942779541,15500,5.0,4.880000114440918,4.880000114440918
08-05-2014,4.75,4.929999828338623,27400,4.929999828338623,4.75,4.75
09-05-2014,4.5,4.619999885559082,92900,4.820000171661377,4.71999979019165,4.71999979019165
12-05-2014,4.579999923706055,4.769999980926514,24300,4.820000171661377,4.670000076293945,4.670000076293945
13-05-2014,4.599999904632568,4.670000076293945,74600,4.920000076293945,4.789999961853027,4.789999961853027
14-05-2014,4.659999847412109,4.760000228881836,97800,4.900000095367432,4.78000020980835,4.78000020980835
15-05-2014,4.639999866485596,4.78000020980835,33200,5.072000026702881,4.800000190734863,4.800000190734863
16-05-2014,4.409999847412109,4.78000020980835,40000,4.78000020980835,4.460000038146973,4.460000038146973
19-05-2014,4.260000228881836,4.695000171661377,27500,4.695000171661377,4.360000133514404,4.360000133514404
20-05-2014,4.25,4.269999980926514,61600,4.449999809265137,4.409999847412109,4.409999847412109
21-05-2014,4.269999980926514,4.573999881744385,53900,4.573999881744385,4.369999885559082,4.369999885559082
22-05-2014,4.269999980926514,4.289999961853027,31900,4.570000171661377,4.460000038146973,4.460000038146973
23-05-2014,4.400000095367432,4.480000019073486,21100,4.519999980926514,4.460000038146973,4.460000038146973
27-05-2014,4.420000076293945,4.519999980926514,19700,4.579999923706055,4.579999923706055,4.579999923706055
28-05-2014,4.5,4.610000133514404,28500,4.610000133514404,4.550000190734863,4.550000190734863
29-05-2014,4.489999771118164,4.5,25100,4.53000020980835,4.53000020980835,4.53000020980835
30-05-2014,4.309999942779541,4.53000020980835,40800,4.53000020980835,4.389999866485596,4.389999866485596
02-06-2014,4.25,4.309999942779541,22900,4.5,4.340000152587891,4.340000152587891
03-06-2014,4.25,4.519999980926514,272600,4.53000020980835,4.480000019073486,4.480000019073486
04-06-2014,4.309999942779541,4.449999809265137,42300,4.480000019073486,4.400000095367432,4.400000095367432
05-06-2014,4.349999904632568,4.429999828338623,33300,4.510000228881836,4.389999866485596,4.389999866485596
06-06-2014,4.284999847412109,4.429999828338623,40500,4.440000057220459,4.440000057220459,4.440000057220459
09-06-2014,4.25,4.449999809265137,125500,4.51200008392334,4.460000038146973,4.460000038146973
10-06-2014,4.25,4.440000057220459,276900,4.440000057220459,4.389999866485596,4.389999866485596
11-06-2014,4.380000114440918,4.440000057220459,154100,4.889999866485596,4.78000020980835,4.78000020980835
12-06-2014,4.599999904632568,4.889999866485596,85300,5.110000133514404,4.650000095367432,4.650000095367432
13-06-2014,4.440000057220459,4.679999828338623,29600,5.059999942779541,4.519999980926514,4.519999980926514
16-06-2014,4.260000228881836,4.489999771118164,44000,4.489999771118164,4.335000038146973,4.335000038146973
17-06-2014,4.179999828338623,4.349999904632568,80700,4.364999771118164,4.199999809265137,4.199999809265137
18-06-2014,4.070000171661377,4.320000171661377,69200,4.320000171661377,4.150000095367432,4.150000095367432
19-06-2014,4.079999923706055,4.199999809265137,41300,4.239999771118164,4.110000133514404,4.110000133514404
20-06-2014,4.070000171661377,4.139999866485596,138300,4.5,4.340000152587891,4.340000152587891
23-06-2014,4.239999771118164,4.369999885559082,60700,4.679999828338623,4.300000190734863,4.300000190734863
24-06-2014,4.300000190734863,4.619999885559082,61400,4.619999885559082,4.309999942779541,4.309999942779541
25-06-2014,4.13100004196167,4.309999942779541,133000,4.599999904632568,4.340000152587891,4.340000152587891
26-06-2014,4.360000133514404,4.440000057220459,138900,4.599999904632568,4.480000019073486,4.480000019073486
27-06-2014,4.380000114440918,4.440000057220459,961600,4.96999979019165,4.96999979019165,4.96999979019165
30-06-2014,4.900000095367432,4.900000095367432,258400,6.11299991607666,5.650000095367432,5.650000095367432
01-07-2014,5.5,5.610000133514404,137300,6.130000114440918,5.829999923706055,5.829999923706055
02-07-2014,5.599999904632568,6.110000133514404,96500,6.170000076293945,5.599999904632568,5.599999904632568
03-07-2014,5.550000190734863,5.599999904632568,19300,5.696000099182129,5.610000133514404,5.610000133514404
07-07-2014,5.309999942779541,5.630000114440918,86100,5.739999771118164,5.550000190734863,5.550000190734863
08-07-2014,5.440000057220459,5.579999923706055,88800,5.619999885559082,5.519999980926514,5.519999980926514
09-07-2014,5.269999980926514,5.519999980926514,83900,6.119999885559082,5.96999979019165,5.96999979019165
10-07-2014,5.550000190734863,6.159999847412109,134800,6.25,6.019999980926514,6.019999980926514
11-07-2014,5.900000095367432,6.010000228881836,51000,6.460000038146973,6.300000190734863,6.300000190734863
14-07-2014,6.300000190734863,6.389999866485596,90600,6.96999979019165,6.710000038146973,6.710000038146973
15-07-2014,6.369999885559082,6.650000095367432,53300,6.869999885559082,6.46999979019165,6.46999979019165
16-07-2014,6.156000137329102,6.320000171661377,89100,6.71999979019165,6.5,6.5
17-07-2014,6.190000057220459,6.380000114440918,61400,6.675000190734863,6.320000171661377,6.320000171661377
18-07-2014,5.735000133514404,6.360000133514404,49900,6.46999979019165,6.289999961853027,6.289999961853027
21-07-2014,6.28000020980835,6.28000020980835,50300,6.960000038146973,6.570000171661377,6.570000171661377
22-07-2014,5.960000038146973,6.579999923706055,44900,6.579999923706055,6.090000152587891,6.090000152587891
23-07-2014,5.659999847412109,6.119999885559082,42400,6.289999961853027,5.75,5.75
24-07-2014,5.650000095367432,5.75,13900,5.900000095367432,5.860000133514404,5.860000133514404
25-07-2014,5.5,5.849999904632568,30400,5.849999904632568,5.639999866485596,5.639999866485596
28-07-2014,5.199999809265137,5.579999923706055,46000,5.579999923706055,5.440000057220459,5.440000057220459
29-07-2014,5.400000095367432,5.480000019073486,26800,5.880000114440918,5.710000038146973,5.710000038146973
30-07-2014,5.630000114440918,5.71999979019165,97000,6.679999828338623,6.420000076293945,6.420000076293945
31-07-2014,6.289999961853027,6.409999847412109,91800,6.900000095367432,6.849999904632568,6.849999904632568
01-08-2014,6.349999904632568,6.659999847412109,40600,6.769999980926514,6.389999866485596,6.389999866485596
04-08-2014,6.122000217437744,6.28000020980835,42600,6.409999847412109,6.21999979019165,6.21999979019165
05-08-2014,5.980000019073486,6.46999979019165,44600,6.630000114440918,6.059999942779541,6.059999942779541
06-08-2014,5.769999980926514,6.0,33900,6.090000152587891,5.96999979019165,5.96999979019165
07-08-2014,5.619999885559082,5.920000076293945,97200,6.050000190734863,5.989999771118164,5.989999771118164
08-08-2014,5.71999979019165,5.960000038146973,65600,6.070000171661377,5.960000038146973,5.960000038146973
11-08-2014,5.900000095367432,6.0,98200,6.261000156402588,6.010000228881836,6.010000228881836
12-08-2014,5.52400016784668,6.0,91600,6.449999809265137,6.420000076293945,6.420000076293945
13-08-2014,5.900000095367432,6.139999866485596,68200,6.380000114440918,6.039999961853027,6.039999961853027
14-08-2014,5.900000095367432,6.099999904632568,117500,6.570000171661377,5.980000019073486,5.980000019073486
15-08-2014,5.989999771118164,6.284999847412109,42800,6.559999942779541,6.519999980926514,6.519999980926514
18-08-2014,6.25,6.53000020980835,18600,6.53000020980835,6.489999771118164,6.489999771118164
19-08-2014,6.019999980926514,6.440000057220459,15700,6.5,6.110000133514404,6.110000133514404
20-08-2014,6.110000133514404,6.110000133514404,17400,6.445000171661377,6.139999866485596,6.139999866485596
21-08-2014,6.0,6.170000076293945,22600,6.429999828338623,6.079999923706055,6.079999923706055
22-08-2014,5.760000228881836,6.059999942779541,49300,6.21999979019165,6.0,6.0
25-08-2014,5.829999923706055,6.010000228881836,14400,6.099999904632568,6.03000020980835,6.03000020980835
26-08-2014,5.949999809265137,6.039999961853027,27300,6.21999979019165,6.090000152587891,6.090000152587891
27-08-2014,5.949999809265137,6.119999885559082,31600,6.210000038146973,6.170000076293945,6.170000076293945
28-08-2014,5.880000114440918,6.179999828338623,27300,6.269999980926514,6.139999866485596,6.139999866485596
29-08-2014,5.849999904632568,6.179999828338623,30600,6.179999828338623,5.909999847412109,5.909999847412109
02-09-2014,6.010000228881836,6.019999980926514,19000,6.210000038146973,6.070000171661377,6.070000171661377
03-09-2014,5.849999904632568,6.039999961853027,54100,6.078999996185303,5.909999847412109,5.909999847412109
04-09-2014,5.539999961853027,5.940000057220459,54300,5.940000057220459,5.710000038146973,5.710000038146973
05-09-2014,5.5,5.699999809265137,67400,5.949999809265137,5.849999904632568,5.849999904632568
08-09-2014,5.659999847412109,5.730000019073486,71600,6.010000228881836,5.949999809265137,5.949999809265137
09-09-2014,5.789999961853027,5.840000152587891,39700,6.119999885559082,5.900000095367432,5.900000095367432
10-09-2014,5.860000133514404,5.860000133514404,25600,6.099999904632568,5.989999771118164,5.989999771118164
11-09-2014,5.840000152587891,5.929999828338623,37700,6.03000020980835,5.96999979019165,5.96999979019165
12-09-2014,5.869999885559082,5.869999885559082,33800,6.059999942779541,5.920000076293945,5.920000076293945
15-09-2014,5.651000022888184,5.809999942779541,51500,6.0,5.739999771118164,5.739999771118164
16-09-2014,5.559999942779541,5.820000171661377,49300,5.849999904632568,5.670000076293945,5.670000076293945
17-09-2014,5.559999942779541,5.679999828338623,39500,5.860000133514404,5.65500020980835,5.65500020980835
18-09-2014,5.659999847412109,5.679999828338623,44300,6.079999923706055,5.960000038146973,5.960000038146973
19-09-2014,5.840000152587891,6.039999961853027,48700,6.059999942779541,5.940000057220459,5.940000057220459
22-09-2014,5.75,5.869999885559082,24800,6.050000190734863,5.769999980926514,5.769999980926514
23-09-2014,5.610000133514404,5.75,30200,6.050000190734863,5.909999847412109,5.909999847412109
24-09-2014,5.690000057220459,5.690000057220459,20600,6.039999961853027,5.909999847412109,5.909999847412109
25-09-2014,5.888999938964844,5.949999809265137,26100,6.039999961853027,5.909999847412109,5.909999847412109
26-09-2014,5.760000228881836,5.96999979019165,16900,5.989999771118164,5.789999961853027,5.789999961853027
29-09-2014,5.619999885559082,5.800000190734863,131900,7.0,6.570000171661377,6.570000171661377
30-09-2014,6.28000020980835,6.559999942779541,18700,6.559999942779541,6.420000076293945,6.420000076293945
01-10-2014,5.849999904632568,6.309999942779541,1181700,6.440000057220459,5.909999847412109,5.909999847412109
02-10-2014,5.619999885559082,5.920000076293945,37500,6.039999961853027,5.940000057220459,5.940000057220459
03-10-2014,5.820000171661377,5.880000114440918,20100,6.199999809265137,6.03000020980835,6.03000020980835
06-10-2014,5.840000152587891,6.010000228881836,46600,6.010000228881836,5.869999885559082,5.869999885559082
07-10-2014,5.630000114440918,5.730000019073486,57700,6.110000133514404,5.889999866485596,5.889999866485596
08-10-2014,5.670000076293945,6.070000171661377,55800,6.309999942779541,5.679999828338623,5.679999828338623
09-10-2014,5.420000076293945,5.679999828338623,41400,5.820000171661377,5.53000020980835,5.53000020980835
10-10-2014,5.010000228881836,5.400000095367432,18700,5.400000095367432,5.010000228881836,5.010000228881836
13-10-2014,4.639999866485596,5.070000171661377,21600,5.070000171661377,4.960000038146973,4.960000038146973
14-10-2014,4.659999847412109,4.960000038146973,14600,5.0,4.909999847412109,4.909999847412109
15-10-2014,4.460000038146973,4.820000171661377,20400,4.880000114440918,4.570000171661377,4.570000171661377
16-10-2014,4.010000228881836,4.420000076293945,23900,5.0,4.820000171661377,4.820000171661377
17-10-2014,4.929999828338623,4.980000019073486,18800,5.550000190734863,5.369999885559082,5.369999885559082
20-10-2014,4.929999828338623,5.289999961853027,28500,5.289999961853027,5.159999847412109,5.159999847412109
21-10-2014,4.920000076293945,5.099999904632568,17000,5.340000152587891,5.039999961853027,5.039999961853027
22-10-2014,4.940000057220459,4.940000057220459,17600,5.25,5.25,5.25
23-10-2014,5.090000152587891,5.21999979019165,32200,5.900000095367432,5.610000133514404,5.610000133514404
24-10-2014,5.670000076293945,5.989999771118164,15700,5.989999771118164,5.670000076293945,5.670000076293945
27-10-2014,5.230000019073486,5.650000095367432,11000,5.650000095367432,5.320000171661377,5.320000171661377
28-10-2014,5.199999809265137,5.309999942779541,8300,5.409999847412109,5.320000171661377,5.320000171661377
29-10-2014,5.099999904632568,5.21999979019165,13500,5.429999828338623,5.400000095367432,5.400000095367432
30-10-2014,5.210000038146973,5.21999979019165,8600,5.519999980926514,5.409999847412109,5.409999847412109
31-10-2014,5.453999996185303,5.465000152587891,18600,5.96999979019165,5.809999942779541,5.809999942779541
03-11-2014,5.639999866485596,6.449999809265137,28200,6.449999809265137,6.090000152587891,6.090000152587891
04-11-2014,6.0,6.0,96700,6.730000019073486,6.320000171661377,6.320000171661377
05-11-2014,5.820000171661377,6.239999771118164,20800,6.329999923706055,6.079999923706055,6.079999923706055
06-11-2014,5.519999980926514,6.0,25000,6.122000217437744,5.889999866485596,5.889999866485596
07-11-2014,5.53000020980835,5.90500020980835,20000,5.96999979019165,5.909999847412109,5.909999847412109
10-11-2014,5.420000076293945,5.605000019073486,21800,5.880000114440918,5.849999904632568,5.849999904632568
11-11-2014,5.480000019073486,5.510000228881836,21000,5.809999942779541,5.679999828338623,5.679999828338623
12-11-2014,5.59499979019165,5.710000038146973,24600,5.880000114440918,5.679999828338623,5.679999828338623
13-11-2014,5.590000152587891,5.590000152587891,15700,5.808000087738037,5.630000114440918,5.630000114440918
14-11-2014,5.46999979019165,5.699999809265137,14600,5.764999866485596,5.559999942779541,5.559999942779541
17-11-2014,5.46999979019165,5.973999977111816,13000,5.973999977111816,5.659999847412109,5.659999847412109
18-11-2014,5.809999942779541,5.809999942779541,170100,6.309999942779541,5.869999885559082,5.869999885559082
19-11-2014,5.519999980926514,6.0,58900,6.0,5.590000152587891,5.590000152587891
20-11-2014,5.204999923706055,5.349999904632568,44500,5.75,5.230000019073486,5.230000019073486
21-11-2014,5.199999809265137,5.230000019073486,16600,5.495999813079834,5.460000038146973,5.460000038146973
24-11-2014,5.260000228881836,5.389999866485596,24300,5.699999809265137,5.599999904632568,5.599999904632568
25-11-2014,5.451000213623047,5.519999980926514,24000,5.78000020980835,5.639999866485596,5.639999866485596
26-11-2014,5.099999904632568,5.349999904632568,65000,5.539999961853027,5.360000133514404,5.360000133514404
28-11-2014,5.099999904632568,5.360000133514404,8800,5.360000133514404,5.21999979019165,5.21999979019165
01-12-2014,4.599999904632568,5.050000190734863,57300,5.050000190734863,4.71999979019165,4.71999979019165
02-12-2014,4.360000133514404,4.699999809265137,100100,4.821000099182129,4.440000057220459,4.440000057220459
03-12-2014,4.179999828338623,4.389999866485596,109000,4.550000190734863,4.21999979019165,4.21999979019165
04-12-2014,4.010000228881836,4.25,177500,4.389999866485596,4.070000171661377,4.070000171661377
05-12-2014,4.0,4.420000076293945,3367400,4.579999923706055,4.010000228881836,4.010000228881836
08-12-2014,3.809999942779541,4.010000228881836,421200,4.099999904632568,3.9800000190734863,3.9800000190734863
09-12-2014,3.799999952316284,3.9700000286102295,259200,4.085999965667725,4.03000020980835,4.03000020980835
10-12-2014,3.950000047683716,4.019999980926514,234500,4.300000190734863,4.090000152587891,4.090000152587891
11-12-2014,4.050000190734863,4.130000114440918,378500,4.340000152587891,4.239999771118164,4.239999771118164
12-12-2014,4.0,4.260000228881836,426200,4.36299991607666,4.010000228881836,4.010000228881836
15-12-2014,4.099999904632568,4.099999904632568,328700,4.363999843597412,4.309999942779541,4.309999942779541
16-12-2014,4.300000190734863,4.320000171661377,194800,4.510000228881836,4.5,4.5
17-12-2014,4.5,4.570000171661377,200400,4.769999980926514,4.75,4.75
18-12-2014,4.800000190734863,4.800000190734863,216800,5.03000020980835,4.96999979019165,4.96999979019165
19-12-2014,4.900000095367432,5.099999904632568,188900,5.300000190734863,5.300000190734863,5.300000190734863
22-12-2014,5.25,5.400000095367432,212300,5.889999866485596,5.75,5.75
23-12-2014,5.400000095367432,5.800000190734863,161800,5.800000190734863,5.75,5.75
24-12-2014,5.260000228881836,5.710000038146973,73200,5.71999979019165,5.380000114440918,5.380000114440918
26-12-2014,5.340000152587891,5.380000114440918,56500,5.809999942779541,5.809999942779541,5.809999942779541
29-12-2014,5.679999828338623,5.78000020980835,76400,6.130000114440918,6.090000152587891,6.090000152587891
30-12-2014,5.809999942779541,6.039999961853027,92700,6.083000183105469,5.96999979019165,5.96999979019165
31-12-2014,5.53000020980835,5.940000057220459,117900,5.989999771118164,5.980000019073486,5.980000019073486
02-01-2015,5.5,6.0,225400,6.079999923706055,5.650000095367432,5.650000095367432
05-01-2015,5.544000148773193,5.619999885559082,141600,5.900000095367432,5.730000019073486,5.730000019073486
06-01-2015,5.070000171661377,5.829999923706055,240700,5.829999923706055,5.360000133514404,5.360000133514404
07-01-2015,5.308000087738037,5.340000152587891,119600,5.75,5.480000019073486,5.480000019073486
08-01-2015,5.5,5.5,116100,5.900000095367432,5.820000171661377,5.820000171661377
09-01-2015,5.710000038146973,5.989999771118164,184700,5.989999771118164,5.880000114440918,5.880000114440918
12-01-2015,5.840000152587891,5.920000076293945,158300,5.949999809265137,5.920000076293945,5.920000076293945
13-01-2015,5.840000152587891,5.989999771118164,238300,6.099999904632568,5.989999771118164,5.989999771118164
14-01-2015,5.820000171661377,5.949999809265137,215300,6.170000076293945,6.0,6.0
15-01-2015,5.831999778747559,5.980000019073486,93100,6.019999980926514,5.849999904632568,5.849999904632568
16-01-2015,5.800000190734863,5.829999923706055,92000,6.0,5.940000057220459,5.940000057220459
20-01-2015,5.829999923706055,6.059999942779541,84400,6.059999942779541,5.900000095367432,5.900000095367432
21-01-2015,5.519999980926514,5.860000133514404,110100,5.880000114440918,5.659999847412109,5.659999847412109
22-01-2015,5.369999885559082,5.710000038146973,85100,5.889999866485596,5.800000190734863,5.800000190734863
23-01-2015,5.46999979019165,5.769999980926514,63100,5.900000095367432,5.699999809265137,5.699999809265137
26-01-2015,5.46999979019165,5.710000038146973,41900,5.920000076293945,5.880000114440918,5.880000114440918
27-01-2015,5.679999828338623,5.760000228881836,15200,5.849999904632568,5.730000019073486,5.730000019073486
28-01-2015,5.550000190734863,5.75,26500,5.75,5.630000114440918,5.630000114440918
29-01-2015,5.5,5.670000076293945,59900,5.840000152587891,5.710000038146973,5.710000038146973
30-01-2015,5.369999885559082,5.650000095367432,96500,5.791999816894531,5.449999809265137,5.449999809265137
02-02-2015,5.199999809265137,5.440000057220459,74500,5.440000057220459,5.269999980926514,5.269999980926514
03-02-2015,5.090000152587891,5.300000190734863,56300,5.400000095367432,5.150000095367432,5.150000095367432
04-02-2015,4.860000133514404,5.170000076293945,53900,5.25,5.019999980926514,5.019999980926514
05-02-2015,4.769999980926514,4.988999843597412,28300,5.110000133514404,4.829999923706055,4.829999923706055
06-02-2015,4.710000038146973,4.829999923706055,47200,5.190000057220459,5.070000171661377,5.070000171661377
09-02-2015,5.135000228881836,5.21999979019165,92100,5.679999828338623,5.349999904632568,5.349999904632568
10-02-2015,5.28000020980835,5.420000076293945,45500,5.480000019073486,5.329999923706055,5.329999923706055
11-02-2015,5.210000038146973,5.300000190734863,34800,5.349999904632568,5.289999961853027,5.289999961853027
12-02-2015,5.269999980926514,5.309999942779541,14600,5.400000095367432,5.269999980926514,5.269999980926514
13-02-2015,5.300000190734863,5.300000190734863,57500,5.468999862670898,5.420000076293945,5.420000076293945
17-02-2015,5.243000030517578,5.449999809265137,44600,5.5,5.269999980926514,5.269999980926514
18-02-2015,5.230000019073486,5.230000019073486,52200,5.550000190734863,5.550000190734863,5.550000190734863
19-02-2015,5.420000076293945,5.539999961853027,33500,5.539999961853027,5.46999979019165,5.46999979019165
20-02-2015,5.300000190734863,5.460000038146973,30500,5.489999771118164,5.440000057220459,5.440000057220459
23-02-2015,5.159999847412109,5.400000095367432,90300,5.5,5.179999828338623,5.179999828338623
24-02-2015,5.050000190734863,5.179999828338623,52100,5.309999942779541,5.28000020980835,5.28000020980835
25-02-2015,5.239999771118164,5.239999771118164,128100,5.599999904632568,5.510000228881836,5.510000228881836
26-02-2015,5.400000095367432,5.510000228881836,66500,5.599999904632568,5.599999904632568,5.599999904632568
27-02-2015,5.285999774932861,5.519999980926514,73900,5.590000152587891,5.389999866485596,5.389999866485596
02-03-2015,5.260000228881836,5.329999923706055,86300,5.440000057220459,5.309999942779541,5.309999942779541
03-03-2015,5.25,5.28000020980835,25900,5.360000133514404,5.260000228881836,5.260000228881836
04-03-2015,5.159999847412109,5.289999961853027,38300,5.389999866485596,5.260000228881836,5.260000228881836
05-03-2015,5.309999942779541,5.369999885559082,137400,5.539999961853027,5.539999961853027,5.539999961853027
06-03-2015,5.5,5.579999923706055,201900,5.699999809265137,5.570000171661377,5.570000171661377
09-03-2015,5.5,5.610000133514404,173000,5.75,5.53000020980835,5.53000020980835
10-03-2015,5.449999809265137,5.5,230600,5.795000076293945,5.650000095367432,5.650000095367432
11-03-2015,5.5,5.78000020980835,206900,5.849999904632568,5.739999771118164,5.739999771118164
12-03-2015,5.809999942779541,5.809999942779541,515800,6.645999908447266,6.25,6.25
13-03-2015,6.25,6.300000190734863,510700,6.650000095367432,6.519999980926514,6.519999980926514
16-03-2015,6.449999809265137,6.519999980926514,553800,7.199999809265137,7.099999904632568,7.099999904632568
17-03-2015,6.489999771118164,7.150000095367432,374600,7.298999786376953,6.789999961853027,6.789999961853027
18-03-2015,6.800000190734863,6.800000190734863,498700,7.679999828338623,7.440000057220459,7.440000057220459
19-03-2015,7.179999828338623,7.460000038146973,250100,7.690999984741211,7.369999885559082,7.369999885559082
20-03-2015,7.199999809265137,7.400000095367432,376300,7.699999809265137,7.5,7.5
23-03-2015,7.400000095367432,7.550000190734863,228900,7.679999828338623,7.570000171661377,7.570000171661377
24-03-2015,7.519999980926514,7.599999904632568,292300,8.15999984741211,7.75,7.75
25-03-2015,7.03000020980835,7.730000019073486,344600,7.900000095367432,7.320000171661377,7.320000171661377
26-03-2015,6.409999847412109,7.210000038146973,390000,7.210000038146973,6.690000057220459,6.690000057220459
27-03-2015,6.510000228881836,6.550000190734863,279400,7.239999771118164,6.96999979019165,6.96999979019165
30-03-2015,6.550000190734863,7.03000020980835,230000,7.449999809265137,6.639999866485596,6.639999866485596
31-03-2015,6.329999923706055,6.579999923706055,226500,6.789999961853027,6.519999980926514,6.519999980926514
01-04-2015,6.760000228881836,6.920000076293945,719500,7.800000190734863,7.300000190734863,7.300000190734863
02-04-2015,7.0,7.329999923706055,240300,7.619999885559082,7.090000152587891,7.090000152587891
06-04-2015,6.880000114440918,7.099999904632568,169600,7.25,7.119999885559082,7.119999885559082
07-04-2015,6.800000190734863,7.090000152587891,266700,7.25,6.869999885559082,6.869999885559082
08-04-2015,6.650000095367432,6.889999866485596,200100,7.019999980926514,6.760000228881836,6.760000228881836
09-04-2015,6.650000095367432,6.789999961853027,175300,7.099999904632568,6.849999904632568,6.849999904632568
10-04-2015,6.710000038146973,6.849999904632568,186300,7.010000228881836,6.800000190734863,6.800000190734863
13-04-2015,6.820000171661377,6.849999904632568,368700,7.170000076293945,7.079999923706055,7.079999923706055
14-04-2015,6.880000114440918,7.079999923706055,135100,7.085000038146973,6.949999809265137,6.949999809265137
15-04-2015,6.909999847412109,7.010000228881836,123000,7.039999961853027,6.96999979019165,6.96999979019165
16-04-2015,6.710000038146973,6.900000095367432,133300,6.96999979019165,6.760000228881836,6.760000228881836
17-04-2015,6.559999942779541,6.730000019073486,162300,6.960000038146973,6.929999828338623,6.929999828338623
20-04-2015,6.809999942779541,6.820000171661377,124800,7.039999961853027,6.949999809265137,6.949999809265137
21-04-2015,6.97599983215332,6.989999771118164,262900,7.46999979019165,7.440000057220459,7.440000057220459
22-04-2015,6.880000114440918,7.5,619500,7.579999923706055,6.909999847412109,6.909999847412109
23-04-2015,6.829999923706055,6.900000095367432,538700,7.070000171661377,6.989999771118164,6.989999771118164
24-04-2015,6.639999866485596,6.960000038146973,131100,7.150000095367432,6.690000057220459,6.690000057220459
27-04-2015,6.099999904632568,6.739999771118164,304300,6.900000095367432,6.199999809265137,6.199999809265137
28-04-2015,6.084000110626221,6.199999809265137,199500,6.519999980926514,6.329999923706055,6.329999923706055
29-04-2015,6.019999980926514,6.340000152587891,318500,6.46999979019165,6.269999980926514,6.269999980926514
30-04-2015,6.079999923706055,6.260000228881836,131300,6.340000152587891,6.170000076293945,6.170000076293945
01-05-2015,6.139999866485596,6.150000095367432,91500,6.360000133514404,6.289999961853027,6.289999961853027
04-05-2015,6.23799991607666,6.320000171661377,2111600,7.090000152587891,6.940000057220459,6.940000057220459
05-05-2015,6.420000076293945,6.889999866485596,159900,7.0,6.489999771118164,6.489999771118164
06-05-2015,6.426000118255615,6.570000171661377,99000,6.840000152587891,6.599999904632568,6.599999904632568
07-05-2015,6.159999847412109,6.590000152587891,166700,6.665999889373779,6.239999771118164,6.239999771118164
08-05-2015,6.199999809265137,6.300000190734863,2838000,6.639999866485596,6.599999904632568,6.599999904632568
11-05-2015,6.559999942779541,6.630000114440918,137100,7.050000190734863,6.920000076293945,6.920000076293945
12-05-2015,6.75,6.909999847412109,175000,7.329999923706055,7.190000057220459,7.190000057220459
13-05-2015,6.75,7.260000228881836,148100,7.389999866485596,6.75,6.75
14-05-2015,6.550000190734863,6.840000152587891,98000,7.090000152587891,6.920000076293945,6.920000076293945
15-05-2015,6.458000183105469,6.96999979019165,108500,7.210000038146973,6.869999885559082,6.869999885559082
18-05-2015,6.800000190734863,6.860000133514404,92900,7.170000076293945,6.960000038146973,6.960000038146973
19-05-2015,6.800000190734863,6.989999771118164,170200,7.190000057220459,6.840000152587891,6.840000152587891
20-05-2015,6.760000228881836,6.880000114440918,158500,7.074999809265137,6.800000190734863,6.800000190734863
21-05-2015,6.369999885559082,6.730000019073486,189700,6.860000133514404,6.46999979019165,6.46999979019165
22-05-2015,6.4019999504089355,6.489999771118164,127800,6.84499979019165,6.789999961853027,6.789999961853027
26-05-2015,6.590000152587891,6.699999809265137,167100,6.960000038146973,6.769999980926514,6.769999980926514
27-05-2015,6.6539998054504395,6.760000228881836,179300,7.28000020980835,7.179999828338623,7.179999828338623
28-05-2015,6.739999771118164,7.139999866485596,164800,7.300000190734863,7.0,7.0
29-05-2015,6.889999866485596,7.019999980926514,139900,7.300000190734863,6.960000038146973,6.960000038146973
01-06-2015,6.699999809265137,7.099999904632568,190300,7.099999904632568,6.909999847412109,6.909999847412109
02-06-2015,6.803999900817871,6.909999847412109,226700,7.099999904632568,6.96999979019165,6.96999979019165
03-06-2015,6.909999847412109,7.010000228881836,229100,7.190000057220459,7.090000152587891,7.090000152587891
04-06-2015,6.932000160217285,7.070000171661377,324200,7.480000019073486,7.050000190734863,7.050000190734863
05-06-2015,6.559999942779541,7.0,318600,7.010000228881836,6.710000038146973,6.710000038146973
08-06-2015,6.579999923706055,6.75,241900,6.889999866485596,6.769999980926514,6.769999980926514
09-06-2015,6.429999828338623,6.730000019073486,183500,6.75,6.550000190734863,6.550000190734863
10-06-2015,6.380000114440918,6.610000133514404,217700,6.650000095367432,6.489999771118164,6.489999771118164
11-06-2015,6.510000228881836,6.639999866485596,122200,6.71999979019165,6.650000095367432,6.650000095367432
12-06-2015,6.460000038146973,6.639999866485596,81000,6.659999847412109,6.599999904632568,6.599999904632568
15-06-2015,6.360000133514404,6.579999923706055,310700,7.010000228881836,6.929999828338623,6.929999828338623
16-06-2015,6.769999980926514,7.199999809265137,298400,7.199999809265137,6.889999866485596,6.889999866485596
17-06-2015,6.5,6.900000095367432,226500,6.949999809265137,6.840000152587891,6.840000152587891
18-06-2015,6.570000171661377,6.800000190734863,196600,7.0,6.860000133514404,6.860000133514404
19-06-2015,6.690000057220459,6.849999904632568,328200,7.050000190734863,6.949999809265137,6.949999809265137
22-06-2015,6.849999904632568,7.0,240600,7.159999847412109,6.949999809265137,6.949999809265137
23-06-2015,6.590000152587891,6.940000057220459,217900,7.090000152587891,6.679999828338623,6.679999828338623
24-06-2015,6.510000228881836,6.639999866485596,150900,6.869999885559082,6.539999961853027,6.539999961853027
25-06-2015,6.21999979019165,6.570000171661377,273500,6.710000038146973,6.320000171661377,6.320000171661377
26-06-2015,6.079999923706055,6.349999904632568,3312400,6.480000019073486,6.239999771118164,6.239999771118164
29-06-2015,5.78000020980835,6.139999866485596,352200,6.21999979019165,5.840000152587891,5.840000152587891
30-06-2015,5.809999942779541,5.940000057220459,396900,6.300000190734863,6.260000228881836,6.260000228881836
01-07-2015,5.960000038146973,6.300000190734863,287400,6.389999866485596,6.070000171661377,6.070000171661377
02-07-2015,5.849999904632568,6.090000152587891,178900,6.179999828338623,6.010000228881836,6.010000228881836
06-07-2015,5.78000020980835,5.960000038146973,286900,6.099999904632568,5.949999809265137,5.949999809265137
07-07-2015,5.869999885559082,6.010000228881836,1321200,6.159999847412109,6.119999885559082,6.119999885559082
08-07-2015,5.920000076293945,6.050000190734863,153900,6.170000076293945,5.949999809265137,5.949999809265137
09-07-2015,5.900000095367432,6.079999923706055,181600,6.179999828338623,5.900000095367432,5.900000095367432
10-07-2015,5.869999885559082,5.989999771118164,259800,6.550000190734863,6.510000228881836,6.510000228881836
13-07-2015,6.3379998207092285,6.690000057220459,169500,6.71999979019165,6.690000057220459,6.690000057220459
14-07-2015,6.590000152587891,6.690000057220459,174000,6.800000190734863,6.760000228881836,6.760000228881836
15-07-2015,6.590000152587891,6.800000190734863,237400,6.920000076293945,6.690000057220459,6.690000057220459
16-07-2015,6.53000020980835,6.75,206000,6.84499979019165,6.739999771118164,6.739999771118164
17-07-2015,6.599999904632568,6.760000228881836,111500,6.789999961853027,6.710000038146973,6.710000038146973
20-07-2015,6.679999828338623,6.769999980926514,112600,6.820000171661377,6.809999942779541,6.809999942779541
21-07-2015,6.599999904632568,6.840000152587891,151300,6.880000114440918,6.71999979019165,6.71999979019165
22-07-2015,6.519999980926514,6.550000190734863,278400,6.96999979019165,6.840000152587891,6.840000152587891
23-07-2015,6.78000020980835,6.800000190734863,174200,7.0,6.800000190734863,6.800000190734863
24-07-2015,6.489999771118164,6.78000020980835,157700,6.880000114440918,6.489999771118164,6.489999771118164
27-07-2015,6.099999904632568,6.449999809265137,137200,6.5,6.210000038146973,6.210000038146973
28-07-2015,6.110000133514404,6.28000020980835,127500,6.289999961853027,6.230000019073486,6.230000019073486
29-07-2015,5.949999809265137,6.300000190734863,136000,6.320000171661377,5.980000019073486,5.980000019073486
30-07-2015,5.710000038146973,5.989999771118164,162300,6.010000228881836,5.849999904632568,5.849999904632568
31-07-2015,5.800000190734863,5.869999885559082,314500,6.110000133514404,5.820000171661377,5.820000171661377
03-08-2015,5.949999809265137,5.960000038146973,436800,6.360000133514404,6.159999847412109,6.159999847412109
04-08-2015,6.170000076293945,6.289999961853027,230200,6.590000152587891,6.53000020980835,6.53000020980835
05-08-2015,6.369999885559082,6.53000020980835,217100,6.650000095367432,6.460000038146973,6.460000038146973
06-08-2015,6.03000020980835,6.449999809265137,153300,6.53000020980835,6.070000171661377,6.070000171661377
07-08-2015,5.739999771118164,6.010000228881836,181500,6.019999980926514,5.860000133514404,5.860000133514404
10-08-2015,5.75,5.909999847412109,250600,6.190000057220459,6.110000133514404,6.110000133514404
11-08-2015,5.820000171661377,6.039999961853027,233000,6.210000038146973,5.900000095367432,5.900000095367432
12-08-2015,5.809999942779541,5.840000152587891,582600,6.550000190734863,6.519999980926514,6.519999980926514
13-08-2015,6.550000190734863,6.550000190734863,576400,7.0,6.800000190734863,6.800000190734863
14-08-2015,6.199999809265137,6.760000228881836,301900,6.96999979019165,6.5,6.5
17-08-2015,6.421000003814697,6.599999904632568,224400,6.880000114440918,6.619999885559082,6.619999885559082
18-08-2015,6.309999942779541,6.579999923706055,353100,6.789999961853027,6.349999904632568,6.349999904632568
19-08-2015,6.150000095367432,6.329999923706055,181600,6.449999809265137,6.28000020980835,6.28000020980835
20-08-2015,5.78000020980835,6.190000057220459,266000,6.289999961853027,5.800000190734863,5.800000190734863
21-08-2015,5.53000020980835,5.690000057220459,308700,6.21999979019165,6.139999866485596,6.139999866485596
24-08-2015,5.059999942779541,5.760000228881836,284400,6.039999961853027,5.619999885559082,5.619999885559082
25-08-2015,5.539999961853027,5.849999904632568,265700,5.889999866485596,5.599999904632568,5.599999904632568
26-08-2015,5.480000019073486,5.75,172100,5.909999847412109,5.889999866485596,5.889999866485596
27-08-2015,5.809999942779541,5.949999809265137,148800,6.099999904632568,5.980000019073486,5.980000019073486
28-08-2015,5.909999847412109,5.949999809265137,241800,6.175000190734863,6.039999961853027,6.039999961853027
31-08-2015,5.760000228881836,5.96999979019165,1212700,6.159999847412109,6.0,6.0
01-09-2015,7.820000171661377,8.130000114440918,31957700,10.640000343322754,9.09000015258789,9.09000015258789
02-09-2015,9.210000038146973,9.510000228881836,11733800,11.470000267028809,11.4399995803833,11.4399995803833
03-09-2015,9.649999618530273,11.640000343322754,5898400,11.9399995803833,9.890000343322754,9.890000343322754
04-09-2015,9.630000114440918,9.75,3677900,11.069999694824219,10.760000228881836,10.760000228881836
08-09-2015,10.210000038146973,10.670000076293945,2085800,11.15999984741211,10.779999732971191,10.779999732971191
09-09-2015,10.369999885559082,10.649999618530273,823200,10.970000267028809,10.430000305175781,10.430000305175781
10-09-2015,10.119999885559082,10.350000381469727,916700,10.75,10.350000381469727,10.350000381469727
11-09-2015,9.739999771118164,10.1899995803833,3633700,10.649999618530273,10.25,10.25
14-09-2015,10.229999542236328,10.289999961853027,4099200,11.899999618530273,11.84000015258789,11.84000015258789
15-09-2015,11.470000267028809,11.850000381469727,2529300,12.350000381469727,12.119999885559082,12.119999885559082
16-09-2015,11.220999717712402,12.210000038146973,1252500,12.449999809265137,11.989999771118164,11.989999771118164
17-09-2015,11.680000305175781,11.90999984741211,1575100,12.350000381469727,12.050000190734863,12.050000190734863
18-09-2015,11.8100004196167,11.8100004196167,3860200,13.569999694824219,13.300000190734863,13.300000190734863
21-09-2015,11.800000190734863,13.130000114440918,1519100,13.369999885559082,12.050000190734863,12.050000190734863
22-09-2015,11.6899995803833,11.84000015258789,1083800,12.6899995803833,12.529999732971191,12.529999732971191
23-09-2015,12.130000114440918,12.65999984741211,629200,12.869999885559082,12.710000038146973,12.710000038146973
24-09-2015,12.260000228881836,12.6899995803833,933800,13.100000381469727,12.449999809265137,12.449999809265137
25-09-2015,10.897000312805176,12.550000190734863,1275500,12.645000457763672,11.34000015258789,11.34000015258789
28-09-2015,10.5,11.25,1352500,11.460000038146973,10.5600004196167,10.5600004196167
29-09-2015,9.960000038146973,10.600000381469727,993500,10.800000190734863,10.170000076293945,10.170000076293945
30-09-2015,9.930000305175781,10.399999618530273,1599400,10.59000015258789,10.350000381469727,10.350000381469727
01-10-2015,9.0,10.239999771118164,1306500,10.25,9.6899995803833,9.6899995803833
02-10-2015,9.380000114440918,9.5,792900,10.34000015258789,10.260000228881836,10.260000228881836
05-10-2015,9.460000038146973,10.289999961853027,733600,10.649999618530273,10.130000114440918,10.130000114440918
06-10-2015,9.25,10.0,422300,10.09000015258789,9.760000228881836,9.760000228881836
07-10-2015,9.489999771118164,9.930000305175781,607000,10.446999549865723,10.100000381469727,10.100000381469727
08-10-2015,9.529999732971191,10.029999732971191,399400,10.239999771118164,9.869999885559082,9.869999885559082
09-10-2015,9.640000343322754,9.680000305175781,278100,10.239999771118164,10.130000114440918,10.130000114440918
12-10-2015,9.65999984741211,10.149999618530273,370200,10.300000190734863,9.829999923706055,9.829999923706055
13-10-2015,9.569999694824219,9.699999809265137,447700,10.0,9.619999885559082,9.619999885559082
14-10-2015,9.460000038146973,9.670000076293945,304600,10.020000457763672,9.649999618530273,9.649999618530273
15-10-2015,9.5,9.5,623100,10.567999839782715,10.470000267028809,10.470000267028809
16-10-2015,9.949999809265137,10.529999732971191,582400,10.880000114440918,10.34000015258789,10.34000015258789
19-10-2015,10.119999885559082,10.300000190734863,631900,11.079999923706055,10.729999542236328,10.729999542236328
20-10-2015,10.020000457763672,10.739999771118164,445800,10.967000007629395,10.09000015258789,10.09000015258789
21-10-2015,9.449999809265137,10.100000381469727,388300,10.34000015258789,9.720000267028809,9.720000267028809
22-10-2015,9.5,9.779999732971191,562400,10.4399995803833,10.279999732971191,10.279999732971191
23-10-2015,10.289999961853027,10.40999984741211,393100,10.819999694824219,10.6899995803833,10.6899995803833
26-10-2015,9.979999542236328,10.640000343322754,452000,10.989999771118164,10.010000228881836,10.010000228881836
27-10-2015,9.779999732971191,9.979999542236328,292400,10.227999687194824,10.140000343322754,10.140000343322754
28-10-2015,9.869999885559082,10.140000343322754,526600,10.470000267028809,10.34000015258789,10.34000015258789
29-10-2015,9.75,10.369999885559082,572400,10.880000114440918,9.890000343322754,9.890000343322754
30-10-2015,9.314000129699707,9.890000343322754,443600,9.9399995803833,9.619999885559082,9.619999885559082
02-11-2015,9.579999923706055,9.649999618530273,394600,10.170000076293945,9.930000305175781,9.930000305175781
03-11-2015,9.75,9.949999809265137,606100,10.479999542236328,10.329999923706055,10.329999923706055
04-11-2015,10.029999732971191,10.3100004196167,539000,11.0600004196167,11.029999732971191,11.029999732971191
05-11-2015,10.449999809265137,11.020000457763672,441000,11.380000114440918,10.800000190734863,10.800000190734863
06-11-2015,10.399999618530273,10.770000457763672,386600,11.0,10.739999771118164,10.739999771118164
09-11-2015,10.630000114440918,10.699999809265137,343600,11.125,10.960000038146973,10.960000038146973
10-11-2015,9.845000267028809,10.800000190734863,571300,10.958999633789062,10.869999885559082,10.869999885559082
11-11-2015,10.600000381469727,10.890000343322754,372000,11.569999694824219,11.119999885559082,11.119999885559082
12-11-2015,10.40999984741211,11.010000228881836,458800,11.020000457763672,10.510000228881836,10.510000228881836
13-11-2015,10.170000076293945,10.5,490600,11.357000350952148,11.180000305175781,11.180000305175781
16-11-2015,10.65999984741211,11.239999771118164,405300,11.25,10.9399995803833,10.9399995803833
17-11-2015,10.760000228881836,11.0,282100,11.289999961853027,10.920000076293945,10.920000076293945
18-11-2015,10.729999542236328,10.949999809265137,755100,11.710000038146973,11.579999923706055,11.579999923706055
19-11-2015,11.039999961853027,11.489999771118164,488700,11.809000015258789,11.699999809265137,11.699999809265137
20-11-2015,11.574999809265137,11.770000457763672,501500,12.1899995803833,12.100000381469727,12.100000381469727
23-11-2015,11.664999961853027,12.0600004196167,278100,12.489999771118164,12.239999771118164,12.239999771118164
24-11-2015,11.960000038146973,12.140000343322754,300800,12.649999618530273,12.640000343322754,12.640000343322754
25-11-2015,12.510000228881836,12.720000267028809,234200,12.770000457763672,12.670000076293945,12.670000076293945
27-11-2015,12.631999969482422,12.640000343322754,134700,12.9399995803833,12.920000076293945,12.920000076293945
30-11-2015,12.329999923706055,12.920000076293945,659600,13.020000457763672,12.59000015258789,12.59000015258789
01-12-2015,11.300000190734863,12.630000114440918,490600,12.630000114440918,12.079999923706055,12.079999923706055
02-12-2015,11.699999809265137,12.039999961853027,241900,12.460000038146973,11.960000038146973,11.960000038146973
03-12-2015,11.260000228881836,12.0,351800,12.204999923706055,11.479999542236328,11.479999542236328
04-12-2015,11.35099983215332,11.75,393000,12.229999542236328,12.0,12.0
07-12-2015,11.100000381469727,12.010000228881836,315600,12.10200023651123,11.329999923706055,11.329999923706055
08-12-2015,11.119999885559082,11.1899995803833,247100,11.859999656677246,11.729999542236328,11.729999542236328
09-12-2015,11.069999694824219,11.640000343322754,269200,11.789999961853027,11.229999542236328,11.229999542236328
10-12-2015,10.0600004196167,11.0,723900,11.029999732971191,10.6899995803833,10.6899995803833
11-12-2015,10.369999885559082,10.609999656677246,485300,10.970000267028809,10.470000267028809,10.470000267028809
14-12-2015,10.194999694824219,10.470000267028809,561000,10.880000114440918,10.34000015258789,10.34000015258789
15-12-2015,10.069999694824219,10.239999771118164,396700,10.680000305175781,10.619999885559082,10.619999885559082
16-12-2015,10.09000015258789,10.600000381469727,465300,11.020000457763672,11.0,11.0
17-12-2015,10.300000190734863,11.079999923706055,336000,11.079999923706055,10.319999694824219,10.319999694824219
18-12-2015,9.989999771118164,10.25,1579500,10.5,10.029999732971191,10.029999732971191
21-12-2015,9.63700008392334,10.029999732971191,439900,10.149999618530273,9.760000228881836,9.760000228881836
22-12-2015,9.760000228881836,9.84000015258789,562200,10.220000267028809,10.069999694824219,10.069999694824219
23-12-2015,9.880000114440918,10.100000381469727,267700,10.369999885559082,10.270000457763672,10.270000457763672
24-12-2015,10.039999961853027,10.350000381469727,442900,10.454999923706055,10.229999542236328,10.229999542236328
28-12-2015,9.850000381469727,10.119999885559082,383400,10.460000038146973,10.109999656677246,10.109999656677246
29-12-2015,9.90999984741211,10.09000015258789,250000,10.369999885559082,10.329999923706055,10.329999923706055
30-12-2015,10.289999961853027,10.300000190734863,236000,10.920000076293945,10.770000457763672,10.770000457763672
31-12-2015,10.369999885559082,10.739999771118164,451200,10.869999885559082,10.5,10.5
04-01-2016,9.529999732971191,10.289999961853027,604600,10.510000228881836,9.779999732971191,9.779999732971191
05-01-2016,9.569999694824219,9.770000457763672,348200,9.90999984741211,9.800000190734863,9.800000190734863
06-01-2016,9.5,9.670000076293945,419300,9.930000305175781,9.880000114440918,9.880000114440918
07-01-2016,8.800000190734863,9.569999694824219,498400,9.621999740600586,9.229999542236328,9.229999542236328
08-01-2016,8.880000114440918,9.239999771118164,263600,9.479999542236328,8.90999984741211,8.90999984741211
11-01-2016,7.809999942779541,8.739999771118164,517900,8.930000305175781,8.149999618530273,8.149999618530273
12-01-2016,7.920000076293945,8.079999923706055,359800,8.550000190734863,8.329999923706055,8.329999923706055
13-01-2016,7.6479997634887695,8.359999656677246,267800,9.199999809265137,7.699999809265137,7.699999809265137
14-01-2016,7.329999923706055,7.75,411900,8.640000343322754,8.3100004196167,8.3100004196167
15-01-2016,7.619999885559082,8.050000190734863,430300,8.170000076293945,7.980000019073486,7.980000019073486
19-01-2016,7.429999828338623,8.210000038146973,347700,8.220000267028809,7.599999904632568,7.599999904632568
20-01-2016,7.210000038146973,7.480000019073486,482900,7.849999904632568,7.619999885559082,7.619999885559082
21-01-2016,7.429999828338623,7.619999885559082,375400,8.029999732971191,7.460000038146973,7.460000038146973
22-01-2016,7.360000133514404,7.610000133514404,281800,7.78000020980835,7.670000076293945,7.670000076293945
25-01-2016,7.550000190734863,7.599999904632568,174800,7.960000038146973,7.590000152587891,7.590000152587891
26-01-2016,7.039999961853027,7.650000095367432,228900,7.659999847412109,7.440000057220459,7.440000057220459
27-01-2016,7.03000020980835,7.429999828338623,256600,7.551000118255615,7.059999942779541,7.059999942779541
28-01-2016,6.670000076293945,7.159999847412109,288400,7.380000114440918,6.690000057220459,6.690000057220459
29-01-2016,6.550000190734863,6.690000057220459,388600,7.329999923706055,7.28000020980835,7.28000020980835
01-02-2016,6.900000095367432,7.21999979019165,273500,7.389999866485596,7.309999942779541,7.309999942779541
02-02-2016,6.949999809265137,7.099999904632568,303000,7.460000038146973,7.130000114440918,7.130000114440918
03-02-2016,6.610000133514404,7.210000038146973,315200,7.389999866485596,7.010000228881836,7.010000228881836
04-02-2016,6.695000171661377,7.010000228881836,422500,7.429999828338623,7.369999885559082,7.369999885559082
05-02-2016,7.25,7.320000171661377,454100,7.650000095367432,7.53000020980835,7.53000020980835
08-02-2016,7.076000213623047,7.340000152587891,617400,7.610000133514404,7.460000038146973,7.460000038146973
09-02-2016,7.114999771118164,7.269999980926514,465800,7.769999980926514,7.440000057220459,7.440000057220459
10-02-2016,7.210000038146973,7.559999942779541,364200,7.690000057220459,7.389999866485596,7.389999866485596
11-02-2016,7.09499979019165,7.210000038146973,348100,7.730000019073486,7.630000114440918,7.630000114440918
12-02-2016,7.53000020980835,7.699999809265137,286300,8.0,7.840000152587891,7.840000152587891
16-02-2016,7.820000171661377,7.960000038146973,291800,8.510000228881836,8.449999809265137,8.449999809265137
17-02-2016,8.390000343322754,8.520000457763672,312800,8.979999542236328,8.520000457763672,8.520000457763672
18-02-2016,7.989999771118164,8.569999694824219,165000,8.569999694824219,7.989999771118164,7.989999771118164
19-02-2016,7.670000076293945,7.940000057220459,247500,8.079999923706055,8.0600004196167,8.0600004196167
22-02-2016,8.90999984741211,9.390000343322754,3730600,10.0,9.710000038146973,9.710000038146973
23-02-2016,8.75,9.640000343322754,1000500,9.699999809265137,8.779999732971191,8.779999732971191
24-02-2016,8.300000190734863,8.649999618530273,406600,9.029999732971191,8.90999984741211,8.90999984741211
25-02-2016,8.710000038146973,8.989999771118164,312300,9.15999984741211,9.020000457763672,9.020000457763672
26-02-2016,8.899999618530273,9.100000381469727,288300,9.420000076293945,9.180000305175781,9.180000305175781
29-02-2016,8.350000381469727,9.180000305175781,331800,9.361000061035156,8.369999885559082,8.369999885559082
01-03-2016,8.149999618530273,8.75,328500,8.75,8.550000190734863,8.550000190734863
02-03-2016,8.579999923706055,8.779999732971191,280400,9.0600004196167,8.869999885559082,8.869999885559082
03-03-2016,8.699999809265137,8.890000343322754,267200,9.086000442504883,8.819999694824219,8.819999694824219
04-03-2016,8.710000038146973,8.819999694824219,275800,9.239999771118164,9.039999961853027,9.039999961853027
07-03-2016,8.729999542236328,9.039999961853027,566800,9.729999542236328,9.319999694824219,9.319999694824219
08-03-2016,8.619999885559082,9.199999809265137,440800,9.649999618530273,8.680000305175781,8.680000305175781
09-03-2016,7.300000190734863,8.550000190734863,733800,8.654000282287598,7.710000038146973,7.710000038146973
10-03-2016,7.230000019073486,7.5,374500,8.25,7.46999979019165,7.46999979019165
11-03-2016,7.389999866485596,7.590000152587891,490500,7.860000133514404,7.75,7.75
14-03-2016,7.639999866485596,7.690000057220459,263200,7.989999771118164,7.820000171661377,7.820000171661377
15-03-2016,7.239999771118164,7.679999828338623,406900,7.75,7.400000095367432,7.400000095367432
16-03-2016,7.019999980926514,7.349999904632568,424900,7.630000114440918,7.28000020980835,7.28000020980835
17-03-2016,6.949999809265137,7.21999979019165,425300,7.420000076293945,7.300000190734863,7.300000190734863
18-03-2016,7.019999980926514,7.340000152587891,626700,7.340000152587891,7.230000019073486,7.230000019073486
21-03-2016,7.179999828338623,7.230000019073486,355400,7.880000114440918,7.699999809265137,7.699999809265137
22-03-2016,7.639999866485596,7.639999866485596,333900,8.279999732971191,7.949999809265137,7.949999809265137
23-03-2016,7.25,7.960000038146973,485100,8.140000343322754,7.329999923706055,7.329999923706055
24-03-2016,7.099999904632568,7.199999809265137,301600,7.769999980926514,7.420000076293945,7.420000076293945
28-03-2016,7.269999980926514,7.409999847412109,375300,7.71999979019165,7.570000171661377,7.570000171661377
29-03-2016,7.664999961853027,7.699999809265137,609600,8.510000228881836,8.390000343322754,8.390000343322754
30-03-2016,8.010000228881836,8.579999923706055,388400,8.760000228881836,8.180000305175781,8.180000305175781
31-03-2016,8.050000190734863,8.149999618530273,443300,8.369999885559082,8.270000457763672,8.270000457763672
01-04-2016,8.100000381469727,8.229999542236328,501300,8.640000343322754,8.479999542236328,8.479999542236328
04-04-2016,8.460000038146973,8.510000228881836,569100,8.907999992370605,8.680000305175781,8.680000305175781
05-04-2016,8.5,8.569999694824219,242700,8.800000190734863,8.609999656677246,8.609999656677246
06-04-2016,8.619999885559082,8.619999885559082,419500,9.359999656677246,9.119999885559082,9.119999885559082
07-04-2016,8.819999694824219,9.0600004196167,272100,9.289999961853027,9.0,9.0
08-04-2016,8.649999618530273,9.170000076293945,319800,9.289999961853027,8.890000343322754,8.890000343322754
11-04-2016,8.6899995803833,8.970000267028809,434200,9.121000289916992,8.869999885559082,8.869999885559082
12-04-2016,8.75,8.880000114440918,226000,9.199999809265137,9.130000114440918,9.130000114440918
13-04-2016,9.020000457763672,9.1899995803833,281500,9.489999771118164,9.34000015258789,9.34000015258789
14-04-2016,9.069999694824219,9.329999923706055,439600,9.449999809265137,9.130000114440918,9.130000114440918
15-04-2016,8.949999809265137,9.180000305175781,574600,9.413000106811523,9.079999923706055,9.079999923706055
18-04-2016,8.9399995803833,9.050000190734863,482400,9.274999618530273,9.149999618530273,9.149999618530273
19-04-2016,8.930000305175781,9.149999618530273,542200,9.239999771118164,9.0,9.0
20-04-2016,8.15999984741211,9.020000457763672,857900,9.192000389099121,8.270000457763672,8.270000457763672
21-04-2016,7.96999979019165,8.300000190734863,591700,8.460000038146973,8.270000457763672,8.270000457763672
22-04-2016,8.010000228881836,8.239999771118164,302000,8.359999656677246,8.329999923706055,8.329999923706055
25-04-2016,8.09000015258789,8.329999923706055,332500,8.380000114440918,8.3100004196167,8.3100004196167
26-04-2016,7.820000171661377,8.329999923706055,700300,8.350000381469727,8.069999694824219,8.069999694824219
27-04-2016,7.699999809265137,8.010000228881836,453200,8.069999694824219,7.829999923706055,7.829999923706055
28-04-2016,7.670000076293945,7.730000019073486,388100,8.229999542236328,7.960000038146973,7.960000038146973
29-04-2016,7.659999847412109,8.100000381469727,376900,8.180000305175781,7.789999961853027,7.789999961853027
02-05-2016,7.050000190734863,7.820000171661377,1044500,7.840000152587891,7.630000114440918,7.630000114440918
03-05-2016,7.329999923706055,7.880000114440918,596100,8.09000015258789,7.800000190734863,7.800000190734863
04-05-2016,7.355000019073486,7.679999828338623,645400,7.730000019073486,7.5,7.5
05-05-2016,7.105000019073486,7.289999961853027,647000,7.71999979019165,7.53000020980835,7.53000020980835
06-05-2016,7.329999923706055,7.349999904632568,415500,7.789999961853027,7.75,7.75
09-05-2016,7.559999942779541,7.699999809265137,647300,8.220000267028809,8.029999732971191,8.029999732971191
10-05-2016,7.769999980926514,8.119999885559082,397300,8.28499984741211,7.96999979019165,7.96999979019165
11-05-2016,7.46999979019165,7.929999828338623,445000,8.050000190734863,7.494999885559082,7.494999885559082
12-05-2016,6.820000171661377,7.579999923706055,744300,7.71999979019165,7.0,7.0
13-05-2016,6.730000019073486,7.0,684100,7.190000057220459,6.820000171661377,6.820000171661377
16-05-2016,5.579999923706055,5.599999904632568,3698700,6.690000057220459,6.320000171661377,6.320000171661377
17-05-2016,6.244999885559082,6.309999942779541,975100,6.679999828338623,6.559999942779541,6.559999942779541
18-05-2016,6.46999979019165,6.510000228881836,792800,7.050000190734863,6.980000019073486,6.980000019073486
19-05-2016,6.389999866485596,6.840000152587891,470800,7.044000148773193,6.510000228881836,6.510000228881836
20-05-2016,6.550000190734863,6.590000152587891,489100,6.909999847412109,6.860000133514404,6.860000133514404
23-05-2016,6.730000019073486,6.820000171661377,401900,7.070000171661377,6.840000152587891,6.840000152587891
24-05-2016,6.829999923706055,6.940000057220459,430500,7.005000114440918,6.96999979019165,6.96999979019165
25-05-2016,6.949999809265137,7.03000020980835,358600,7.190000057220459,7.019999980926514,7.019999980926514
26-05-2016,6.909999847412109,7.019999980926514,415900,7.224999904632568,7.099999904632568,7.099999904632568
27-05-2016,6.980000019073486,7.090000152587891,480300,7.21999979019165,7.059999942779541,7.059999942779541
31-05-2016,7.099999904632568,7.119999885559082,1163300,7.409999847412109,7.320000171661377,7.320000171661377
01-06-2016,7.579999923706055,7.699999809265137,946800,8.029999732971191,7.965000152587891,7.965000152587891
02-06-2016,7.695000171661377,7.900000095367432,451600,7.960000038146973,7.789999961853027,7.789999961853027
03-06-2016,7.400000095367432,7.789999961853027,346500,7.860000133514404,7.539999961853027,7.539999961853027
06-06-2016,7.349999904632568,7.480000019073486,375400,7.809999942779541,7.699999809265137,7.699999809265137
07-06-2016,7.400000095367432,7.659999847412109,295200,7.659999847412109,7.460000038146973,7.460000038146973
08-06-2016,7.28000020980835,7.460000038146973,210300,7.639999866485596,7.440000057220459,7.440000057220459
09-06-2016,7.159999847412109,7.349999904632568,287700,7.510000228881836,7.21999979019165,7.21999979019165
10-06-2016,6.820000171661377,7.119999885559082,364100,7.179999828338623,6.840000152587891,6.840000152587891
13-06-2016,6.650000095367432,6.829999923706055,331300,6.96999979019165,6.670000076293945,6.670000076293945
14-06-2016,6.320000171661377,6.619999885559082,593400,6.644999980926514,6.440000057220459,6.440000057220459
15-06-2016,6.369999885559082,6.489999771118164,691000,6.739999771118164,6.679999828338623,6.679999828338623
16-06-2016,6.429999828338623,6.630000114440918,379700,6.849999904632568,6.820000171661377,6.820000171661377
17-06-2016,6.25,6.840000152587891,685700,6.840000152587891,6.289999961853027,6.289999961853027
20-06-2016,6.210000038146973,6.440000057220459,363500,6.570000171661377,6.230000019073486,6.230000019073486
21-06-2016,5.929999828338623,6.25,346700,6.320000171661377,6.090000152587891,6.090000152587891
22-06-2016,5.940000057220459,6.090000152587891,417400,6.335000038146973,5.949999809265137,5.949999809265137
23-06-2016,5.96999979019165,6.050000190734863,254100,6.260000228881836,6.210000038146973,6.210000038146973
24-06-2016,6.210000038146973,6.789999961853027,2680800,6.789999961853027,6.389999866485596,6.389999866485596
27-06-2016,5.800000190734863,6.610000133514404,875400,6.690000057220459,5.869999885559082,5.869999885559082
28-06-2016,5.900000095367432,5.929999828338623,523900,6.204999923706055,6.139999866485596,6.139999866485596
29-06-2016,6.150000095367432,6.449999809265137,411500,6.449999809265137,6.300000190734863,6.300000190734863
30-06-2016,6.199999809265137,6.360000133514404,315200,6.360000133514404,6.300000190734863,6.300000190734863
01-07-2016,6.260000228881836,6.300000190734863,346900,6.489999771118164,6.46999979019165,6.46999979019165
05-07-2016,6.454999923706055,6.5,386600,6.610000133514404,6.559999942779541,6.559999942779541
06-07-2016,6.519999980926514,6.550000190734863,432700,6.900000095367432,6.860000133514404,6.860000133514404
07-07-2016,6.75,6.900000095367432,495100,6.949999809265137,6.940000057220459,6.940000057220459
08-07-2016,6.849999904632568,6.989999771118164,555600,7.170000076293945,7.130000114440918,7.130000114440918
11-07-2016,7.010000228881836,7.190000057220459,345000,7.210000038146973,7.059999942779541,7.059999942779541
12-07-2016,7.0,7.099999904632568,328200,7.239999771118164,7.110000133514404,7.110000133514404
13-07-2016,6.739999771118164,7.139999866485596,390500,7.239999771118164,6.75,6.75
14-07-2016,6.489999771118164,6.800000190734863,426500,6.9730000495910645,6.590000152587891,6.590000152587891
15-07-2016,6.570000171661377,6.610000133514404,342900,6.793000221252441,6.710000038146973,6.710000038146973
18-07-2016,6.619999885559082,6.71999979019165,171200,6.869999885559082,6.679999828338623,6.679999828338623
19-07-2016,6.309999942779541,6.670000076293945,235200,6.699999809265137,6.400000095367432,6.400000095367432
20-07-2016,6.360000133514404,6.400000095367432,180000,6.6529998779296875,6.590000152587891,6.590000152587891
21-07-2016,6.550000190734863,6.619999885559082,211800,6.840000152587891,6.659999847412109,6.659999847412109
22-07-2016,6.610000133514404,6.650000095367432,166100,6.75600004196167,6.679999828338623,6.679999828338623
25-07-2016,6.309999942779541,6.679999828338623,407200,6.684999942779541,6.510000228881836,6.510000228881836
26-07-2016,6.39300012588501,6.5,262000,6.690000057220459,6.489999771118164,6.489999771118164
27-07-2016,6.309999942779541,6.53000020980835,338200,6.579999923706055,6.440000057220459,6.440000057220459
28-07-2016,6.21999979019165,6.449999809265137,296500,6.53000020980835,6.28000020980835,6.28000020980835
29-07-2016,6.130000114440918,6.28000020980835,440000,6.420000076293945,6.269999980926514,6.269999980926514
01-08-2016,6.264999866485596,6.28000020980835,368100,6.550000190734863,6.389999866485596,6.389999866485596
02-08-2016,6.269999980926514,6.369999885559082,316200,6.619999885559082,6.539999961853027,6.539999961853027
03-08-2016,6.460000038146973,6.5,369800,6.795000076293945,6.760000228881836,6.760000228881836
04-08-2016,6.610000133514404,6.769999980926514,478400,6.889999866485596,6.739999771118164,6.739999771118164
05-08-2016,6.599999904632568,6.730000019073486,319000,6.849999904632568,6.769999980926514,6.769999980926514
08-08-2016,6.650000095367432,6.960000038146973,307500,7.03000020980835,6.684999942779541,6.684999942779541
09-08-2016,6.599999904632568,6.679999828338623,297700,7.0,6.929999828338623,6.929999828338623
10-08-2016,6.84499979019165,6.900000095367432,374000,7.074999809265137,6.980000019073486,6.980000019073486
11-08-2016,6.849999904632568,7.0,431200,7.090000152587891,6.900000095367432,6.900000095367432
12-08-2016,6.909999847412109,6.920000076293945,411800,7.070000171661377,6.96999979019165,6.96999979019165
15-08-2016,6.920000076293945,7.019999980926514,324900,7.309999942779541,7.309999942779541,7.309999942779541
16-08-2016,7.21999979019165,7.309999942779541,322300,7.400000095367432,7.28000020980835,7.28000020980835
17-08-2016,7.039999961853027,7.28000020980835,192200,7.28000020980835,7.179999828338623,7.179999828338623
18-08-2016,7.130000114440918,7.199999809265137,152300,7.269999980926514,7.21999979019165,7.21999979019165
19-08-2016,7.139999866485596,7.199999809265137,184900,7.300000190734863,7.199999809265137,7.199999809265137
22-08-2016,7.125,7.239999771118164,253000,7.460000038146973,7.420000076293945,7.420000076293945
23-08-2016,7.309999942779541,7.449999809265137,179200,7.449999809265137,7.420000076293945,7.420000076293945
24-08-2016,7.03000020980835,7.420000076293945,353500,7.630000114440918,7.079999923706055,7.079999923706055
25-08-2016,6.684999942779541,7.099999904632568,643200,7.585000038146973,6.929999828338623,6.929999828338623
26-08-2016,6.940000057220459,6.940000057220459,291600,7.271999835968018,7.039999961853027,7.039999961853027
29-08-2016,6.900000095367432,7.090000152587891,135500,7.099999904632568,6.96999979019165,6.96999979019165
30-08-2016,6.929999828338623,7.0,108500,7.090000152587891,6.949999809265137,6.949999809265137
31-08-2016,6.71999979019165,6.96999979019165,185400,6.96999979019165,6.78000020980835,6.78000020980835
01-09-2016,6.659999847412109,6.769999980926514,126300,6.880000114440918,6.769999980926514,6.769999980926514
02-09-2016,6.739999771118164,6.820000171661377,166400,6.9679999351501465,6.75,6.75
06-09-2016,6.78000020980835,6.78000020980835,231600,7.065000057220459,6.849999904632568,6.849999904632568
07-09-2016,6.710000038146973,6.889999866485596,162200,6.949999809265137,6.800000190734863,6.800000190734863
08-09-2016,6.690000057220459,6.800000190734863,201900,6.90500020980835,6.860000133514404,6.860000133514404
09-09-2016,6.869999885559082,6.949999809265137,520000,7.150000095367432,6.889999866485596,6.889999866485596
12-09-2016,6.800000190734863,6.849999904632568,228100,6.980000019073486,6.949999809265137,6.949999809265137
13-09-2016,6.570000171661377,6.920000076293945,280500,6.920000076293945,6.809999942779541,6.809999942779541
14-09-2016,6.760000228881836,6.789999961853027,284400,7.090000152587891,6.860000133514404,6.860000133514404
15-09-2016,6.789999961853027,6.889999866485596,185500,7.050000190734863,6.96999979019165,6.96999979019165
16-09-2016,6.920000076293945,7.019999980926514,521500,7.139999866485596,7.059999942779541,7.059999942779541
19-09-2016,6.900000095367432,7.070000171661377,309200,7.130000114440918,7.039999961853027,7.039999961853027
20-09-2016,6.96999979019165,7.119999885559082,303600,7.199999809265137,7.010000228881836,7.010000228881836
21-09-2016,6.769999980926514,7.019999980926514,227700,7.099999904632568,7.039999961853027,7.039999961853027
22-09-2016,6.860000133514404,7.139999866485596,314600,7.139999866485596,7.03000020980835,7.03000020980835
23-09-2016,6.929999828338623,7.03000020980835,197600,7.099999904632568,7.0,7.0
26-09-2016,6.920000076293945,6.989999771118164,247300,7.070000171661377,7.0,7.0
27-09-2016,6.909999847412109,7.0,300000,7.059999942779541,7.050000190734863,7.050000190734863
28-09-2016,6.900000095367432,7.050000190734863,224100,7.059999942779541,7.010000228881836,7.010000228881836
29-09-2016,6.614999771118164,7.019999980926514,336900,7.070000171661377,6.639999866485596,6.639999866485596
30-09-2016,6.579999923706055,6.679999828338623,214000,6.820000171661377,6.75,6.75
03-10-2016,6.619999885559082,6.730000019073486,243600,6.820000171661377,6.75,6.75
04-10-2016,6.639999866485596,6.75,188000,6.900000095367432,6.639999866485596,6.639999866485596
05-10-2016,6.599999904632568,6.670000076293945,187200,6.860000133514404,6.730000019073486,6.730000019073486
06-10-2016,6.409999847412109,6.690000057220459,285100,6.690000057220459,6.440000057220459,6.440000057220459
07-10-2016,6.380000114440918,6.489999771118164,172300,6.5,6.429999828338623,6.429999828338623
10-10-2016,6.449999809265137,6.489999771118164,244400,6.636000156402588,6.550000190734863,6.550000190734863
11-10-2016,6.309999942779541,6.5,172400,6.519999980926514,6.369999885559082,6.369999885559082
12-10-2016,6.199999809265137,6.360000133514404,245400,6.5,6.210000038146973,6.210000038146973
13-10-2016,6.139999866485596,6.159999847412109,230300,6.360000133514404,6.190000057220459,6.190000057220459
14-10-2016,6.059999942779541,6.25,257000,6.360000133514404,6.099999904632568,6.099999904632568
17-10-2016,5.849999904632568,6.130000114440918,381600,6.130000114440918,5.920000076293945,5.920000076293945
18-10-2016,5.989999771118164,5.989999771118164,185700,6.380000114440918,6.03000020980835,6.03000020980835
19-10-2016,5.800000190734863,6.03000020980835,207500,6.03000020980835,5.809999942779541,5.809999942779541
20-10-2016,5.769999980926514,5.820000171661377,129100,5.960000038146973,5.900000095367432,5.900000095367432
21-10-2016,5.809999942779541,5.900000095367432,166000,6.010000228881836,5.889999866485596,5.889999866485596
24-10-2016,5.739999771118164,5.960000038146973,387200,5.989999771118164,5.75,5.75
25-10-2016,5.679999828338623,5.78000020980835,132500,5.840000152587891,5.730000019073486,5.730000019073486
26-10-2016,5.53000020980835,5.739999771118164,183100,5.857999801635742,5.53000020980835,5.53000020980835
27-10-2016,5.269999980926514,5.570000171661377,252800,5.670000076293945,5.269999980926514,5.269999980926514
28-10-2016,4.949999809265137,5.199999809265137,539000,5.250999927520752,5.03000020980835,5.03000020980835
31-10-2016,4.860000133514404,5.059999942779541,264400,5.059999942779541,4.880000114440918,4.880000114440918
01-11-2016,4.664999961853027,4.909999847412109,466100,4.96999979019165,4.78000020980835,4.78000020980835
02-11-2016,4.420000076293945,4.800000190734863,373500,4.800000190734863,4.440000057220459,4.440000057220459
03-11-2016,3.799999952316284,4.449999809265137,817900,4.630000114440918,3.809999942779541,3.809999942779541
04-11-2016,3.759999990463257,3.7799999713897705,714500,4.260000228881836,4.070000171661377,4.070000171661377
07-11-2016,3.990000009536743,4.119999885559082,532100,4.255000114440918,4.010000228881836,4.010000228881836
08-11-2016,3.944999933242798,3.990000009536743,392900,4.099999904632568,4.050000190734863,4.050000190734863
09-11-2016,4.119999885559082,4.21999979019165,705300,4.579999923706055,4.519999980926514,4.519999980926514
10-11-2016,4.71999979019165,4.889999866485596,1065100,5.550000190734863,5.5,5.5
11-11-2016,5.519999980926514,5.539999961853027,1080100,6.191999912261963,6.090000152587891,6.090000152587891
14-11-2016,5.910999774932861,6.159999847412109,930700,6.409999847412109,6.389999866485596,6.389999866485596
15-11-2016,6.070000171661377,6.409999847412109,734000,6.679999828338623,6.519999980926514,6.519999980926514
16-11-2016,6.300000190734863,6.400000095367432,615700,6.78000020980835,6.360000133514404,6.360000133514404
17-11-2016,6.210000038146973,6.25,357400,6.46999979019165,6.320000171661377,6.320000171661377
18-11-2016,6.0,6.349999904632568,1685700,6.349999904632568,6.090000152587891,6.090000152587891
21-11-2016,5.980000019073486,6.409999847412109,3209300,6.489999771118164,6.480000019073486,6.480000019073486
22-11-2016,6.010000228881836,6.5,594100,6.590000152587891,6.150000095367432,6.150000095367432
23-11-2016,5.789999961853027,5.849999904632568,380900,6.150000095367432,6.079999923706055,6.079999923706055
25-11-2016,6.03000020980835,6.099999904632568,119600,6.190000057220459,6.139999866485596,6.139999866485596
28-11-2016,5.579999923706055,6.179999828338623,511500,6.179999828338623,5.610000133514404,5.610000133514404
29-11-2016,5.429999828338623,5.610000133514404,317200,5.760000228881836,5.550000190734863,5.550000190734863
30-11-2016,5.360000133514404,5.599999904632568,288500,5.659999847412109,5.480000019073486,5.480000019073486
01-12-2016,5.2210001945495605,5.480000019073486,448700,5.550000190734863,5.320000171661377,5.320000171661377
02-12-2016,5.260000228881836,5.309999942779541,475900,5.489999771118164,5.289999961853027,5.289999961853027
05-12-2016,5.260000228881836,5.340000152587891,626500,5.570000171661377,5.389999866485596,5.389999866485596
06-12-2016,5.2870001792907715,5.389999866485596,310600,5.650000095367432,5.619999885559082,5.619999885559082
07-12-2016,5.269999980926514,5.53000020980835,471400,5.550000190734863,5.489999771118164,5.489999771118164
08-12-2016,5.300000190734863,5.480000019073486,386000,5.800000190734863,5.78000020980835,5.78000020980835
09-12-2016,5.699999809265137,5.789999961853027,367900,6.079999923706055,5.760000228881836,5.760000228881836
12-12-2016,5.534999847412109,5.730000019073486,309600,5.760000228881836,5.650000095367432,5.650000095367432
13-12-2016,5.659999847412109,5.690000057220459,698900,5.96999979019165,5.730000019073486,5.730000019073486
14-12-2016,5.5,5.699999809265137,289200,5.789999961853027,5.579999923706055,5.579999923706055
15-12-2016,5.489999771118164,5.579999923706055,331800,5.829999923706055,5.769999980926514,5.769999980926514
16-12-2016,5.809999942779541,5.809999942779541,539000,6.070000171661377,5.920000076293945,5.920000076293945
19-12-2016,5.840000152587891,5.929999828338623,543600,6.21999979019165,5.900000095367432,5.900000095367432
20-12-2016,5.815000057220459,5.929999828338623,307600,6.059999942779541,5.820000171661377,5.820000171661377
21-12-2016,5.559999942779541,5.840000152587891,325500,5.880000114440918,5.590000152587891,5.590000152587891
22-12-2016,5.533999919891357,5.639999866485596,246300,5.840000152587891,5.789999961853027,5.789999961853027
23-12-2016,5.769999980926514,5.769999980926514,361000,5.985000133514404,5.96999979019165,5.96999979019165
27-12-2016,5.889999866485596,6.050000190734863,425000,6.15500020980835,5.889999866485596,5.889999866485596
28-12-2016,5.630000114440918,5.880000114440918,358000,5.882999897003174,5.789999961853027,5.789999961853027
29-12-2016,5.789999961853027,5.800000190734863,197700,5.929999828338623,5.860000133514404,5.860000133514404
30-12-2016,5.675000190734863,5.860000133514404,205800,5.900000095367432,5.880000114440918,5.880000114440918
03-01-2017,5.880000114440918,5.949999809265137,456600,6.199999809265137,6.150000095367432,6.150000095367432
04-01-2017,6.019999980926514,6.019999980926514,621900,6.380000114440918,6.289999961853027,6.289999961853027
05-01-2017,6.510000228881836,6.539999961853027,873200,6.940000057220459,6.699999809265137,6.699999809265137
06-01-2017,6.480000019073486,6.800000190734863,602900,6.828999996185303,6.610000133514404,6.610000133514404
09-01-2017,6.420000076293945,6.840000152587891,521600,6.875,6.510000228881836,6.510000228881836
10-01-2017,6.199999809265137,6.539999961853027,439300,6.670000076293945,6.489999771118164,6.489999771118164
11-01-2017,6.340000152587891,6.460000038146973,345500,6.599999904632568,6.489999771118164,6.489999771118164
12-01-2017,6.28000020980835,6.46999979019165,289400,6.590000152587891,6.420000076293945,6.420000076293945
13-01-2017,6.340000152587891,6.420000076293945,358800,6.670000076293945,6.380000114440918,6.380000114440918
17-01-2017,6.079999923706055,6.340000152587891,354400,6.340000152587891,6.210000038146973,6.210000038146973
18-01-2017,6.039999961853027,6.260000228881836,234700,6.289999961853027,6.190000057220459,6.190000057220459
19-01-2017,6.110000133514404,6.199999809265137,235700,6.25,6.170000076293945,6.170000076293945
20-01-2017,6.120999813079834,6.179999828338623,305200,6.25,6.190000057220459,6.190000057220459
23-01-2017,6.159999847412109,6.289999961853027,392200,6.650000095367432,6.570000171661377,6.570000171661377
24-01-2017,6.349999904632568,6.590000152587891,329400,6.78000020980835,6.699999809265137,6.699999809265137
25-01-2017,6.5,6.849999904632568,399100,6.920000076293945,6.590000152587891,6.590000152587891
26-01-2017,6.460000038146973,6.590000152587891,278900,6.638999938964844,6.559999942779541,6.559999942779541
27-01-2017,6.539999961853027,6.550000190734863,241700,6.679999828338623,6.590000152587891,6.590000152587891
30-01-2017,6.260000228881836,6.570000171661377,476500,6.619999885559082,6.550000190734863,6.550000190734863
31-01-2017,6.427999973297119,6.550000190734863,842200,7.0,6.980000019073486,6.980000019073486
01-02-2017,6.920000076293945,7.0,730500,7.329999923706055,7.099999904632568,7.099999904632568
02-02-2017,7.199999809265137,7.300000190734863,966700,7.6570000648498535,7.510000228881836,7.510000228881836
03-02-2017,7.401000022888184,7.630000114440918,697600,7.800000190734863,7.71999979019165,7.71999979019165
06-02-2017,7.699999809265137,7.78000020980835,620800,7.949999809265137,7.940000057220459,7.940000057220459
07-02-2017,7.579999923706055,7.960000038146973,493300,7.989999771118164,7.849999904632568,7.849999904632568
08-02-2017,7.400000095367432,7.78000020980835,508400,7.840000152587891,7.769999980926514,7.769999980926514
09-02-2017,7.599999904632568,7.78000020980835,413500,7.960000038146973,7.880000114440918,7.880000114440918
10-02-2017,7.809000015258789,7.889999866485596,396500,8.0,7.860000133514404,7.860000133514404
13-02-2017,7.679999828338623,7.920000076293945,351300,7.989999771118164,7.730000019073486,7.730000019073486
14-02-2017,7.409999847412109,7.699999809265137,616500,7.710000038146973,7.449999809265137,7.449999809265137
15-02-2017,6.840000152587891,7.400000095367432,1452400,7.400000095367432,7.090000152587891,7.090000152587891
16-02-2017,6.829999923706055,7.099999904632568,800900,7.269000053405762,7.03000020980835,7.03000020980835
17-02-2017,6.789999961853027,7.019999980926514,550300,7.159999847412109,7.130000114440918,7.130000114440918
21-02-2017,4.25,4.900000095367432,10502300,5.159999847412109,4.269999980926514,4.269999980926514
22-02-2017,3.869999885559082,4.510000228881836,5414200,4.53000020980835,3.950000047683716,3.950000047683716
23-02-2017,3.700000047683716,4.099999904632568,3862700,4.136000156402588,3.8499999046325684,3.8499999046325684
24-02-2017,3.75,3.8299999237060547,2905300,4.065999984741211,3.990000009536743,3.990000009536743
27-02-2017,3.9600000381469727,4.039999961853027,2729500,4.239999771118164,4.110000133514404,4.110000133514404
28-02-2017,3.930000066757202,4.150000095367432,1895800,4.2270002365112305,4.059999942779541,4.059999942779541
01-03-2017,3.930000066757202,4.119999885559082,1227400,4.179999828338623,4.019999980926514,4.019999980926514
02-03-2017,3.9800000190734863,4.0,1950900,4.210000038146973,4.130000114440918,4.130000114440918
03-03-2017,4.079999923706055,4.130000114440918,1346700,4.239999771118164,4.170000076293945,4.170000076293945
06-03-2017,3.9600000381469727,4.159999847412109,961600,4.159999847412109,4.039999961853027,4.039999961853027
07-03-2017,3.9600000381469727,4.03000020980835,961400,4.099999904632568,3.990000009536743,3.990000009536743
08-03-2017,3.5,3.930000066757202,2999500,4.056000232696533,3.5299999713897705,3.5299999713897705
09-03-2017,3.559999942779541,3.5999999046325684,1663900,3.890000104904175,3.6600000858306885,3.6600000858306885
10-03-2017,3.5799999237060547,3.690000057220459,869900,3.742000102996826,3.6700000762939453,3.6700000762939453
13-03-2017,3.6700000762939453,3.6700000762939453,929000,3.869999885559082,3.8499999046325684,3.8499999046325684
14-03-2017,3.5899999141693115,3.859999895095825,925200,3.890000104904175,3.619999885559082,3.619999885559082
15-03-2017,3.609999895095825,3.6600000858306885,959700,3.884999990463257,3.8499999046325684,3.8499999046325684
16-03-2017,3.700000047683716,3.8399999141693115,754900,3.865000009536743,3.75,3.75
17-03-2017,3.6500000953674316,3.7300000190734863,830300,3.7850000858306885,3.680000066757202,3.680000066757202
20-03-2017,3.549999952316284,3.6500000953674316,785100,3.680999994277954,3.5899999141693115,3.5899999141693115
21-03-2017,3.3499999046325684,3.559999942779541,1204400,3.640000104904175,3.390000104904175,3.390000104904175
22-03-2017,3.259999990463257,3.4000000953674316,851400,3.430000066757202,3.3299999237060547,3.3299999237060547
23-03-2017,3.299999952316284,3.299999952316284,998500,3.6010000705718994,3.5899999141693115,3.5899999141693115
24-03-2017,3.4700000286102295,3.5899999141693115,592700,3.609999895095825,3.549999952316284,3.549999952316284
27-03-2017,3.430000066757202,3.440000057220459,860100,3.799999952316284,3.7200000286102295,3.7200000286102295
28-03-2017,3.680000066757202,3.7300000190734863,632100,3.809999942779541,3.75,3.75
29-03-2017,3.7170000076293945,3.75,929600,3.9779999256134033,3.799999952316284,3.799999952316284
30-03-2017,3.690000057220459,3.8299999237060547,766900,3.9200000762939453,3.75,3.75
31-03-2017,3.6600000858306885,3.75,807700,3.765000104904175,3.6700000762939453,3.6700000762939453
03-04-2017,3.549999952316284,3.700000047683716,581500,3.799999952316284,3.549999952316284,3.549999952316284
04-04-2017,3.4000000953674316,3.549999952316284,750800,3.5799999237060547,3.4200000762939453,3.4200000762939453
05-04-2017,3.2300000190734863,3.4200000762939453,1097800,3.450000047683716,3.25,3.25
06-04-2017,3.240000009536743,3.4100000858306885,1634500,3.4609999656677246,3.4000000953674316,3.4000000953674316
07-04-2017,3.2799999713897705,3.4200000762939453,732200,3.4200000762939453,3.309999942779541,3.309999942779541
10-04-2017,3.259999990463257,3.3299999237060547,578600,3.4100000858306885,3.3399999141693115,3.3399999141693115
11-04-2017,3.240000009536743,3.299999952316284,451000,3.325000047683716,3.2799999713897705,3.2799999713897705
12-04-2017,3.2300000190734863,3.2799999713897705,346500,3.369999885559082,3.319999933242798,3.319999933242798
13-04-2017,3.299999952316284,3.299999952316284,528600,3.430000066757202,3.319999933242798,3.319999933242798
17-04-2017,3.299999952316284,3.319999933242798,260900,3.4200000762939453,3.380000114440918,3.380000114440918
18-04-2017,3.259999990463257,3.359999895095825,353000,3.384000062942505,3.2699999809265137,3.2699999809265137
19-04-2017,3.25,3.299999952316284,489600,3.390000104904175,3.259999990463257,3.259999990463257
20-04-2017,3.25,3.2899999618530273,568800,3.380000114440918,3.359999895095825,3.359999895095825
21-04-2017,3.259999990463257,3.3499999046325684,456200,3.4100000858306885,3.2899999618530273,3.2899999618530273
24-04-2017,3.2799999713897705,3.319999933242798,302300,3.361999988555908,3.299999952316284,3.299999952316284
25-04-2017,3.2699999809265137,3.319999933242798,720300,3.390000104904175,3.3399999141693115,3.3399999141693115
26-04-2017,3.259999990463257,3.3499999046325684,541000,3.3499999046325684,3.2699999809265137,3.2699999809265137
27-04-2017,3.2300000190734863,3.299999952316284,429700,3.3399999141693115,3.240000009536743,3.240000009536743
28-04-2017,3.2300000190734863,3.25,342400,3.315000057220459,3.2699999809265137,3.2699999809265137
01-05-2017,3.2899999618530273,3.299999952316284,858300,3.5810000896453857,3.559999942779541,3.559999942779541
02-05-2017,3.319999933242798,3.569999933242798,849700,3.6389999389648438,3.440000057220459,3.440000057220459
03-05-2017,3.369999885559082,3.440000057220459,773700,3.559999942779541,3.390000104904175,3.390000104904175
04-05-2017,3.259999990463257,3.5,660700,3.640000104904175,3.2899999618530273,3.2899999618530273
05-05-2017,3.240000009536743,3.2699999809265137,449700,3.2899999618530273,3.25,3.25
08-05-2017,3.1600000858306885,3.259999990463257,654100,3.299999952316284,3.200000047683716,3.200000047683716
09-05-2017,3.069999933242798,3.200000047683716,695000,3.200000047683716,3.180000066757202,3.180000066757202
10-05-2017,3.119999885559082,3.180000066757202,431100,3.3299999237060547,3.3299999237060547,3.3299999237060547
11-05-2017,3.180000066757202,3.319999933242798,399600,3.3399999141693115,3.190000057220459,3.190000057220459
12-05-2017,3.130000114440918,3.200000047683716,283900,3.240000009536743,3.2300000190734863,3.2300000190734863
15-05-2017,3.2200000286102295,3.259999990463257,376200,3.3399999141693115,3.240000009536743,3.240000009536743
16-05-2017,3.1500000953674316,3.200000047683716,527600,3.259999990463257,3.2300000190734863,3.2300000190734863
17-05-2017,3.0799999237060547,3.190000057220459,488900,3.2200000286102295,3.0799999237060547,3.0799999237060547
18-05-2017,3.0799999237060547,3.0999999046325684,365100,3.180000066757202,3.0999999046325684,3.0999999046325684
19-05-2017,3.0799999237060547,3.0999999046325684,378300,3.1410000324249268,3.0899999141693115,3.0899999141693115
22-05-2017,2.9700000286102295,3.0899999141693115,643000,3.119999885559082,2.9800000190734863,2.9800000190734863
23-05-2017,2.805000066757202,2.9800000190734863,835000,3.0299999713897705,2.880000114440918,2.880000114440918
24-05-2017,2.7699999809265137,2.890000104904175,417900,2.990000009536743,2.940000057220459,2.940000057220459
25-05-2017,2.819999933242798,2.950000047683716,421800,2.9600000381469727,2.859999895095825,2.859999895095825
26-05-2017,2.755000114440918,2.8399999141693115,413600,2.880000114440918,2.7699999809265137,2.7699999809265137
30-05-2017,2.369999885559082,2.7699999809265137,1656100,2.7709999084472656,2.4000000953674316,2.4000000953674316
31-05-2017,2.1549999713897705,2.390000104904175,1113600,2.4100000858306885,2.3299999237060547,2.3299999237060547
01-06-2017,2.319999933242798,2.319999933242798,830500,2.549999952316284,2.5,2.5
02-06-2017,2.490000009536743,2.5,552300,2.5999999046325684,2.549999952316284,2.549999952316284
05-06-2017,2.4600000381469727,2.549999952316284,586600,2.630000114440918,2.549999952316284,2.549999952316284
06-06-2017,2.48799991607666,2.5299999713897705,357900,2.5950000286102295,2.549999952316284,2.549999952316284
07-06-2017,2.369999885559082,2.559999942779541,511800,2.559999942779541,2.380000114440918,2.380000114440918
08-06-2017,2.4000000953674316,2.4000000953674316,604500,2.509999990463257,2.490000009536743,2.490000009536743
09-06-2017,2.4200000762939453,2.490000009536743,411000,2.5399999618530273,2.440000057220459,2.440000057220459
12-06-2017,2.440000057220459,2.440000057220459,372400,2.509999990463257,2.4700000286102295,2.4700000286102295
13-06-2017,2.430000066757202,2.5,368900,2.5,2.4800000190734863,2.4800000190734863
14-06-2017,2.3949999809265137,2.4700000286102295,358700,2.5,2.490000009536743,2.490000009536743
15-06-2017,2.4100000858306885,2.4700000286102295,408100,2.5399999618530273,2.430000066757202,2.430000066757202
16-06-2017,2.390000104904175,2.4100000858306885,559800,2.5,2.450000047683716,2.450000047683716
19-06-2017,2.4000000953674316,2.430000066757202,1031100,2.5299999713897705,2.490000009536743,2.490000009536743
20-06-2017,2.4800000190734863,2.509999990463257,621300,2.559999942779541,2.5,2.5
21-06-2017,2.4200000762939453,2.5299999713897705,808000,2.575000047683716,2.450000047683716,2.450000047683716
22-06-2017,2.450000047683716,2.450000047683716,400900,2.559999942779541,2.490000009536743,2.490000009536743
23-06-2017,2.4600000381469727,2.509999990463257,2514800,2.5799999237060547,2.5199999809265137,2.5199999809265137
26-06-2017,2.4800000190734863,2.5799999237060547,623200,2.5999999046325684,2.490000009536743,2.490000009536743
27-06-2017,2.390000104904175,2.509999990463257,468600,2.509999990463257,2.4000000953674316,2.4000000953674316
28-06-2017,2.315000057220459,2.4100000858306885,361600,2.440000057220459,2.390000104904175,2.390000104904175
29-06-2017,2.299999952316284,2.380000114440918,546300,2.4000000953674316,2.3399999141693115,2.3399999141693115
30-06-2017,2.2699999809265137,2.3299999237060547,211100,2.359999895095825,2.299999952316284,2.299999952316284
03-07-2017,2.2200000286102295,2.299999952316284,387800,2.3499999046325684,2.299999952316284,2.299999952316284
05-07-2017,2.259999990463257,2.299999952316284,691400,2.440000057220459,2.380000114440918,2.380000114440918
06-07-2017,2.2899999618530273,2.369999885559082,407000,2.4100000858306885,2.299999952316284,2.299999952316284
07-07-2017,2.25,2.309999942779541,427200,2.380000114440918,2.259999990463257,2.259999990463257
10-07-2017,2.1500000953674316,2.2699999809265137,519300,2.2799999713897705,2.25,2.25
11-07-2017,2.180000066757202,2.25,496500,2.3949999809265137,2.380000114440918,2.380000114440918
12-07-2017,2.3399999141693115,2.4000000953674316,842500,2.6500000953674316,2.619999885559082,2.619999885559082
13-07-2017,2.5299999713897705,2.6500000953674316,961800,2.9100000858306885,2.8499999046325684,2.8499999046325684
14-07-2017,2.630000114440918,2.9700000286102295,997400,2.990000009536743,2.7799999713897705,2.7799999713897705
17-07-2017,2.7209999561309814,2.75,841300,3.0999999046325684,2.890000104904175,2.890000104904175
18-07-2017,2.681999921798706,2.890000104904175,468400,2.890000104904175,2.880000114440918,2.880000114440918
19-07-2017,2.868000030517578,2.9000000953674316,543300,3.0799999237060547,2.9800000190734863,2.9800000190734863
20-07-2017,2.859999895095825,2.9000000953674316,553200,3.0,2.9700000286102295,2.9700000286102295
21-07-2017,2.559999942779541,3.0,1408500,3.0,2.755000114440918,2.755000114440918
24-07-2017,2.7200000286102295,2.740000009536743,619400,2.9700000286102295,2.9600000381469727,2.9600000381469727
25-07-2017,2.7730000019073486,2.9800000190734863,377700,2.990000009536743,2.819999933242798,2.819999933242798
26-07-2017,2.690000057220459,2.819999933242798,489800,2.8350000381469727,2.7200000286102295,2.7200000286102295
27-07-2017,2.5999999046325684,2.75,485100,2.759999990463257,2.6500000953674316,2.6500000953674316
28-07-2017,2.5199999809265137,2.6700000762939453,556700,2.697999954223633,2.569999933242798,2.569999933242798
31-07-2017,2.4700000286102295,2.559999942779541,532000,2.6700000762939453,2.609999895095825,2.609999895095825
01-08-2017,2.5199999809265137,2.630000114440918,303200,2.630000114440918,2.569999933242798,2.569999933242798
02-08-2017,2.4200000762939453,2.559999942779541,449800,2.609999895095825,2.5,2.5
03-08-2017,2.259999990463257,2.5,661600,2.5799999237060547,2.319999933242798,2.319999933242798
04-08-2017,2.2880001068115234,2.299999952316284,426400,2.549999952316284,2.430000066757202,2.430000066757202
07-08-2017,2.359999895095825,2.430000066757202,382300,2.5,2.4800000190734863,2.4800000190734863
08-08-2017,2.4000000953674316,2.4800000190734863,363800,2.5350000858306885,2.450000047683716,2.450000047683716
09-08-2017,2.359999895095825,2.430000066757202,299800,2.450000047683716,2.390000104904175,2.390000104904175
10-08-2017,2.309999942779541,2.380000114440918,458000,2.440000057220459,2.3399999141693115,2.3399999141693115
11-08-2017,2.319999933242798,2.359999895095825,387500,2.4200000762939453,2.4100000858306885,2.4100000858306885
14-08-2017,2.380000114440918,2.4200000762939453,424400,2.509999990463257,2.4800000190734863,2.4800000190734863
15-08-2017,2.4200000762939453,2.5199999809265137,293400,2.5199999809265137,2.4700000286102295,2.4700000286102295
16-08-2017,2.359999895095825,2.4800000190734863,323400,2.490000009536743,2.390000104904175,2.390000104904175
17-08-2017,2.359999895095825,2.369999885559082,292500,2.490000009536743,2.380000114440918,2.380000114440918
18-08-2017,2.309999942779541,2.359999895095825,336400,2.4049999713897705,2.3399999141693115,2.3399999141693115
21-08-2017,2.2100000381469727,2.3299999237060547,360400,2.3399999141693115,2.2200000286102295,2.2200000286102295
22-08-2017,2.190000057220459,2.25,259600,2.3399999141693115,2.3299999237060547,2.3299999237060547
23-08-2017,2.25,2.319999933242798,269100,2.369999885559082,2.3499999046325684,2.3499999046325684
24-08-2017,2.3329999446868896,2.3499999046325684,295800,2.4600000381469727,2.4100000858306885,2.4100000858306885
25-08-2017,2.3499999046325684,2.4200000762939453,253300,2.440000057220459,2.4100000858306885,2.4100000858306885
28-08-2017,2.2799999713897705,2.440000057220459,384100,2.4619998931884766,2.369999885559082,2.369999885559082
29-08-2017,2.319999933242798,2.3399999141693115,264200,2.430000066757202,2.4000000953674316,2.4000000953674316
30-08-2017,2.390000104904175,2.4000000953674316,364300,2.490000009536743,2.440000057220459,2.440000057220459
31-08-2017,2.390000104904175,2.440000057220459,278300,2.4700000286102295,2.4000000953674316,2.4000000953674316
01-09-2017,2.380000114440918,2.4000000953674316,283600,2.4800000190734863,2.4000000953674316,2.4000000953674316
05-09-2017,2.2799999713897705,2.390000104904175,317600,2.430000066757202,2.3399999141693115,2.3399999141693115
06-09-2017,2.299999952316284,2.359999895095825,227000,2.369999885559082,2.3399999141693115,2.3399999141693115
07-09-2017,2.319999933242798,2.3399999141693115,182600,2.4000000953674316,2.369999885559082,2.369999885559082
08-09-2017,2.364000082015991,2.369999885559082,484100,2.559999942779541,2.4800000190734863,2.4800000190734863
11-09-2017,2.4700000286102295,2.5299999713897705,414000,2.630000114440918,2.5999999046325684,2.5999999046325684
12-09-2017,2.569999933242798,2.5899999141693115,785600,2.8299999237060547,2.7899999618530273,2.7899999618530273
13-09-2017,2.61299991607666,2.7799999713897705,635000,2.799999952316284,2.6500000953674316,2.6500000953674316
14-09-2017,2.4700000286102295,2.6500000953674316,325400,2.6500000953674316,2.5199999809265137,2.5199999809265137
15-09-2017,2.4600000381469727,2.5299999713897705,700200,2.549999952316284,2.509999990463257,2.509999990463257
18-09-2017,2.4800000190734863,2.569999933242798,276100,2.5799999237060547,2.509999990463257,2.509999990463257
19-09-2017,2.430000066757202,2.5,285900,2.5199999809265137,2.4700000286102295,2.4700000286102295
20-09-2017,2.4600000381469727,2.5,300100,2.5,2.490000009536743,2.490000009536743
21-09-2017,2.4700000286102295,2.490000009536743,289200,2.6089999675750732,2.5,2.5
22-09-2017,2.4100000858306885,2.5,236800,2.509999990463257,2.4600000381469727,2.4600000381469727
25-09-2017,2.4600000381469727,2.4800000190734863,1603500,2.7200000286102295,2.619999885559082,2.619999885559082
26-09-2017,2.549999952316284,2.680000066757202,538600,2.680000066757202,2.5999999046325684,2.5999999046325684
27-09-2017,2.569999933242798,2.619999885559082,948500,2.880000114440918,2.619999885559082,2.619999885559082
28-09-2017,2.5,2.640000104904175,337700,2.640000104904175,2.5399999618530273,2.5399999618530273
29-09-2017,2.4700000286102295,2.5799999237060547,687500,2.5999999046325684,2.549999952316284,2.549999952316284
02-10-2017,2.509999990463257,2.569999933242798,538600,2.630000114440918,2.5999999046325684,2.5999999046325684
03-10-2017,2.4600000381469727,2.619999885559082,760300,2.630000114440918,2.5,2.5
04-10-2017,2.4600000381469727,2.5199999809265137,371300,2.5399999618530273,2.5,2.5
05-10-2017,2.450000047683716,2.5,359200,2.549999952316284,2.5399999618530273,2.5399999618530273
06-10-2017,2.5299999713897705,2.549999952316284,397600,2.6389999389648438,2.5399999618530273,2.5399999618530273
09-10-2017,2.450000047683716,2.569999933242798,489500,2.5999999046325684,2.4700000286102295,2.4700000286102295
10-10-2017,2.390000104904175,2.4700000286102295,583200,2.549999952316284,2.450000047683716,2.450000047683716
11-10-2017,2.3499999046325684,2.4600000381469727,1485500,2.4700000286102295,2.369999885559082,2.369999885559082
12-10-2017,1.840000033378601,2.0,3936600,2.1500000953674316,1.9700000286102295,1.9700000286102295
13-10-2017,1.9800000190734863,2.009999990463257,870400,2.194999933242798,2.190000057220459,2.190000057220459
16-10-2017,2.0199999809265137,2.0799999237060547,900400,2.180000066757202,2.130000114440918,2.130000114440918
17-10-2017,1.8300000429153442,2.0999999046325684,1940800,2.0999999046325684,1.840000033378601,1.840000033378601
18-10-2017,1.75,1.8600000143051147,755800,1.899999976158142,1.8300000429153442,1.8300000429153442
19-10-2017,1.5700000524520874,1.8300000429153442,1788100,1.8300000429153442,1.659999966621399,1.659999966621399
20-10-2017,1.600000023841858,1.690000057220459,742900,1.7599999904632568,1.7599999904632568,1.7599999904632568
23-10-2017,1.5800000429153442,1.7599999904632568,977500,1.7599999904632568,1.600000023841858,1.600000023841858
24-10-2017,1.5099999904632568,1.590000033378601,582500,1.6200000047683716,1.5399999618530273,1.5399999618530273
25-10-2017,1.4500000476837158,1.5199999809265137,534600,1.5499999523162842,1.4700000286102295,1.4700000286102295
26-10-2017,1.4299999475479126,1.5499999523162842,1499100,1.649999976158142,1.5499999523162842,1.5499999523162842
27-10-2017,1.4800000190734863,1.590000033378601,761700,1.590000033378601,1.5399999618530273,1.5399999618530273
30-10-2017,1.4500000476837158,1.5299999713897705,552000,1.5800000429153442,1.4500000476837158,1.4500000476837158
31-10-2017,1.3799999952316284,1.4500000476837158,1089300,1.5499999523162842,1.5,1.5
01-11-2017,1.440000057220459,1.5099999904632568,458800,1.5199999809265137,1.440000057220459,1.440000057220459
02-11-2017,1.4199999570846558,1.4800000190734863,418500,1.5399999618530273,1.4700000286102295,1.4700000286102295
03-11-2017,1.399999976158142,1.4600000381469727,644100,1.4900000095367432,1.4800000190734863,1.4800000190734863
06-11-2017,1.440000057220459,1.5,885600,1.5399999618530273,1.5,1.5
07-11-2017,1.350000023841858,1.3899999856948853,1550900,1.5,1.4800000190734863,1.4800000190734863
08-11-2017,1.440000057220459,1.4600000381469727,734600,1.4900000095367432,1.4600000381469727,1.4600000381469727
09-11-2017,1.4299999475479126,1.4299999475479126,2001400,1.7200000286102295,1.7000000476837158,1.7000000476837158
10-11-2017,1.649999976158142,1.7300000190734863,1278800,1.840000033378601,1.7799999713897705,1.7799999713897705
13-11-2017,1.5499999523162842,1.7799999713897705,1284500,1.7899999618530273,1.5700000524520874,1.5700000524520874
14-11-2017,1.4800000190734863,1.5499999523162842,395200,1.590000033378601,1.5299999713897705,1.5299999713897705
15-11-2017,1.4299999475479126,1.5199999809265137,499800,1.5299999713897705,1.4900000095367432,1.4900000095367432
16-11-2017,1.5,1.5,576800,1.7000000476837158,1.649999976158142,1.649999976158142
17-11-2017,1.649999976158142,1.659999966621399,527200,1.7599999904632568,1.7100000381469727,1.7100000381469727
20-11-2017,1.6799999475479126,1.7300000190734863,573500,1.7799999713897705,1.7400000095367432,1.7400000095367432
21-11-2017,1.7400000095367432,1.7699999809265137,618300,1.850000023841858,1.840000033378601,1.840000033378601
22-11-2017,1.659999966621399,1.8700000047683716,604500,1.8700000047683716,1.6799999475479126,1.6799999475479126
24-11-2017,1.6699999570846558,1.690000057220459,267900,1.7699999809265137,1.7699999809265137,1.7699999809265137
27-11-2017,1.600000023841858,1.7400000095367432,965800,1.7400000095367432,1.6299999952316284,1.6299999952316284
28-11-2017,1.6200000047683716,1.649999976158142,468500,1.75,1.6799999475479126,1.6799999475479126
29-11-2017,1.6399999856948853,1.7000000476837158,520400,1.7699999809265137,1.659999966621399,1.659999966621399
30-11-2017,1.6299999952316284,1.6699999570846558,702500,1.7100000381469727,1.659999966621399,1.659999966621399
01-12-2017,1.600000023841858,1.649999976158142,559500,1.690000057220459,1.649999976158142,1.649999976158142
04-12-2017,1.5099999904632568,1.649999976158142,929900,1.6799999475479126,1.5499999523162842,1.5499999523162842
05-12-2017,1.4500000476837158,1.5700000524520874,1501800,1.590000033378601,1.4600000381469727,1.4600000381469727
06-12-2017,1.3899999856948853,1.4600000381469727,1427200,1.4800000190734863,1.399999976158142,1.399999976158142
07-12-2017,1.3799999952316284,1.399999976158142,1085800,1.5499999523162842,1.4299999475479126,1.4299999475479126
08-12-2017,1.4500000476837158,1.4500000476837158,501000,1.5800000429153442,1.5199999809265137,1.5199999809265137
11-12-2017,1.5010000467300415,1.5099999904632568,841400,1.690000057220459,1.6799999475479126,1.6799999475479126
12-12-2017,1.5,1.6799999475479126,802600,1.6799999475479126,1.559999942779541,1.559999942779541
13-12-2017,1.5099999904632568,1.5399999618530273,684600,1.6399999856948853,1.559999942779541,1.559999942779541
14-12-2017,1.5399999618530273,1.559999942779541,640500,1.6299999952316284,1.559999942779541,1.559999942779541
15-12-2017,1.5399999618530273,1.559999942779541,1848800,1.649999976158142,1.649999976158142,1.649999976158142
18-12-2017,1.600000023841858,1.6799999475479126,428600,1.6799999475479126,1.6200000047683716,1.6200000047683716
19-12-2017,1.559999942779541,1.6100000143051147,310700,1.6399999856948853,1.5700000524520874,1.5700000524520874
20-12-2017,1.5499999523162842,1.5800000429153442,449700,1.6490000486373901,1.5800000429153442,1.5800000429153442
21-12-2017,1.5700000524520874,1.5700000524520874,519300,1.6200000047683716,1.590000033378601,1.590000033378601
22-12-2017,1.5579999685287476,1.559999942779541,520800,1.6299999952316284,1.6100000143051147,1.6100000143051147
26-12-2017,1.600000023841858,1.600000023841858,772000,1.6699999570846558,1.649999976158142,1.649999976158142
27-12-2017,1.649999976158142,1.659999966621399,780600,1.7599999904632568,1.7300000190734863,1.7300000190734863
28-12-2017,1.649999976158142,1.7200000286102295,444200,1.75,1.7000000476837158,1.7000000476837158
29-12-2017,1.593999981880188,1.7000000476837158,733800,1.7200000286102295,1.600000023841858,1.600000023841858
02-01-2018,1.5700000524520874,1.6399999856948853,1743500,1.899999976158142,1.7999999523162842,1.7999999523162842
03-01-2018,1.8700000047683716,2.1500000953674316,7469800,2.1700000762939453,2.009999990463257,2.009999990463257
04-01-2018,1.8300000429153442,1.9900000095367432,2406400,2.069999933242798,2.009999990463257,2.009999990463257
05-01-2018,1.9600000381469727,1.9900000095367432,1066100,2.059999942779541,2.0199999809265137,2.0199999809265137
08-01-2018,1.7400000095367432,2.009999990463257,1978200,2.0230000019073486,1.7599999904632568,1.7599999904632568
09-01-2018,1.6799999475479126,1.75,733800,1.7599999904632568,1.75,1.75
10-01-2018,1.694000005722046,1.7300000190734863,964400,1.8300000429153442,1.7599999904632568,1.7599999904632568
11-01-2018,1.7300000190734863,1.7799999713897705,591200,1.809999942779541,1.7899999618530273,1.7899999618530273
12-01-2018,1.75,1.8200000524520874,600000,1.8250000476837158,1.75,1.75
16-01-2018,1.690000057220459,1.7799999713897705,622100,1.7799999713897705,1.7200000286102295,1.7200000286102295
17-01-2018,1.7000000476837158,1.7300000190734863,514700,1.7599999904632568,1.7300000190734863,1.7300000190734863
18-01-2018,1.7000000476837158,1.7300000190734863,211400,1.75,1.7300000190734863,1.7300000190734863
19-01-2018,1.7000000476837158,1.7000000476837158,445400,1.75,1.75,1.75
22-01-2018,1.7000000476837158,1.75,835700,1.7999999523162842,1.75,1.75
23-01-2018,1.7200000286102295,1.75,547600,1.7799999713897705,1.7699999809265137,1.7699999809265137
24-01-2018,1.75,1.7699999809265137,408400,1.7999999523162842,1.7799999713897705,1.7799999713897705
25-01-2018,1.7200000286102295,1.7999999523162842,528900,1.7999999523162842,1.7300000190734863,1.7300000190734863
26-01-2018,1.6699999570846558,1.7300000190734863,437100,1.7400000095367432,1.6799999475479126,1.6799999475479126
29-01-2018,1.6799999475479126,1.690000057220459,480300,1.7699999809265137,1.7400000095367432,1.7400000095367432
30-01-2018,1.690000057220459,1.7100000381469727,308400,1.7599999904632568,1.7300000190734863,1.7300000190734863
31-01-2018,1.6200000047683716,1.7400000095367432,553200,1.7400000095367432,1.6299999952316284,1.6299999952316284
01-02-2018,1.600000023841858,1.6399999856948853,268900,1.659999966621399,1.6100000143051147,1.6100000143051147
02-02-2018,1.5299999713897705,1.600000023841858,602800,1.6100000143051147,1.559999942779541,1.559999942779541
05-02-2018,1.5099999904632568,1.5499999523162842,667000,1.649999976158142,1.5199999809265137,1.5199999809265137
06-02-2018,1.5,1.5,404900,1.590000033378601,1.5399999618530273,1.5399999618530273
07-02-2018,1.5199999809265137,1.5499999523162842,310900,1.6200000047683716,1.5800000429153442,1.5800000429153442
08-02-2018,1.5099999904632568,1.5800000429153442,351200,1.6299999952316284,1.5099999904632568,1.5099999904632568
09-02-2018,1.340000033378601,1.5099999904632568,1798100,1.6399999856948853,1.6299999952316284,1.6299999952316284
12-02-2018,1.6799999475479126,1.690000057220459,1022200,1.7599999904632568,1.75,1.75
13-02-2018,1.690000057220459,1.7400000095367432,398100,1.75,1.7000000476837158,1.7000000476837158
14-02-2018,1.6349999904632568,1.690000057220459,332000,1.7100000381469727,1.7000000476837158,1.7000000476837158
15-02-2018,1.649999976158142,1.7100000381469727,508700,1.7599999904632568,1.690000057220459,1.690000057220459
16-02-2018,1.6799999475479126,1.7000000476837158,341600,1.7400000095367432,1.684999942779541,1.684999942779541
20-02-2018,1.6299999952316284,1.7000000476837158,524900,1.7100000381469727,1.6399999856948853,1.6399999856948853
21-02-2018,1.6100000143051147,1.659999966621399,372100,1.6799999475479126,1.6399999856948853,1.6399999856948853
22-02-2018,1.600000023841858,1.6699999570846558,370800,1.6799999475479126,1.6299999952316284,1.6299999952316284
23-02-2018,1.6449999809265137,1.690000057220459,1190500,1.7599999904632568,1.7200000286102295,1.7200000286102295
26-02-2018,1.7100000381469727,1.7599999904632568,609300,1.7699999809265137,1.75,1.75
27-02-2018,1.75,1.7599999904632568,1454100,1.899999976158142,1.7899999618530273,1.7899999618530273
28-02-2018,1.7799999713897705,1.8600000143051147,829300,1.8600000143051147,1.7899999618530273,1.7899999618530273
01-03-2018,1.7200000286102295,1.7899999618530273,1519200,1.8600000143051147,1.75,1.75
02-03-2018,1.75,1.75,616500,1.850000023841858,1.850000023841858,1.850000023841858
05-03-2018,1.909999966621399,1.9800000190734863,1057400,2.0,1.9299999475479126,1.9299999475479126
06-03-2018,1.9450000524520874,1.9900000095367432,1491100,2.059999942779541,2.0199999809265137,2.0199999809265137
07-03-2018,1.7200000286102295,2.059999942779541,1615500,2.059999942779541,1.8799999952316284,1.8799999952316284
08-03-2018,1.899999976158142,1.9199999570846558,1454800,2.109999895095825,2.059999942779541,2.059999942779541
09-03-2018,1.8799999952316284,2.049999952316284,1428100,2.0899999141693115,1.9800000190734863,1.9800000190734863
12-03-2018,1.909999966621399,1.9700000286102295,840900,2.0,1.9199999570846558,1.9199999570846558
13-03-2018,1.909999966621399,1.9700000286102295,580100,2.0,1.9199999570846558,1.9199999570846558
14-03-2018,1.8300000429153442,1.9299999475479126,798900,1.9900000095367432,1.850000023841858,1.850000023841858
15-03-2018,1.8200000524520874,1.840000033378601,539200,1.899999976158142,1.8799999952316284,1.8799999952316284
16-03-2018,1.7999999523162842,1.8700000047683716,531900,1.899999976158142,1.840000033378601,1.840000033378601
19-03-2018,1.7400000095367432,1.8200000524520874,475800,1.850000023841858,1.7699999809265137,1.7699999809265137
20-03-2018,1.7200000286102295,1.7599999904632568,340900,1.840000033378601,1.7400000095367432,1.7400000095367432
21-03-2018,1.75,1.7699999809265137,548300,1.8200000524520874,1.7899999618530273,1.7899999618530273
22-03-2018,1.7599999904632568,1.7899999618530273,693000,1.840000033378601,1.7699999809265137,1.7699999809265137
23-03-2018,1.7050000429153442,1.7799999713897705,628800,1.8049999475479126,1.7200000286102295,1.7200000286102295
26-03-2018,1.690000057220459,1.7400000095367432,661200,1.847000002861023,1.7599999904632568,1.7599999904632568
27-03-2018,1.7100000381469727,1.7799999713897705,481800,1.7899999618530273,1.7200000286102295,1.7200000286102295
28-03-2018,1.6699999570846558,1.75,557500,1.7799999713897705,1.7100000381469727,1.7100000381469727
29-03-2018,1.6349999904632568,1.7300000190734863,707200,1.7300000190734863,1.6399999856948853,1.6399999856948853
02-04-2018,1.5199999809265137,1.6299999952316284,965300,1.659999966621399,1.5399999618530273,1.5399999618530273
03-04-2018,1.4800000190734863,1.5800000429153442,1276500,1.6200000047683716,1.5299999713897705,1.5299999713897705
04-04-2018,1.5,1.5199999809265137,643200,1.6100000143051147,1.600000023841858,1.600000023841858
05-04-2018,1.5800000429153442,1.6299999952316284,760800,1.7000000476837158,1.659999966621399,1.659999966621399
06-04-2018,1.5800000429153442,1.649999976158142,825200,1.690000057220459,1.6299999952316284,1.6299999952316284
09-04-2018,1.6299999952316284,1.659999966621399,554700,1.75,1.6699999570846558,1.6699999570846558
10-04-2018,1.649999976158142,1.690000057220459,689200,1.7400000095367432,1.7000000476837158,1.7000000476837158
11-04-2018,1.6699999570846558,1.7000000476837158,414800,1.75,1.7300000190734863,1.7300000190734863
12-04-2018,1.5299999713897705,1.7300000190734863,943500,1.7300000190734863,1.659999966621399,1.659999966621399
13-04-2018,1.6100000143051147,1.659999966621399,438300,1.690000057220459,1.6100000143051147,1.6100000143051147
16-04-2018,1.5499999523162842,1.6299999952316284,726700,1.6299999952316284,1.559999942779541,1.559999942779541
17-04-2018,1.5499999523162842,1.590000033378601,1073500,1.7100000381469727,1.6699999570846558,1.6699999570846558
18-04-2018,1.7100000381469727,1.7300000190734863,930800,1.7699999809265137,1.75,1.75
19-04-2018,1.7300000190734863,1.75,726200,1.8200000524520874,1.75,1.75
20-04-2018,1.7100000381469727,1.75,333500,1.75,1.7300000190734863,1.7300000190734863
23-04-2018,1.649999976158142,1.7300000190734863,511600,1.7400000095367432,1.7200000286102295,1.7200000286102295
24-04-2018,1.6699999570846558,1.7200000286102295,301500,1.7300000190734863,1.690000057220459,1.690000057220459
25-04-2018,1.659999966621399,1.7100000381469727,264600,1.7350000143051147,1.7100000381469727,1.7100000381469727
26-04-2018,1.7000000476837158,1.7200000286102295,293200,1.75,1.7300000190734863,1.7300000190734863
27-04-2018,1.75,1.7999999523162842,701400,1.8899999856948853,1.8600000143051147,1.8600000143051147
30-04-2018,1.850000023841858,1.909999966621399,987700,1.9600000381469727,1.8600000143051147,1.8600000143051147
01-05-2018,1.75,1.8600000143051147,325200,1.8639999628067017,1.809999942779541,1.809999942779541
02-05-2018,1.940000057220459,1.9500000476837158,2978400,2.109999895095825,2.069999933242798,2.069999933242798
03-05-2018,2.0799999237060547,2.130000114440918,2334400,2.299999952316284,2.119999885559082,2.119999885559082
04-05-2018,2.0810000896453857,2.0999999046325684,1668500,2.2799999713897705,2.240000009536743,2.240000009536743
07-05-2018,2.0899999141693115,2.299999952316284,1184500,2.299999952316284,2.119999885559082,2.119999885559082
08-05-2018,1.9700000286102295,2.0999999046325684,946000,2.109999895095825,2.0,2.0
09-05-2018,1.9600000381469727,2.0,655000,2.0899999141693115,1.9800000190734863,1.9800000190734863
10-05-2018,1.8600000143051147,1.9800000190734863,653800,1.9900000095367432,1.899999976158142,1.899999976158142
11-05-2018,1.8700000047683716,1.8899999856948853,396700,1.9500000476837158,1.9199999570846558,1.9199999570846558
14-05-2018,1.8899999856948853,1.9299999475479126,947100,2.0299999713897705,2.0199999809265137,2.0199999809265137
15-05-2018,1.9299999475479126,2.0199999809265137,1267300,2.0299999713897705,1.9500000476837158,1.9500000476837158
16-05-2018,1.8200000524520874,1.9500000476837158,1000300,1.9700000286102295,1.840000033378601,1.840000033378601
17-05-2018,1.7799999713897705,1.8300000429153442,1045300,1.9199999570846558,1.8300000429153442,1.8300000429153442
18-05-2018,1.7999999523162842,1.8300000429153442,677700,1.8600000143051147,1.8200000524520874,1.8200000524520874
21-05-2018,1.7599999904632568,1.840000033378601,352300,1.850000023841858,1.7799999713897705,1.7799999713897705
22-05-2018,1.7300000190734863,1.7799999713897705,735600,1.7899999618530273,1.7400000095367432,1.7400000095367432
23-05-2018,1.7200000286102295,1.75,553000,1.7699999809265137,1.75,1.75
24-05-2018,1.7000000476837158,1.75,498200,1.7599999904632568,1.7200000286102295,1.7200000286102295
25-05-2018,1.7200000286102295,1.7300000190734863,407800,1.7599999904632568,1.7400000095367432,1.7400000095367432
29-05-2018,1.7400000095367432,1.809999942779541,557500,1.809999942779541,1.75,1.75
30-05-2018,1.7400000095367432,1.7400000095367432,868300,1.8799999952316284,1.809999942779541,1.809999942779541
31-05-2018,1.8200000524520874,1.8200000524520874,760300,1.8799999952316284,1.8700000047683716,1.8700000047683716
01-06-2018,1.7899999618530273,1.8899999856948853,1500500,1.9299999475479126,1.7999999523162842,1.7999999523162842
04-06-2018,1.75,1.8200000524520874,645400,1.8200000524520874,1.7899999618530273,1.7899999618530273
05-06-2018,1.7200000286102295,1.7999999523162842,978900,1.8200000524520874,1.7899999618530273,1.7899999618530273
06-06-2018,1.7799999713897705,1.809999942779541,1017000,1.899999976158142,1.8700000047683716,1.8700000047683716
07-06-2018,1.7599999904632568,1.8799999952316284,715700,1.9199999570846558,1.7999999523162842,1.7999999523162842
08-06-2018,1.75,1.7999999523162842,1018400,1.8170000314712524,1.7699999809265137,1.7699999809265137
11-06-2018,1.7599999904632568,1.7799999713897705,545700,1.809999942779541,1.7899999618530273,1.7899999618530273
12-06-2018,1.75,1.7799999713897705,812700,1.8200000524520874,1.7799999713897705,1.7799999713897705
13-06-2018,1.7699999809265137,1.7799999713897705,753800,1.8200000524520874,1.7999999523162842,1.7999999523162842
14-06-2018,1.7400000095367432,1.7999999523162842,955800,1.809999942779541,1.7400000095367432,1.7400000095367432
15-06-2018,1.7300000190734863,1.7699999809265137,1353100,1.809999942779541,1.75,1.75
18-06-2018,1.649999976158142,1.7400000095367432,1318400,1.7400000095367432,1.690000057220459,1.690000057220459
19-06-2018,1.6200000047683716,1.690000057220459,974200,1.7000000476837158,1.690000057220459,1.690000057220459
20-06-2018,1.6799999475479126,1.7000000476837158,1102600,1.7300000190734863,1.7000000476837158,1.7000000476837158
21-06-2018,1.6200000047683716,1.7100000381469727,984200,1.7300000190734863,1.6699999570846558,1.6699999570846558
22-06-2018,1.6100000143051147,1.6699999570846558,6834100,1.680999994277954,1.6299999952316284,1.6299999952316284
25-06-2018,1.5700000524520874,1.6299999952316284,1178400,1.649999976158142,1.5800000429153442,1.5800000429153442
26-06-2018,1.5099999904632568,1.5700000524520874,1044100,1.5800000429153442,1.5499999523162842,1.5499999523162842
27-06-2018,1.4800000190734863,1.5499999523162842,1113100,1.5700000524520874,1.4900000095367432,1.4900000095367432
28-06-2018,1.4800000190734863,1.5,967100,1.5290000438690186,1.5,1.5
29-06-2018,1.409999966621399,1.5499999523162842,1930300,1.5499999523162842,1.440000057220459,1.440000057220459
02-07-2018,1.3700000047683716,1.440000057220459,1729600,1.5299999713897705,1.5,1.5
03-07-2018,1.4600000381469727,1.5,1116200,1.600000023841858,1.5399999618530273,1.5399999618530273
05-07-2018,1.4900000095367432,1.5399999618530273,634000,1.5499999523162842,1.5,1.5
06-07-2018,1.4800000190734863,1.5,895100,1.5099999904632568,1.4900000095367432,1.4900000095367432
09-07-2018,1.4600000381469727,1.5,645700,1.5299999713897705,1.4900000095367432,1.4900000095367432
10-07-2018,1.4900000095367432,1.5,1781500,1.5099999904632568,1.4900000095367432,1.4900000095367432
11-07-2018,1.4800000190734863,1.5,2275100,1.6100000143051147,1.5,1.5
12-07-2018,1.4800000190734863,1.5,1091600,1.5399999618530273,1.4900000095367432,1.4900000095367432
13-07-2018,1.4800000190734863,1.4800000190734863,938800,1.503999948501587,1.5,1.5
16-07-2018,1.4600000381469727,1.5,935900,1.5199999809265137,1.4800000190734863,1.4800000190734863
17-07-2018,1.4600000381469727,1.4800000190734863,471000,1.5,1.4800000190734863,1.4800000190734863
18-07-2018,1.3899999856948853,1.4800000190734863,1356600,1.4850000143051147,1.4299999475479126,1.4299999475479126
19-07-2018,1.4199999570846558,1.4299999475479126,734000,1.4500000476837158,1.4199999570846558,1.4199999570846558
20-07-2018,1.3899999856948853,1.440000057220459,837800,1.440000057220459,1.409999966621399,1.409999966621399
23-07-2018,1.3600000143051147,1.399999976158142,876300,1.4259999990463257,1.3899999856948853,1.3899999856948853
24-07-2018,1.399999976158142,1.399999976158142,1294700,1.4600000381469727,1.409999966621399,1.409999966621399
25-07-2018,1.4199999570846558,1.4299999475479126,1510000,1.4900000095367432,1.4600000381469727,1.4600000381469727
26-07-2018,1.4600000381469727,1.4600000381469727,1455400,1.5099999904632568,1.5,1.5
27-07-2018,1.4299999475479126,1.5299999713897705,2052900,1.5299999713897705,1.4500000476837158,1.4500000476837158
30-07-2018,1.4259999990463257,1.4600000381469727,807800,1.4900000095367432,1.4600000381469727,1.4600000381469727
31-07-2018,1.4509999752044678,1.4700000286102295,1405100,1.5499999523162842,1.5399999618530273,1.5399999618530273
01-08-2018,1.4700000286102295,1.5299999713897705,1323700,1.5800000429153442,1.4800000190734863,1.4800000190734863
02-08-2018,1.4500000476837158,1.5099999904632568,759700,1.5149999856948853,1.4800000190734863,1.4800000190734863
03-08-2018,1.4800000190734863,1.4800000190734863,2471600,1.649999976158142,1.6299999952316284,1.6299999952316284
06-08-2018,1.5800000429153442,1.6399999856948853,848100,1.649999976158142,1.590000033378601,1.590000033378601
07-08-2018,1.5800000429153442,1.600000023841858,1047600,1.6399999856948853,1.6100000143051147,1.6100000143051147
08-08-2018,1.5399999618530273,1.600000023841858,994100,1.6299999952316284,1.559999942779541,1.559999942779541
09-08-2018,1.5499999523162842,1.559999942779541,677900,1.6299999952316284,1.6100000143051147,1.6100000143051147
10-08-2018,1.559999942779541,1.600000023841858,1417000,1.6699999570846558,1.6299999952316284,1.6299999952316284
13-08-2018,1.600000023841858,1.649999976158142,1493400,1.6799999475479126,1.6200000047683716,1.6200000047683716
14-08-2018,1.5700000524520874,1.6299999952316284,714400,1.6399999856948853,1.600000023841858,1.600000023841858
15-08-2018,1.559999942779541,1.6100000143051147,988100,1.61899995803833,1.5700000524520874,1.5700000524520874
16-08-2018,1.5499999523162842,1.5700000524520874,685600,1.6100000143051147,1.6100000143051147,1.6100000143051147
17-08-2018,1.5499999523162842,1.6100000143051147,753800,1.6180000305175781,1.5700000524520874,1.5700000524520874
20-08-2018,1.5099999904632568,1.590000033378601,821500,1.590000033378601,1.5499999523162842,1.5499999523162842
21-08-2018,1.5499999523162842,1.5499999523162842,452400,1.590000033378601,1.5700000524520874,1.5700000524520874
22-08-2018,1.5499999523162842,1.5499999523162842,649400,1.600000023841858,1.5700000524520874,1.5700000524520874
23-08-2018,1.5099999904632568,1.590000033378601,954200,1.590000033378601,1.5299999713897705,1.5299999713897705
24-08-2018,1.5199999809265137,1.5399999618530273,600700,1.5700000524520874,1.5700000524520874,1.5700000524520874
27-08-2018,1.5700000524520874,1.600000023841858,912700,1.6200000047683716,1.600000023841858,1.600000023841858
28-08-2018,1.5700000524520874,1.600000023841858,837900,1.6100000143051147,1.5800000429153442,1.5800000429153442
29-08-2018,1.5700000524520874,1.590000033378601,784200,1.6200000047683716,1.5700000524520874,1.5700000524520874
30-08-2018,1.5800000429153442,1.600000023841858,2943500,1.7200000286102295,1.7100000381469727,1.7100000381469727
31-08-2018,1.7200000286102295,1.7300000190734863,2789800,1.840000033378601,1.7999999523162842,1.7999999523162842
04-09-2018,1.75,1.8600000143051147,2154100,1.8799999952316284,1.7899999618530273,1.7899999618530273
05-09-2018,1.75,1.7899999618530273,1553000,1.8300000429153442,1.7699999809265137,1.7699999809265137
06-09-2018,1.7000000476837158,1.7699999809265137,1110400,1.7699999809265137,1.7100000381469727,1.7100000381469727
07-09-2018,1.6200000047683716,1.7100000381469727,1779600,1.7300000190734863,1.690000057220459,1.690000057220459
10-09-2018,1.690000057220459,1.75,1549300,1.7799999713897705,1.7100000381469727,1.7100000381469727
11-09-2018,1.6299999952316284,1.7400000095367432,1252800,1.7400000095367432,1.6399999856948853,1.6399999856948853
12-09-2018,1.5950000286102295,1.6399999856948853,1788400,1.690000057220459,1.6699999570846558,1.6699999570846558
13-09-2018,1.600000023841858,1.6799999475479126,1318800,1.7000000476837158,1.600000023841858,1.600000023841858
14-09-2018,1.590000033378601,1.6200000047683716,805700,1.6299999952316284,1.600000023841858,1.600000023841858
17-09-2018,1.590000033378601,1.6200000047683716,2095800,1.6699999570846558,1.6200000047683716,1.6200000047683716
18-09-2018,1.6299999952316284,1.6299999952316284,1238100,1.6699999570846558,1.649999976158142,1.649999976158142
19-09-2018,1.6299999952316284,1.659999966621399,1653800,1.7100000381469727,1.6299999952316284,1.6299999952316284
20-09-2018,1.6299999952316284,1.659999966621399,2105000,1.7000000476837158,1.6399999856948853,1.6399999856948853
21-09-2018,1.6299999952316284,1.659999966621399,2549900,1.7200000286102295,1.7200000286102295,1.7200000286102295
24-09-2018,1.7000000476837158,1.7200000286102295,5942100,1.9900000095367432,1.9500000476837158,1.9500000476837158
25-09-2018,2.0,2.0399999618530273,6998200,2.180000066757202,2.119999885559082,2.119999885559082
26-09-2018,2.119999885559082,2.1500000953674316,6366200,2.259999990463257,2.2200000286102295,2.2200000286102295
27-09-2018,2.1600000858306885,2.2300000190734863,4213900,2.2850000858306885,2.25,2.25
28-09-2018,2.0999999046325684,2.2200000286102295,4027700,2.2200000286102295,2.119999885559082,2.119999885559082
01-10-2018,2.140000104904175,2.1600000858306885,4637500,2.380000114440918,2.3499999046325684,2.3499999046325684
02-10-2018,2.430000066757202,2.619999885559082,8759700,2.6700000762939453,2.6600000858306885,2.6600000858306885
03-10-2018,2.9000000953674316,2.9200000762939453,15185400,3.578000068664551,3.4700000286102295,3.4700000286102295
04-10-2018,2.6500000953674316,3.200000047683716,13551600,3.299999952316284,3.059999942779541,3.059999942779541
05-10-2018,2.950000047683716,3.130000114440918,7118500,3.440000057220459,3.109999895095825,3.109999895095825
08-10-2018,2.880000114440918,3.119999885559082,5185100,3.1500000953674316,2.9800000190734863,2.9800000190734863
09-10-2018,0.9700000286102295,1.0,40194800,1.4500000476837158,1.0700000524520874,1.0700000524520874
10-10-2018,0.8799999952316284,1.159999966621399,19645200,1.1699999570846558,0.9470000267028809,0.9470000267028809
11-10-2018,0.9470000267028809,0.9470000267028809,3349300,0.9470000267028809,0.9470000267028809,0.9470000267028809
12-10-2018,0.7599999904632568,0.8629999756813049,12783700,0.8899999856948853,0.8799999952316284,0.8799999952316284
15-10-2018,0.824999988079071,0.8899999856948853,5201600,0.9100000262260437,0.8479999899864197,0.8479999899864197
16-10-2018,0.8299999833106995,0.8500000238418579,12052700,1.090000033378601,1.0700000524520874,1.0700000524520874
17-10-2018,0.8799999952316284,1.0099999904632568,6269000,1.0199999809265137,0.902999997138977,0.902999997138977
18-10-2018,0.8500000238418579,0.902999997138977,2658600,0.9179999828338623,0.8629999756813049,0.8629999756813049
19-10-2018,0.7900000214576721,0.8700000047683716,3470100,0.8889999985694885,0.8240000009536743,0.8240000009536743
22-10-2018,0.8050000071525574,0.824999988079071,4631700,0.9589999914169312,0.9279999732971191,0.9279999732971191
23-10-2018,0.8600000143051147,0.8870000243186951,2685300,0.925000011920929,0.9120000004768372,0.9120000004768372
24-10-2018,0.8199999928474426,0.8960000276565552,3163900,0.8989999890327454,0.8199999928474426,0.8199999928474426
25-10-2018,0.8100000023841858,0.8389999866485596,2110900,0.8899999856948853,0.8650000095367432,0.8650000095367432
26-10-2018,0.824999988079071,0.8500000238418579,1623100,0.8799999952316284,0.8479999899864197,0.8479999899864197
29-10-2018,0.7749999761581421,0.8399999737739563,2629900,0.8679999709129333,0.7850000262260437,0.7850000262260437
30-10-2018,0.7900000214576721,0.7900000214576721,1554900,0.8399999737739563,0.8140000104904175,0.8140000104904175
31-10-2018,0.8100000023841858,0.8159999847412109,4439600,0.9459999799728394,0.9139999747276306,0.9139999747276306
01-11-2018,0.8190000057220459,0.9229999780654907,6622700,1.0499999523162842,1.0499999523162842,1.0499999523162842
02-11-2018,0.550000011920929,1.0499999523162842,20901300,1.5,0.7099999785423279,0.7099999785423279
05-11-2018,0.6000000238418579,0.7200000286102295,6836900,0.7300000190734863,0.6650000214576721,0.6650000214576721
06-11-2018,0.5899999737739563,0.6399999856948853,4097100,0.6499999761581421,0.6200000047683716,0.6200000047683716
07-11-2018,0.5910000205039978,0.6000000238418579,2241200,0.6299999952316284,0.6110000014305115,0.6110000014305115
08-11-2018,0.6029999852180481,0.6200000047683716,5595600,0.7120000123977661,0.6389999985694885,0.6389999985694885
09-11-2018,0.6209999918937683,0.628000020980835,1966400,0.6650000214576721,0.6549999713897705,0.6549999713897705
12-11-2018,0.6449999809265137,0.6499999761581421,1797100,0.7099999785423279,0.6679999828338623,0.6679999828338623
13-11-2018,0.6499999761581421,0.6800000071525574,1833500,0.6830000281333923,0.671999990940094,0.671999990940094
14-11-2018,0.6259999871253967,0.6600000262260437,2255000,0.6769999861717224,0.6349999904632568,0.6349999904632568
15-11-2018,0.625,0.6359999775886536,774100,0.656000018119812,0.6420000195503235,0.6420000195503235
16-11-2018,0.6299999952316284,0.6399999856948853,652500,0.6600000262260437,0.6399999856948853,0.6399999856948853
19-11-2018,0.5920000076293945,0.6399999856948853,1123900,0.6600000262260437,0.6039999723434448,0.6039999723434448
20-11-2018,0.5899999737739563,0.6100000143051147,710200,0.6200000047683716,0.6100000143051147,0.6100000143051147
21-11-2018,0.6000000238418579,0.6100000143051147,529500,0.6399999856948853,0.6330000162124634,0.6330000162124634
23-11-2018,0.625,0.6340000033378601,441300,0.6489999890327454,0.6399999856948853,0.6399999856948853
26-11-2018,0.6299999952316284,0.6399999856948853,666000,0.6579999923706055,0.6320000290870667,0.6320000290870667
27-11-2018,0.6000000238418579,0.6330000162124634,809900,0.6399999856948853,0.6010000109672546,0.6010000109672546
28-11-2018,0.6000000238418579,0.6169999837875366,640800,0.6470000147819519,0.6240000128746033,0.6240000128746033
29-11-2018,0.6150000095367432,0.6200000047683716,449400,0.6399999856948853,0.628000020980835,0.628000020980835
30-11-2018,0.625,0.625,659600,0.640999972820282,0.6349999904632568,0.6349999904632568
03-12-2018,0.625,0.625,2146300,0.6990000009536743,0.675000011920929,0.675000011920929
04-12-2018,0.6499999761581421,0.6650000214576721,517800,0.675000011920929,0.6510000228881836,0.6510000228881836
06-12-2018,0.6449999809265137,0.6460000276565552,618900,0.6700000166893005,0.6499999761581421,0.6499999761581421
07-12-2018,0.625,0.6499999761581421,574900,0.6690000295639038,0.6269999742507935,0.6269999742507935
10-12-2018,0.6200000047683716,0.6399999856948853,1118100,0.6700000166893005,0.6480000019073486,0.6480000019073486
11-12-2018,0.6200000047683716,0.6499999761581421,481400,0.6600000262260437,0.6269999742507935,0.6269999742507935
12-12-2018,0.6209999918937683,0.6299999952316284,487800,0.6399999856948853,0.6209999918937683,0.6209999918937683
13-12-2018,0.6000000238418579,0.6200000047683716,716600,0.6299999952316284,0.609000027179718,0.609000027179718
14-12-2018,0.5709999799728394,0.6200000047683716,1490200,0.6299999952316284,0.5809999704360962,0.5809999704360962
17-12-2018,0.550000011920929,0.5799999833106995,936800,0.6000000238418579,0.5600000023841858,0.5600000023841858
18-12-2018,0.5299999713897705,0.5659999847412109,954400,0.5849999785423279,0.5379999876022339,0.5379999876022339
19-12-2018,0.5099999904632568,0.5249999761581421,589000,0.5490000247955322,0.5249999761581421,0.5249999761581421
20-12-2018,0.492000013589859,0.5130000114440918,1178700,0.5249999761581421,0.5070000290870667,0.5070000290870667
21-12-2018,0.38499999046325684,0.5009999871253967,6070200,0.5299999713897705,0.3930000066757202,0.3930000066757202
24-12-2018,0.38199999928474426,0.38999998569488525,863500,0.40400001406669617,0.3889999985694885,0.3889999985694885
26-12-2018,0.38999998569488525,0.39500001072883606,1956300,0.4339999854564667,0.4009999930858612,0.4009999930858612
27-12-2018,0.4009999930858612,0.4009999930858612,777700,0.43799999356269836,0.4099999964237213,0.4099999964237213
28-12-2018,0.4020000100135803,0.4099999964237213,1340400,0.43799999356269836,0.4129999876022339,0.4129999876022339
31-12-2018,0.41999998688697815,0.44999998807907104,1516200,0.4830000102519989,0.4300000071525574,0.4300000071525574
02-01-2019,0.42899999022483826,0.4399999976158142,2872800,0.6050000190734863,0.5460000038146973,0.5460000038146973
03-01-2019,0.5,0.5460000038146973,1706400,0.6000000238418579,0.5220000147819519,0.5220000147819519
04-01-2019,0.531000018119812,0.546999990940094,1410500,0.5899999737739563,0.5669999718666077,0.5669999718666077
07-01-2019,0.5,0.5899999737739563,6849300,0.6230000257492065,0.5410000085830688,0.5410000085830688
08-01-2019,0.5400000214576721,0.5699999928474426,1161700,0.5799999833106995,0.5619999766349792,0.5619999766349792
09-01-2019,0.5609999895095825,0.5789999961853027,875900,0.5870000123977661,0.574999988079071,0.574999988079071
10-01-2019,0.5649999976158142,0.5759999752044678,1213200,0.6100000143051147,0.593999981880188,0.593999981880188
11-01-2019,0.5759999752044678,0.6000000238418579,1233100,0.6100000143051147,0.5899999737739563,0.5899999737739563
14-01-2019,0.5370000004768372,0.5889999866485596,990900,0.5899999737739563,0.5389999747276306,0.5389999747276306
15-01-2019,0.49300000071525574,0.5440000295639038,1949400,0.5619999766349792,0.5099999904632568,0.5099999904632568
16-01-2019,0.515999972820282,0.5199999809265137,721700,0.5600000023841858,0.5490000247955322,0.5490000247955322
17-01-2019,0.5400000214576721,0.5450000166893005,846000,0.5799999833106995,0.5550000071525574,0.5550000071525574
18-01-2019,0.5460000038146973,0.5690000057220459,674900,0.5720000267028809,0.546999990940094,0.546999990940094
22-01-2019,0.5299999713897705,0.5559999942779541,539000,0.5699999928474426,0.531000018119812,0.531000018119812
23-01-2019,0.5090000033378601,0.5400000214576721,759700,0.546999990940094,0.5199999809265137,0.5199999809265137
24-01-2019,0.5049999952316284,0.5199999809265137,649900,0.5400000214576721,0.5329999923706055,0.5329999923706055
25-01-2019,0.5199999809265137,0.5299999713897705,645600,0.5550000071525574,0.5410000085830688,0.5410000085830688
28-01-2019,0.6600000262260437,0.6880000233650208,36976200,1.2000000476837158,1.190000057220459,1.190000057220459
29-01-2019,1.0700000524520874,1.1799999475479126,27384000,1.4500000476837158,1.2699999809265137,1.2699999809265137
30-01-2019,1.0800000429153442,1.1100000143051147,15218400,1.2000000476837158,1.1200000047683716,1.1200000047683716
31-01-2019,1.0499999523162842,1.1100000143051147,4125400,1.1299999952316284,1.0700000524520874,1.0700000524520874
01-02-2019,0.9610000252723694,1.0499999523162842,4158000,1.059999942779541,1.0099999904632568,1.0099999904632568
04-02-2019,1.0099999904632568,1.0299999713897705,3590400,1.1399999856948853,1.1200000047683716,1.1200000047683716
05-02-2019,1.1699999570846558,1.190000057220459,10541700,1.399999976158142,1.350000023841858,1.350000023841858
06-02-2019,1.2999999523162842,1.5,19691800,1.75,1.350000023841858,1.350000023841858
07-02-2019,1.2799999713897705,1.409999966621399,4606100,1.4500000476837158,1.409999966621399,1.409999966621399
08-02-2019,1.350000023841858,1.399999976158142,2637600,1.4299999475479126,1.409999966621399,1.409999966621399
11-02-2019,1.4500000476837158,1.4700000286102295,4354300,1.5700000524520874,1.5,1.5
12-02-2019,1.5,1.6100000143051147,5329300,1.6299999952316284,1.5800000429153442,1.5800000429153442
13-02-2019,1.4500000476837158,1.5499999523162842,3583600,1.5499999523162842,1.4900000095367432,1.4900000095367432
14-02-2019,1.3799999952316284,1.4500000476837158,3371400,1.590000033378601,1.5499999523162842,1.5499999523162842
15-02-2019,1.4800000190734863,1.5399999618530273,2519700,1.5499999523162842,1.5399999618530273,1.5399999618530273
19-02-2019,1.4500000476837158,1.559999942779541,2736800,1.5609999895095825,1.4900000095367432,1.4900000095367432
20-02-2019,1.3899999856948853,1.4800000190734863,2894600,1.4900000095367432,1.4199999570846558,1.4199999570846558
21-02-2019,1.350000023841858,1.399999976158142,2119200,1.409999966621399,1.3899999856948853,1.3899999856948853
22-02-2019,1.350000023841858,1.3899999856948853,2582700,1.4700000286102295,1.4700000286102295,1.4700000286102295
25-02-2019,1.4199999570846558,1.4900000095367432,1552000,1.5299999713897705,1.4299999475479126,1.4299999475479126
26-02-2019,1.409999966621399,1.4299999475479126,1642200,1.4800000190734863,1.4199999570846558,1.4199999570846558
27-02-2019,1.3700000047683716,1.409999966621399,1203100,1.4299999475479126,1.4199999570846558,1.4199999570846558
28-02-2019,1.2699999809265137,1.409999966621399,3798700,1.409999966621399,1.3200000524520874,1.3200000524520874
01-03-2019,1.2999999523162842,1.340000033378601,1531800,1.3600000143051147,1.3600000143051147,1.3600000143051147
04-03-2019,1.3799999952316284,1.399999976158142,2880200,1.5,1.5,1.5
05-03-2019,1.4700000286102295,1.5199999809265137,1832800,1.5399999618530273,1.5299999713897705,1.5299999713897705
06-03-2019,1.4500000476837158,1.5299999713897705,1910500,1.5299999713897705,1.4800000190734863,1.4800000190734863
07-03-2019,1.4299999475479126,1.4800000190734863,2205000,1.5,1.4900000095367432,1.4900000095367432
08-03-2019,1.2999999523162842,1.2999999523162842,2503300,1.444000005722046,1.409999966621399,1.409999966621399
11-03-2019,1.399999976158142,1.440000057220459,1500100,1.4900000095367432,1.4500000476837158,1.4500000476837158
12-03-2019,1.3799999952316284,1.4800000190734863,1984300,1.4800000190734863,1.4700000286102295,1.4700000286102295
13-03-2019,1.3300000429153442,1.399999976158142,2747900,1.4450000524520874,1.4299999475479126,1.4299999475479126
14-03-2019,1.3700000047683716,1.399999976158142,1545900,1.4600000381469727,1.4600000381469727,1.4600000381469727
15-03-2019,1.409999966621399,1.440000057220459,3771600,1.5499999523162842,1.5499999523162842,1.5499999523162842
18-03-2019,1.5499999523162842,1.5499999523162842,2947400,1.690000057220459,1.6699999570846558,1.6699999570846558
19-03-2019,1.6799999475479126,1.690000057220459,6924000,1.940000057220459,1.8799999952316284,1.8799999952316284
20-03-2019,1.7899999618530273,1.899999976158142,4527700,2.0,1.850000023841858,1.850000023841858
21-03-2019,1.659999966621399,1.850000023841858,2903000,1.8569999933242798,1.6799999475479126,1.6799999475479126
22-03-2019,1.6699999570846558,1.6799999475479126,863300,1.7300000190734863,1.7000000476837158,1.7000000476837158
25-03-2019,1.559999942779541,1.7000000476837158,1929400,1.7300000190734863,1.600000023841858,1.600000023841858
26-03-2019,1.5399999618530273,1.6100000143051147,1338200,1.649999976158142,1.5800000429153442,1.5800000429153442
27-03-2019,1.5399999618530273,1.590000033378601,1457200,1.6399999856948853,1.5499999523162842,1.5499999523162842
28-03-2019,1.5,1.559999942779541,1342900,1.5700000524520874,1.559999942779541,1.559999942779541
29-03-2019,1.5399999618530273,1.559999942779541,1153000,1.590000033378601,1.559999942779541,1.559999942779541
01-04-2019,1.5499999523162842,1.559999942779541,1999300,1.7200000286102295,1.600000023841858,1.600000023841858
02-04-2019,1.590000033378601,1.6200000047683716,1354800,1.659999966621399,1.600000023841858,1.600000023841858
03-04-2019,1.559999942779541,1.6100000143051147,970800,1.6130000352859497,1.559999942779541,1.559999942779541
04-04-2019,1.5199999809265137,1.5700000524520874,718000,1.5800000429153442,1.559999942779541,1.559999942779541
05-04-2019,1.5499999523162842,1.5700000524520874,696100,1.5800000429153442,1.5499999523162842,1.5499999523162842
08-04-2019,1.5299999713897705,1.559999942779541,637300,1.5800000429153442,1.5800000429153442,1.5800000429153442
09-04-2019,1.5399999618530273,1.559999942779541,1490000,1.6299999952316284,1.559999942779541,1.559999942779541
10-04-2019,1.5199999809265137,1.559999942779541,998800,1.6100000143051147,1.600000023841858,1.600000023841858
11-04-2019,1.5399999618530273,1.590000033378601,1252600,1.6299999952316284,1.559999942779541,1.559999942779541
12-04-2019,1.4700000286102295,1.559999942779541,1384600,1.559999942779541,1.5199999809265137,1.5199999809265137
15-04-2019,1.4700000286102295,1.5199999809265137,1528700,1.565000057220459,1.5,1.5
16-04-2019,1.4900000095367432,1.5199999809265137,673800,1.559999942779541,1.5299999713897705,1.5299999713897705
17-04-2019,1.4900000095367432,1.5099999904632568,721400,1.5399999618530273,1.5,1.5
18-04-2019,1.4299999475479126,1.4500000476837158,1180700,1.5099999904632568,1.5,1.5
22-04-2019,1.440000057220459,1.4900000095367432,403600,1.5,1.4900000095367432,1.4900000095367432
23-04-2019,1.4500000476837158,1.4800000190734863,900800,1.5049999952316284,1.4600000381469727,1.4600000381469727
24-04-2019,1.440000057220459,1.4600000381469727,841700,1.4900000095367432,1.4700000286102295,1.4700000286102295
25-04-2019,1.4500000476837158,1.4500000476837158,509700,1.4900000095367432,1.4700000286102295,1.4700000286102295
26-04-2019,1.4500000476837158,1.4600000381469727,632400,1.5099999904632568,1.4900000095367432,1.4900000095367432
29-04-2019,1.4800000190734863,1.5099999904632568,872700,1.5299999713897705,1.5099999904632568,1.5099999904632568
30-04-2019,1.4500000476837158,1.5,913500,1.5230000019073486,1.4700000286102295,1.4700000286102295
01-05-2019,1.4199999570846558,1.4700000286102295,442800,1.5,1.4600000381469727,1.4600000381469727
02-05-2019,1.3899999856948853,1.4700000286102295,967800,1.4700000286102295,1.409999966621399,1.409999966621399
03-05-2019,1.406999945640564,1.440000057220459,982700,1.5399999618530273,1.5099999904632568,1.5099999904632568
06-05-2019,1.4700000286102295,1.4800000190734863,922500,1.559999942779541,1.5399999618530273,1.5399999618530273
07-05-2019,1.4600000381469727,1.5399999618530273,795500,1.559999942779541,1.4900000095367432,1.4900000095367432
08-05-2019,1.4600000381469727,1.5,600000,1.5399999618530273,1.4800000190734863,1.4800000190734863
09-05-2019,1.4199999570846558,1.4600000381469727,1509100,1.5499999523162842,1.5499999523162842,1.5499999523162842
10-05-2019,1.5,1.5700000524520874,1808300,1.649999976158142,1.5800000429153442,1.5800000429153442
13-05-2019,1.3700000047683716,1.4900000095367432,2400400,1.5099999904632568,1.409999966621399,1.409999966621399
14-05-2019,1.350000023841858,1.399999976158142,1670700,1.4299999475479126,1.3799999952316284,1.3799999952316284
15-05-2019,1.25,1.3600000143051147,1610900,1.3700000047683716,1.340000033378601,1.340000033378601
16-05-2019,1.3200000524520874,1.3300000429153442,906000,1.3799999952316284,1.340000033378601,1.340000033378601
17-05-2019,1.3200000524520874,1.340000033378601,612900,1.3700000047683716,1.350000023841858,1.350000023841858
20-05-2019,1.2999999523162842,1.3300000429153442,833400,1.3600000143051147,1.309999942779541,1.309999942779541
21-05-2019,1.2599999904632568,1.2899999618530273,689600,1.340000033378601,1.309999942779541,1.309999942779541
22-05-2019,1.2599999904632568,1.2899999618530273,632700,1.3200000524520874,1.2699999809265137,1.2699999809265137
23-05-2019,1.100000023841858,1.2599999904632568,1757200,1.2599999904632568,1.1699999570846558,1.1699999570846558
24-05-2019,1.149999976158142,1.149999976158142,852900,1.2300000190734863,1.2200000286102295,1.2200000286102295
28-05-2019,1.190000057220459,1.2400000095367432,835800,1.2899999618530273,1.190000057220459,1.190000057220459
29-05-2019,1.1679999828338623,1.2000000476837158,808800,1.2300000190734863,1.2100000381469727,1.2100000381469727
30-05-2019,1.1699999570846558,1.2000000476837158,438800,1.2200000286102295,1.190000057220459,1.190000057220459
31-05-2019,1.159999966621399,1.2300000190734863,964000,1.2599999904632568,1.159999966621399,1.159999966621399
03-06-2019,1.1399999856948853,1.1699999570846558,544400,1.190000057220459,1.1699999570846558,1.1699999570846558
04-06-2019,1.059999942779541,1.190000057220459,2255700,1.190000057220459,1.1100000143051147,1.1100000143051147
05-06-2019,1.059999942779541,1.1299999952316284,842400,1.149999976158142,1.100000023841858,1.100000023841858
06-06-2019,1.0099999904632568,1.0800000429153442,1422200,1.0850000381469727,1.0399999618530273,1.0399999618530273
07-06-2019,1.0099999904632568,1.059999942779541,1347300,1.090000033378601,1.0499999523162842,1.0499999523162842
10-06-2019,1.0099999904632568,1.0399999618530273,1034700,1.100000023841858,1.0700000524520874,1.0700000524520874
11-06-2019,1.0499999523162842,1.0800000429153442,361000,1.0800000429153442,1.059999942779541,1.059999942779541
12-06-2019,0.9900000095367432,1.0499999523162842,967700,1.0800000429153442,1.0099999904632568,1.0099999904632568
13-06-2019,1.0,1.0,900800,1.100000023841858,1.0800000429153442,1.0800000429153442
14-06-2019,1.0499999523162842,1.0700000524520874,462000,1.1200000047683716,1.059999942779541,1.059999942779541
17-06-2019,1.059999942779541,1.059999942779541,531900,1.1299999952316284,1.1100000143051147,1.1100000143051147
18-06-2019,1.100000023841858,1.1200000047683716,531900,1.149999976158142,1.1100000143051147,1.1100000143051147
19-06-2019,1.090000033378601,1.100000023841858,563900,1.149999976158142,1.1299999952316284,1.1299999952316284
20-06-2019,1.0499999523162842,1.159999966621399,1888900,1.2300000190734863,1.0499999523162842,1.0499999523162842
21-06-2019,0.9900000095367432,1.0700000524520874,1337100,1.0700000524520874,1.0099999904632568,1.0099999904632568
24-06-2019,0.8880000114440918,1.0199999809265137,2159100,1.0399999618530273,0.9399999976158142,0.9399999976158142
25-06-2019,0.9309999942779541,0.9449999928474426,429800,0.9800000190734863,0.9599999785423279,0.9599999785423279
26-06-2019,0.9399999976158142,0.9660000205039978,857800,1.0099999904632568,0.9900000095367432,0.9900000095367432
27-06-2019,0.9800000190734863,0.9900000095367432,405700,1.0299999713897705,1.0199999809265137,1.0199999809265137
28-06-2019,0.9990000128746033,1.0199999809265137,554700,1.0499999523162842,1.0299999713897705,1.0299999713897705
01-07-2019,1.0299999713897705,1.059999942779541,473500,1.100000023841858,1.0399999618530273,1.0399999618530273
02-07-2019,1.0099999904632568,1.0499999523162842,498100,1.062999963760376,1.0199999809265137,1.0199999809265137
03-07-2019,1.0,1.0199999809265137,239200,1.0299999713897705,1.0199999809265137,1.0199999809265137
05-07-2019,1.0099999904632568,1.0199999809265137,313700,1.0299999713897705,1.0299999713897705,1.0299999713897705
08-07-2019,1.0,1.0299999713897705,293800,1.0460000038146973,1.0099999904632568,1.0099999904632568
09-07-2019,1.0099999904632568,1.0099999904632568,360500,1.0499999523162842,1.0299999713897705,1.0299999713897705
10-07-2019,1.0199999809265137,1.0199999809265137,450200,1.059999942779541,1.0199999809265137,1.0199999809265137
11-07-2019,1.0,1.0199999809265137,460900,1.0499999523162842,1.0099999904632568,1.0099999904632568
12-07-2019,1.0049999952316284,1.0199999809265137,940700,1.0700000524520874,1.0499999523162842,1.0499999523162842
15-07-2019,1.0399999618530273,1.059999942779541,305300,1.0800000429153442,1.059999942779541,1.059999942779541
16-07-2019,1.0299999713897705,1.059999942779541,227100,1.0609999895095825,1.0499999523162842,1.0499999523162842
17-07-2019,1.0199999809265137,1.0499999523162842,297100,1.059999942779541,1.0299999713897705,1.0299999713897705
18-07-2019,1.0099999904632568,1.0299999713897705,327600,1.0399999618530273,1.0199999809265137,1.0199999809265137
19-07-2019,1.0099999904632568,1.0199999809265137,509700,1.0800000429153442,1.0199999809265137,1.0199999809265137
22-07-2019,0.9300000071525574,1.0199999809265137,1183200,1.0299999713897705,0.949999988079071,0.949999988079071
23-07-2019,0.8600000143051147,0.9599999785423279,996500,1.0,0.8930000066757202,0.8930000066757202
24-07-2019,0.8539999723434448,0.8700000047683716,458000,0.9399999976158142,0.9020000100135803,0.9020000100135803
25-07-2019,0.8899999856948853,0.9020000100135803,250300,0.9350000023841858,0.9089999794960022,0.9089999794960022
26-07-2019,0.8690000176429749,0.8759999871253967,391900,0.9200000166893005,0.8920000195503235,0.8920000195503235
29-07-2019,0.8799999952316284,0.8970000147819519,317500,0.9300000071525574,0.9100000262260437,0.9100000262260437
30-07-2019,0.8870000243186951,0.9100000262260437,605700,0.9599999785423279,0.9470000267028809,0.9470000267028809
31-07-2019,0.9399999976158142,0.9599999785423279,588000,1.0299999713897705,0.949999988079071,0.949999988079071
01-08-2019,0.9100000262260437,0.9869999885559082,404900,1.0,0.9200000166893005,0.9200000166893005
02-08-2019,0.8690000176429749,0.949999988079071,418200,0.949999988079071,0.9100000262260437,0.9100000262260437
05-08-2019,0.8500000238418579,0.8700000047683716,506500,0.9399999976158142,0.9369999766349792,0.9369999766349792
06-08-2019,0.8799999952316284,0.902999997138977,440600,0.9490000009536743,0.9100000262260437,0.9100000262260437
07-08-2019,0.8659999966621399,0.9399999976158142,471000,0.9399999976158142,0.9200000166893005,0.9200000166893005
08-08-2019,0.9039999842643738,0.9049999713897705,606500,0.9700000286102295,0.9399999976158142,0.9399999976158142
09-08-2019,0.9020000100135803,0.9399999976158142,560900,0.9700000286102295,0.9309999942779541,0.9309999942779541
12-08-2019,0.8920000195503235,0.9300000071525574,268200,0.9570000171661377,0.9150000214576721,0.9150000214576721
13-08-2019,0.8920000195503235,0.9049999713897705,328200,0.949999988079071,0.9200000166893005,0.9200000166893005
14-08-2019,0.8799999952316284,0.9049999713897705,445300,0.9049999713897705,0.8999999761581421,0.8999999761581421
15-08-2019,0.8700000047683716,0.8999999761581421,335700,0.9200000166893005,0.8970000147819519,0.8970000147819519
16-08-2019,0.8519999980926514,0.8799999952316284,366700,0.8960000276565552,0.8830000162124634,0.8830000162124634
19-08-2019,0.8790000081062317,0.8820000290870667,300900,0.9350000023841858,0.9120000004768372,0.9120000004768372
20-08-2019,0.8849999904632568,0.8999999761581421,176900,0.9200000166893005,0.8980000019073486,0.8980000019073486
21-08-2019,0.8899999856948853,0.9020000100135803,191800,0.9200000166893005,0.9100000262260437,0.9100000262260437
22-08-2019,0.8849999904632568,0.9100000262260437,290000,0.9179999828338623,0.8999999761581421,0.8999999761581421
23-08-2019,0.8629999756813049,0.8999999761581421,657900,0.9200000166893005,0.8870000243186951,0.8870000243186951
26-08-2019,0.8519999980926514,0.8930000066757202,430400,0.8930000066757202,0.8700000047683716,0.8700000047683716
27-08-2019,0.7910000085830688,0.871999979019165,1110600,0.8740000128746033,0.824999988079071,0.824999988079071
28-08-2019,0.6800000071525574,0.8100000023841858,1649900,0.8299999833106995,0.8090000152587891,0.8090000152587891
29-08-2019,0.8399999737739563,0.8399999737739563,498200,0.8980000019073486,0.8529999852180481,0.8529999852180481
30-08-2019,0.8109999895095825,0.8619999885559082,384300,0.8759999871253967,0.8199999928474426,0.8199999928474426
03-09-2019,0.7710000276565552,0.8500000238418579,921600,0.8500000238418579,0.8209999799728394,0.8209999799728394
04-09-2019,0.7900000214576721,0.8209999799728394,391900,0.8379999995231628,0.8169999718666077,0.8169999718666077
05-09-2019,0.800000011920929,0.8100000023841858,480300,0.8399999737739563,0.8349999785423279,0.8349999785423279
06-09-2019,0.8349999785423279,0.8429999947547913,651400,0.9200000166893005,0.8999999761581421,0.8999999761581421
09-09-2019,0.8999999761581421,0.8999999761581421,1091400,1.0399999618530273,0.9879999756813049,0.9879999756813049
10-09-2019,0.902999997138977,1.0099999904632568,779600,1.0149999856948853,0.9259999990463257,0.9259999990463257
11-09-2019,0.8999999761581421,0.8999999761581421,589600,0.9610000252723694,0.9200000166893005,0.9200000166893005
12-09-2019,0.8899999856948853,0.9139999747276306,459400,0.9559999704360962,0.9319999814033508,0.9319999814033508
13-09-2019,0.9120000004768372,0.9419999718666077,455600,0.9700000286102295,0.9470000267028809,0.9470000267028809
16-09-2019,0.9110000133514404,0.9399999976158142,1237900,1.0700000524520874,0.9959999918937683,0.9959999918937683
17-09-2019,0.9869999885559082,1.0099999904632568,605800,1.0399999618530273,0.9890000224113464,0.9890000224113464
18-09-2019,0.9900000095367432,1.0,533800,1.0499999523162842,0.9990000128746033,0.9990000128746033
19-09-2019,0.9900000095367432,1.0,470800,1.0399999618530273,1.0,1.0
20-09-2019,0.972000002861023,1.0199999809265137,489200,1.0199999809265137,0.9750000238418579,0.9750000238418579
23-09-2019,0.9399999976158142,0.9700000286102295,398100,0.9750000238418579,0.949999988079071,0.949999988079071
24-09-2019,0.9319999814033508,0.9599999785423279,383500,1.0,0.9330000281333923,0.9330000281333923
25-09-2019,0.9049999713897705,0.9200000166893005,405600,0.9480000138282776,0.9200000166893005,0.9200000166893005
26-09-2019,0.8999999761581421,0.9309999942779541,503300,0.949999988079071,0.9010000228881836,0.9010000228881836
27-09-2019,0.9100000262260437,0.949999988079071,636800,1.0,0.9399999976158142,0.9399999976158142
30-09-2019,0.9110000133514404,0.9200000166893005,266100,0.9879999756813049,0.9670000076293945,0.9670000076293945
01-10-2019,0.9390000104904175,0.9700000286102295,377200,0.9990000128746033,0.9800000190734863,0.9800000190734863
02-10-2019,0.949999988079071,0.949999988079071,359400,1.0199999809265137,0.9860000014305115,0.9860000014305115
03-10-2019,0.9700000286102295,0.9879999756813049,636500,1.0800000429153442,1.059999942779541,1.059999942779541
04-10-2019,0.9300000071525574,1.0499999523162842,744200,1.059999942779541,0.9860000014305115,0.9860000014305115
07-10-2019,0.9549999833106995,0.972000002861023,216300,1.0099999904632568,0.9700000286102295,0.9700000286102295
08-10-2019,0.9309999942779541,0.9649999737739563,416500,0.9900000095367432,0.9440000057220459,0.9440000057220459
09-10-2019,0.8899999856948853,0.949999988079071,529700,0.9850000143051147,0.9039999842643738,0.9039999842643738
10-10-2019,0.8999999761581421,0.8999999761581421,177900,0.9399999976158142,0.925000011920929,0.925000011920929
11-10-2019,0.9100000262260437,0.9300000071525574,498000,0.9900000095367432,0.9800000190734863,0.9800000190734863
14-10-2019,0.9459999799728394,0.949999988079071,156400,0.9940000176429749,0.9800000190734863,0.9800000190734863
15-10-2019,0.949999988079071,0.9800000190734863,280000,0.9990000128746033,0.9629999995231628,0.9629999995231628
16-10-2019,0.9599999785423279,0.9649999737739563,184100,0.9990000128746033,0.9800000190734863,0.9800000190734863
17-10-2019,0.9599999785423279,0.9800000190734863,156500,1.0,0.9599999785423279,0.9599999785423279
18-10-2019,0.9210000038146973,0.9670000076293945,214600,0.9779999852180481,0.9300000071525574,0.9300000071525574
21-10-2019,0.9200000166893005,0.9399999976158142,203200,0.9610000252723694,0.9290000200271606,0.9290000200271606
22-10-2019,0.9210000038146973,0.9399999976158142,564700,0.9800000190734863,0.9649999737739563,0.9649999737739563
23-10-2019,0.949999988079071,0.9570000171661377,168300,0.9850000143051147,0.9639999866485596,0.9639999866485596
24-10-2019,0.9300000071525574,0.9599999785423279,195100,0.9599999785423279,0.9470000267028809,0.9470000267028809
25-10-2019,0.9300000071525574,0.9390000104904175,171500,0.9800000190734863,0.968999981880188,0.968999981880188
28-10-2019,0.9430000185966492,0.9629999995231628,246700,0.9800000190734863,0.953000009059906,0.953000009059906
29-10-2019,0.9470000267028809,0.9700000286102295,570000,1.0299999713897705,0.9980000257492065,0.9980000257492065
30-10-2019,0.9729999899864197,1.0,176100,1.0099999904632568,0.9850000143051147,0.9850000143051147
31-10-2019,0.9599999785423279,0.984000027179718,502100,1.0099999904632568,0.9599999785423279,0.9599999785423279
01-11-2019,0.968999981880188,0.968999981880188,316300,1.0099999904632568,0.9929999709129333,0.9929999709129333
04-11-2019,0.7799999713897705,0.949999988079071,2907300,0.949999988079071,0.8199999928474426,0.8199999928474426
05-11-2019,0.7200000286102295,0.8199999928474426,1987700,0.8220000267028809,0.7900000214576721,0.7900000214576721
06-11-2019,0.75,0.800000011920929,656700,0.8040000200271606,0.7799999713897705,0.7799999713897705
07-11-2019,0.7599999904632568,0.800000011920929,413000,0.800000011920929,0.7639999985694885,0.7639999985694885
08-11-2019,0.75,0.7699999809265137,396400,0.800000011920929,0.7559999823570251,0.7559999823570251
11-11-2019,0.699999988079071,0.75,582400,0.7559999823570251,0.7300000190734863,0.7300000190734863
12-11-2019,0.7300000190734863,0.734000027179718,426000,0.800000011920929,0.7680000066757202,0.7680000066757202
13-11-2019,0.7289999723434448,0.7400000095367432,312100,0.7649999856948853,0.7429999709129333,0.7429999709129333
14-11-2019,0.7300000190734863,0.75,254900,0.7720000147819519,0.7419999837875366,0.7419999837875366
15-11-2019,0.7070000171661377,0.7360000014305115,290900,0.7480000257492065,0.7200000286102295,0.7200000286102295
18-11-2019,0.6710000038146973,0.7080000042915344,723900,0.7440000176429749,0.6800000071525574,0.6800000071525574
19-11-2019,0.6460000276565552,0.6800000071525574,1390700,0.6990000009536743,0.6800000071525574,0.6800000071525574
20-11-2019,0.6669999957084656,0.7459999918937683,1090100,0.75,0.6679999828338623,0.6679999828338623
21-11-2019,0.6000000238418579,0.6729999780654907,1405000,0.6890000104904175,0.621999979019165,0.621999979019165
22-11-2019,0.6399999856948853,0.6399999856948853,895600,0.7300000190734863,0.6949999928474426,0.6949999928474426
25-11-2019,0.6629999876022339,0.7200000286102295,507400,0.7210000157356262,0.6899999976158142,0.6899999976158142
26-11-2019,0.675000011920929,0.6880000233650208,285400,0.718999981880188,0.7009999752044678,0.7009999752044678
27-11-2019,0.6850000023841858,0.7170000076293945,435000,0.7319999933242798,0.7139999866485596,0.7139999866485596
29-11-2019,0.6700000166893005,0.7160000205039978,272500,0.7160000205039978,0.6859999895095825,0.6859999895095825
02-12-2019,0.6700000166893005,0.6970000267028809,219900,0.7070000171661377,0.6890000104904175,0.6890000104904175
03-12-2019,0.6600000262260437,0.675000011920929,319500,0.6899999976158142,0.6779999732971191,0.6779999732971191
04-12-2019,0.652999997138977,0.6800000071525574,326300,0.6840000152587891,0.6740000247955322,0.6740000247955322
05-12-2019,0.6510000228881836,0.6690000295639038,1060900,0.7599999904632568,0.7149999737739563,0.7149999737739563
06-12-2019,0.699999988079071,0.7300000190734863,401600,0.7329999804496765,0.7070000171661377,0.7070000171661377
09-12-2019,0.699999988079071,0.699999988079071,253300,0.7300000190734863,0.7139999866485596,0.7139999866485596
10-12-2019,0.699999988079071,0.7099999785423279,512500,0.7300000190734863,0.7179999947547913,0.7179999947547913
11-12-2019,0.7099999785423279,0.7129999995231628,274600,0.7229999899864197,0.7160000205039978,0.7160000205039978
12-12-2019,0.7200000286102295,0.7200000286102295,731300,0.7649999856948853,0.7649999856948853,0.7649999856948853
13-12-2019,0.7440000176429749,0.7680000066757202,638600,0.7799999713897705,0.7440000176429749,0.7440000176429749
16-12-2019,0.7200000286102295,0.7699999809265137,610600,0.7699999809265137,0.7390000224113464,0.7390000224113464
17-12-2019,0.7009999752044678,0.7390000224113464,515000,0.7400000095367432,0.7210000157356262,0.7210000157356262
18-12-2019,0.7149999737739563,0.7300000190734863,250600,0.7319999933242798,0.7250000238418579,0.7250000238418579
19-12-2019,0.7200000286102295,0.7300000190734863,283200,0.7400000095367432,0.7360000014305115,0.7360000014305115
20-12-2019,0.7200000286102295,0.7350000143051147,340000,0.7599999904632568,0.7400000095367432,0.7400000095367432
23-12-2019,0.7250000238418579,0.7599999904632568,486800,0.7599999904632568,0.7310000061988831,0.7310000061988831
24-12-2019,0.7310000061988831,0.7400000095367432,549600,0.7900000214576721,0.7749999761581421,0.7749999761581421
26-12-2019,0.7799999713897705,0.7919999957084656,1152600,0.8190000057220459,0.7900000214576721,0.7900000214576721
27-12-2019,0.7900000214576721,0.8199999928474426,1005900,0.8399999737739563,0.796999990940094,0.796999990940094
30-12-2019,0.7799999713897705,0.7829999923706055,1457000,0.8799999952316284,0.8650000095367432,0.8650000095367432
31-12-2019,0.8299999833106995,0.8600000143051147,984200,0.8799999952316284,0.8410000205039978,0.8410000205039978
02-01-2020,0.8399999737739563,0.8399999737739563,482400,0.8799999952316284,0.8579999804496765,0.8579999804496765
03-01-2020,0.8399999737739563,0.8600000143051147,582300,0.8700000047683716,0.859000027179718,0.859000027179718
06-01-2020,0.8500000238418579,0.8600000143051147,415000,0.8640000224113464,0.8610000014305115,0.8610000014305115
07-01-2020,0.8600000143051147,0.8640000224113464,682900,0.8840000033378601,0.8799999952316284,0.8799999952316284
08-01-2020,0.8399999737739563,0.8799999952316284,476000,0.8799999952316284,0.859000027179718,0.859000027179718
09-01-2020,0.8500000238418579,0.8600000143051147,308500,0.8799999952316284,0.8700000047683716,0.8700000047683716
10-01-2020,0.8600000143051147,0.8889999985694885,393900,0.8949999809265137,0.8610000014305115,0.8610000014305115
13-01-2020,0.8209999799728394,0.8600000143051147,519300,0.8700000047683716,0.8500000238418579,0.8500000238418579
14-01-2020,0.8500000238418579,0.8500000238418579,365700,0.8700000047683716,0.8579999804496765,0.8579999804496765
15-01-2020,0.8600000143051147,0.8600000143051147,573900,0.8999999761581421,0.8899999856948853,0.8899999856948853
16-01-2020,0.824999988079071,0.8999999761581421,1033500,0.8999999761581421,0.8799999952316284,0.8799999952316284
17-01-2020,0.8600000143051147,0.8989999890327454,380700,0.8989999890327454,0.8769999742507935,0.8769999742507935
21-01-2020,0.8600000143051147,0.8799999952316284,570000,0.8999999761581421,0.8820000290870667,0.8820000290870667
22-01-2020,0.8600000143051147,0.8849999904632568,444300,0.8989999890327454,0.890999972820282,0.890999972820282
23-01-2020,0.8700000047683716,0.8939999938011169,680100,0.9100000262260437,0.9039999842643738,0.9039999842643738
24-01-2020,0.9100000262260437,0.9100000262260437,1878500,0.9879999756813049,0.9739999771118164,0.9739999771118164
27-01-2020,0.9200000166893005,0.9900000095367432,890100,0.9900000095367432,0.9399999976158142,0.9399999976158142
28-01-2020,0.8500000238418579,0.949999988079071,838500,0.9599999785423279,0.9240000247955322,0.9240000247955322
29-01-2020,0.8999999761581421,0.9309999942779541,381100,0.9399999976158142,0.9300000071525574,0.9300000071525574
30-01-2020,0.8600000143051147,0.9200000166893005,478200,0.9300000071525574,0.8700000047683716,0.8700000047683716
31-01-2020,0.8700000047683716,0.8700000047683716,387000,0.9070000052452087,0.8809999823570251,0.8809999823570251
03-02-2020,0.8899999856948853,0.8899999856948853,239800,0.9100000262260437,0.8999999761581421,0.8999999761581421
04-02-2020,0.8370000123977661,0.9049999713897705,633100,0.9049999713897705,0.8539999723434448,0.8539999723434448
05-02-2020,0.800000011920929,0.8529999852180481,558600,0.8700000047683716,0.8299999833106995,0.8299999833106995
06-02-2020,0.8220000267028809,0.8349999785423279,355400,0.8799999952316284,0.8529999852180481,0.8529999852180481
07-02-2020,0.8149999976158142,0.8270000219345093,356700,0.8600000143051147,0.8149999976158142,0.8149999976158142
10-02-2020,0.7699999809265137,0.8399999737739563,1071000,0.8600000143051147,0.7900000214576721,0.7900000214576721
11-02-2020,0.800000011920929,0.800000011920929,786800,0.8399999737739563,0.8109999895095825,0.8109999895095825
12-02-2020,0.753000020980835,0.8199999928474426,732100,0.8299999833106995,0.7799999713897705,0.7799999713897705
13-02-2020,0.7549999952316284,0.8100000023841858,795400,0.8100000023841858,0.7720000147819519,0.7720000147819519
14-02-2020,0.7599999904632568,0.7829999923706055,525700,0.7900000214576721,0.7799999713897705,0.7799999713897705
18-02-2020,0.7409999966621399,0.7799999713897705,770100,0.7950000166893005,0.75,0.75
19-02-2020,0.7300000190734863,0.75,468000,0.7599999904632568,0.7590000033378601,0.7590000033378601
20-02-2020,0.7409999966621399,0.75,471700,0.7699999809265137,0.7699999809265137,0.7699999809265137
21-02-2020,0.7400000095367432,0.7639999985694885,471000,0.7699999809265137,0.7519999742507935,0.7519999742507935
24-02-2020,0.7120000123977661,0.75,1048900,0.7599999904632568,0.7350000143051147,0.7350000143051147
25-02-2020,0.6700000166893005,0.7300000190734863,1320400,0.7400000095367432,0.7080000042915344,0.7080000042915344
26-02-2020,0.6809999942779541,0.7099999785423279,374500,0.7200000286102295,0.699999988079071,0.699999988079071
27-02-2020,0.6499999761581421,0.6899999976158142,721100,0.6899999976158142,0.656000018119812,0.656000018119812
28-02-2020,0.6399999856948853,0.6499999761581421,1054800,0.800000011920929,0.7149999737739563,0.7149999737739563
02-03-2020,0.699999988079071,0.7699999809265137,533500,0.7699999809265137,0.7099999785423279,0.7099999785423279
03-03-2020,0.699999988079071,0.7300000190734863,527700,0.7300000190734863,0.7099999785423279,0.7099999785423279
04-03-2020,0.7300000190734863,0.8700000047683716,1148200,0.8700000047683716,0.8100000023841858,0.8100000023841858
05-03-2020,0.75,0.800000011920929,1196600,0.8320000171661377,0.7699999809265137,0.7699999809265137
06-03-2020,0.7239999771118164,0.7599999904632568,711500,0.7799999713897705,0.7329999804496765,0.7329999804496765
09-03-2020,0.6299999952316284,0.699999988079071,958600,0.7200000286102295,0.6859999895095825,0.6859999895095825
10-03-2020,0.6800000071525574,0.7099999785423279,514700,0.7400000095367432,0.6930000185966492,0.6930000185966492
11-03-2020,0.6800000071525574,0.6949999928474426,985700,0.7310000061988831,0.6980000138282776,0.6980000138282776
12-03-2020,0.6200000047683716,0.6600000262260437,1219000,0.6899999976158142,0.6499999761581421,0.6499999761581421
13-03-2020,0.6299999952316284,0.6299999952316284,433000,0.6899999976158142,0.6579999923706055,0.6579999923706055
16-03-2020,0.6000000238418579,0.6000000238418579,1078600,0.6639999747276306,0.6000000238418579,0.6000000238418579
17-03-2020,0.5600000023841858,0.6019999980926514,822700,0.6399999856948853,0.6010000109672546,0.6010000109672546
18-03-2020,0.5,0.5979999899864197,1013700,0.6000000238418579,0.5600000023841858,0.5600000023841858
19-03-2020,0.5400000214576721,0.5559999942779541,704300,0.5870000123977661,0.5699999928474426,0.5699999928474426
20-03-2020,0.5400000214576721,0.5720000267028809,839600,0.6200000047683716,0.5799999833106995,0.5799999833106995
23-03-2020,0.550000011920929,0.6399999856948853,712000,0.6399999856948853,0.5950000286102295,0.5950000286102295
24-03-2020,0.5630000233650208,0.6240000128746033,415200,0.6370000243186951,0.5899999737739563,0.5899999737739563
25-03-2020,0.5400000214576721,0.5899999737739563,641900,0.6000000238418579,0.5979999899864197,0.5979999899864197
26-03-2020,0.550000011920929,0.6200000047683716,739600,0.6200000047683716,0.6000000238418579,0.6000000238418579
27-03-2020,0.550000011920929,0.593999981880188,975700,0.6000000238418579,0.5730000138282776,0.5730000138282776
30-03-2020,0.5600000023841858,0.5799999833106995,619000,0.6000000238418579,0.5860000252723694,0.5860000252723694
31-03-2020,0.5600000023841858,0.5799999833106995,454900,0.6000000238418579,0.5669999718666077,0.5669999718666077
01-04-2020,0.5199999809265137,0.5730000138282776,1459200,0.5899999737739563,0.5350000262260437,0.5350000262260437
02-04-2020,0.4959999918937683,0.5320000052452087,1406000,0.5699999928474426,0.503000020980835,0.503000020980835
03-04-2020,0.4740000069141388,0.5080000162124634,1473600,0.5199999809265137,0.4749999940395355,0.4749999940395355
06-04-2020,0.46000000834465027,0.4970000088214874,1221300,0.5189999938011169,0.492000013589859,0.492000013589859
07-04-2020,0.47099998593330383,0.49399998784065247,1694700,0.5400000214576721,0.49300000071525574,0.49300000071525574
08-04-2020,0.48500001430511475,0.5,1099600,0.5199999809265137,0.5099999904632568,0.5099999904632568
09-04-2020,0.5,0.503000020980835,1181000,0.5299999713897705,0.5099999904632568,0.5099999904632568
13-04-2020,0.5600000023841858,0.5600000023841858,9039600,0.7300000190734863,0.6470000147819519,0.6470000147819519
14-04-2020,0.6800000071525574,0.6850000023841858,4045600,0.75,0.7239999771118164,0.7239999771118164
15-04-2020,0.6600000262260437,0.6800000071525574,2313900,0.7200000286102295,0.6970000267028809,0.6970000267028809
16-04-2020,0.6499999761581421,0.7099999785423279,1830500,0.7099999785423279,0.6549999713897705,0.6549999713897705
17-04-2020,0.6600000262260437,0.6899999976158142,1735600,0.6980000138282776,0.6759999990463257,0.6759999990463257
20-04-2020,0.6119999885559082,0.6600000262260437,2438700,0.6700000166893005,0.6399999856948853,0.6399999856948853
21-04-2020,0.6200000047683716,0.6600000262260437,1462800,0.6679999828338623,0.6499999761581421,0.6499999761581421
22-04-2020,0.6050000190734863,0.6510000228881836,1384900,0.6600000262260437,0.6299999952316284,0.6299999952316284
23-04-2020,0.628000020980835,0.6499999761581421,2211800,0.6800000071525574,0.675000011920929,0.675000011920929
24-04-2020,0.6399999856948853,0.675000011920929,1254800,0.6800000071525574,0.6800000071525574,0.6800000071525574
27-04-2020,0.6800000071525574,0.6850000023841858,1752800,0.7300000190734863,0.722000002861023,0.722000002861023
28-04-2020,0.699999988079071,0.75,1378700,0.7649999856948853,0.7099999785423279,0.7099999785423279
29-04-2020,0.7049999833106995,0.7049999833106995,1528400,0.75,0.7279999852180481,0.7279999852180481
30-04-2020,0.7099999785423279,0.734000027179718,922400,0.7490000128746033,0.7400000095367432,0.7400000095367432
01-05-2020,0.699999988079071,0.75,888500,0.75,0.7350000143051147,0.7350000143051147
04-05-2020,0.7039999961853027,0.7250000238418579,1171700,0.7760000228881836,0.7599999904632568,0.7599999904632568
05-05-2020,0.7699999809265137,0.7699999809265137,3777500,0.9399999976158142,0.8899999856948853,0.8899999856948853
06-05-2020,0.8299999833106995,0.925000011920929,2233800,0.9649999737739563,0.9010000228881836,0.9010000228881836
07-05-2020,0.8809999823570251,0.8809999823570251,1586300,0.9570000171661377,0.9279999732971191,0.9279999732971191
08-05-2020,0.9179999828338623,0.949999988079071,1130800,0.9589999914169312,0.9369999766349792,0.9369999766349792
11-05-2020,0.9440000057220459,0.949999988079071,4518500,1.1200000047683716,1.0,1.0
12-05-2020,1.0,1.190000057220459,3402200,1.190000057220459,1.090000033378601,1.090000033378601
13-05-2020,1.0,1.1100000143051147,2843600,1.1399999856948853,1.0499999523162842,1.0499999523162842
14-05-2020,1.0,1.0499999523162842,1073600,1.0499999523162842,1.0299999713897705,1.0299999713897705
15-05-2020,1.0099999904632568,1.0199999809265137,1522000,1.0700000524520874,1.0499999523162842,1.0499999523162842
18-05-2020,1.100000023841858,1.1200000047683716,3817500,1.2100000381469727,1.190000057220459,1.190000057220459
19-05-2020,1.2100000381469727,1.25,10738500,1.5,1.3200000524520874,1.3200000524520874
20-05-2020,1.1200000047683716,1.3600000143051147,3466400,1.3799999952316284,1.2400000095367432,1.2400000095367432
21-05-2020,1.2000000476837158,1.2999999523162842,1721400,1.3200000524520874,1.2799999713897705,1.2799999713897705
22-05-2020,1.25,1.2599999904632568,1697900,1.3600000143051147,1.340000033378601,1.340000033378601
26-05-2020,1.3600000143051147,1.399999976158142,2745100,1.4500000476837158,1.399999976158142,1.399999976158142
27-05-2020,1.3600000143051147,1.4600000381469727,3506400,1.5199999809265137,1.3899999856948853,1.3899999856948853
28-05-2020,1.309999942779541,1.399999976158142,2712900,1.4500000476837158,1.3200000524520874,1.3200000524520874
29-05-2020,1.2000000476837158,1.2999999523162842,2197500,1.3200000524520874,1.2999999523162842,1.2999999523162842
01-06-2020,1.2799999713897705,1.340000033378601,1121800,1.340000033378601,1.3300000429153442,1.3300000429153442
02-06-2020,1.3350000381469727,1.4700000286102295,3760700,1.5099999904632568,1.3700000047683716,1.3700000047683716
03-06-2020,1.2899999618530273,1.409999966621399,2446500,1.4299999475479126,1.309999942779541,1.309999942779541
04-06-2020,1.2200000286102295,1.2799999713897705,2455300,1.3300000429153442,1.3300000429153442,1.3300000429153442
05-06-2020,1.2599999904632568,1.340000033378601,1943500,1.3450000286102295,1.309999942779541,1.309999942779541
08-06-2020,1.2400000095367432,1.309999942779541,2210300,1.3200000524520874,1.3200000524520874,1.3200000524520874
09-06-2020,1.2799999713897705,1.3200000524520874,2550800,1.3899999856948853,1.3799999952316284,1.3799999952316284
10-06-2020,1.3200000524520874,1.399999976158142,1701000,1.399999976158142,1.340000033378601,1.340000033378601
11-06-2020,1.2400000095367432,1.2899999618530273,2539600,1.309999942779541,1.2699999809265137,1.2699999809265137
12-06-2020,1.2400000095367432,1.2899999618530273,1254800,1.3300000429153442,1.2699999809265137,1.2699999809265137
15-06-2020,1.25,1.2799999713897705,6267400,1.5,1.3300000429153442,1.3300000429153442
16-06-2020,1.3200000524520874,1.3600000143051147,1535200,1.3899999856948853,1.3899999856948853,1.3899999856948853
17-06-2020,1.3700000047683716,1.3899999856948853,2081200,1.4270000457763672,1.409999966621399,1.409999966621399
18-06-2020,1.4199999570846558,1.4299999475479126,6785800,1.649999976158142,1.600000023841858,1.600000023841858
19-06-2020,1.5499999523162842,1.600000023841858,4166400,1.6699999570846558,1.5499999523162842,1.5499999523162842
22-06-2020,1.5410000085830688,1.5700000524520874,3223700,1.6799999475479126,1.659999966621399,1.659999966621399
23-06-2020,1.7000000476837158,1.75,7190000,1.9049999713897705,1.75,1.75
24-06-2020,1.6799999475479126,1.75,3436100,1.7999999523162842,1.75,1.75
25-06-2020,1.690000057220459,1.7599999904632568,2137700,1.7699999809265137,1.7200000286102295,1.7200000286102295
26-06-2020,1.5700000524520874,1.7400000095367432,4756400,1.75,1.5700000524520874,1.5700000524520874
29-06-2020,1.340000033378601,1.600000023841858,4370100,1.6100000143051147,1.5199999809265137,1.5199999809265137
30-06-2020,1.5,1.5199999809265137,2006300,1.5750000476837158,1.5,1.5
01-07-2020,1.5199999809265137,1.5199999809265137,2372100,1.6200000047683716,1.5800000429153442,1.5800000429153442
02-07-2020,1.5099999904632568,1.6100000143051147,2079600,1.6200000047683716,1.5299999713897705,1.5299999713897705
06-07-2020,1.559999942779541,1.5700000524520874,7108500,1.7799999713897705,1.7200000286102295,1.7200000286102295
07-07-2020,1.5800000429153442,1.7200000286102295,3323700,1.7200000286102295,1.6299999952316284,1.6299999952316284
08-07-2020,1.590000033378601,1.6399999856948853,2122400,1.6699999570846558,1.6100000143051147,1.6100000143051147
09-07-2020,1.5700000524520874,1.6200000047683716,2172800,1.6299999952316284,1.6200000047683716,1.6200000047683716
10-07-2020,1.5700000524520874,1.6299999952316284,1560800,1.659999966621399,1.600000023841858,1.600000023841858
13-07-2020,1.590000033378601,1.6200000047683716,5945000,1.75,1.590000033378601,1.590000033378601
14-07-2020,1.590000033378601,1.6100000143051147,2737400,1.7100000381469727,1.7000000476837158,1.7000000476837158
15-07-2020,1.690000057220459,1.75,9692800,1.9299999475479126,1.850000023841858,1.850000023841858
16-07-2020,1.7899999618530273,1.8600000143051147,3726900,1.899999976158142,1.850000023841858,1.850000023841858
17-07-2020,1.7999999523162842,1.8450000286102295,2897400,1.9199999570846558,1.840000033378601,1.840000033378601
20-07-2020,1.8600000143051147,1.9199999570846558,10191300,2.119999885559082,1.9800000190734863,1.9800000190734863
21-07-2020,2.0,2.119999885559082,4734800,2.200000047683716,2.0399999618530273,2.0399999618530273
22-07-2020,1.6399999856948853,2.069999933242798,5197700,2.0799999237060547,1.9900000095367432,1.9900000095367432
23-07-2020,1.899999976158142,1.9900000095367432,2940700,2.0299999713897705,1.9299999475479126,1.9299999475479126
24-07-2020,1.8600000143051147,1.9299999475479126,2142100,2.0,1.9800000190734863,1.9800000190734863
27-07-2020,2.0199999809265137,2.0399999618530273,7443500,2.2200000286102295,2.1500000953674316,2.1500000953674316
28-07-2020,2.174999952316284,2.2100000381469727,8211400,2.390000104904175,2.2699999809265137,2.2699999809265137
29-07-2020,2.130000114440918,2.299999952316284,5917400,2.3299999237060547,2.2300000190734863,2.2300000190734863
30-07-2020,2.1600000858306885,2.2100000381469727,4064000,2.259999990463257,2.2300000190734863,2.2300000190734863
31-07-2020,2.2200000286102295,2.25,6800500,2.369999885559082,2.319999933242798,2.319999933242798
03-08-2020,2.5,2.5299999713897705,22102400,2.9600000381469727,2.940000057220459,2.940000057220459
04-08-2020,2.2799999713897705,3.180000066757202,32876900,3.4800000190734863,2.799999952316284,2.799999952316284
05-08-2020,2.549999952316284,2.7899999618530273,11019400,2.7899999618530273,2.630000114440918,2.630000114440918
06-08-2020,2.3299999237060547,2.690000057220459,16171300,2.700000047683716,2.430000066757202,2.430000066757202
07-08-2020,1.7200000286102295,2.75,44850300,2.75,2.380000114440918,2.380000114440918
10-08-2020,2.859999895095825,3.569999933242798,108617400,3.680000066757202,3.130000114440918,3.130000114440918
11-08-2020,2.6500000953674316,2.890000104904175,25475100,2.9200000762939453,2.740000009536743,2.740000009536743
12-08-2020,2.2300000190734863,2.2899999618530273,22900000,2.319999933242798,2.2899999618530273,2.2899999618530273
13-08-2020,2.309999942779541,2.3299999237060547,11752800,2.5,2.369999885559082,2.369999885559082
14-08-2020,2.309999942779541,2.380000114440918,9190300,2.450000047683716,2.3299999237060547,2.3299999237060547
17-08-2020,2.1700000762939453,2.359999895095825,8155500,2.380000114440918,2.2699999809265137,2.2699999809265137
18-08-2020,1.9800000190734863,2.2200000286102295,13563400,2.2200000286102295,2.0899999141693115,2.0899999141693115
19-08-2020,1.899999976158142,2.0,10179500,2.0899999141693115,1.9700000286102295,1.9700000286102295
20-08-2020,1.940000057220459,2.0399999618530273,10310700,2.0999999046325684,1.9900000095367432,1.9900000095367432
21-08-2020,1.5199999809265137,1.9500000476837158,22444400,1.9600000381469727,1.5700000524520874,1.5700000524520874
24-08-2020,1.5099999904632568,1.7699999809265137,13850200,1.7799999713897705,1.5800000429153442,1.5800000429153442
25-08-2020,1.4500000476837158,1.4709999561309814,9464800,1.6399999856948853,1.5800000429153442,1.5800000429153442
26-08-2020,1.5199999809265137,1.6100000143051147,3997700,1.6399999856948853,1.5299999713897705,1.5299999713897705
27-08-2020,1.4700000286102295,1.5,7486200,1.6150000095367432,1.5700000524520874,1.5700000524520874
28-08-2020,1.6699999570846558,1.809999942779541,42300100,1.9700000286102295,1.7899999618530273,1.7899999618530273
31-08-2020,1.7200000286102295,1.8200000524520874,7395300,1.909999966621399,1.7699999809265137,1.7699999809265137
01-09-2020,1.659999966621399,1.7350000143051147,5323400,1.8200000524520874,1.7899999618530273,1.7899999618530273
02-09-2020,1.6799999475479126,1.7999999523162842,5140600,1.7999999523162842,1.7100000381469727,1.7100000381469727
03-09-2020,1.6299999952316284,1.6970000267028809,4201800,1.7300000190734863,1.6699999570846558,1.6699999570846558
04-09-2020,1.5499999523162842,1.659999966621399,5576200,1.690000057220459,1.690000057220459,1.690000057220459
08-09-2020,1.600000023841858,1.6699999570846558,2524300,1.690000057220459,1.649999976158142,1.649999976158142
09-09-2020,1.6399999856948853,1.6399999856948853,2482900,1.7400000095367432,1.7400000095367432,1.7400000095367432
10-09-2020,1.7400000095367432,1.7400000095367432,3837700,1.850000023841858,1.7599999904632568,1.7599999904632568
11-09-2020,1.75,1.7899999618530273,2576000,1.8200000524520874,1.7799999713897705,1.7799999713897705
14-09-2020,1.8300000429153442,1.8600000143051147,18686500,2.25,2.0799999237060547,2.0799999237060547
15-09-2020,1.9900000095367432,2.1700000762939453,6275800,2.180000066757202,2.125,2.125
16-09-2020,2.0999999046325684,2.0999999046325684,11400400,2.319999933242798,2.2200000286102295,2.2200000286102295
17-09-2020,2.180000066757202,2.2100000381469727,8746500,2.3499999046325684,2.2200000286102295,2.2200000286102295
18-09-2020,2.2200000286102295,2.2200000286102295,16708700,2.6700000762939453,2.5999999046325684,2.5999999046325684
21-09-2020,2.5,2.5299999713897705,10347300,2.7899999618530273,2.690000057220459,2.690000057220459
22-09-2020,2.559999942779541,2.759999990463257,8475600,2.869999885559082,2.859999895095825,2.859999895095825
23-09-2020,2.819999933242798,2.940000057220459,17365500,3.1500000953674316,2.940000057220459,2.940000057220459
24-09-2020,2.6600000858306885,2.799999952316284,10199400,2.9000000953674316,2.7200000286102295,2.7200000286102295
25-09-2020,2.6600000858306885,2.700000047683716,6650800,2.9649999141693115,2.8299999237060547,2.8299999237060547
28-09-2020,2.75,2.930000066757202,7151900,2.950000047683716,2.819999933242798,2.819999933242798
29-09-2020,2.7699999809265137,2.799999952316284,8605000,3.0199999809265137,2.9800000190734863,2.9800000190734863
30-09-2020,2.869999885559082,2.9600000381469727,5103000,3.0299999713897705,2.990000009536743,2.990000009536743
01-10-2020,2.868000030517578,2.950000047683716,4163200,3.0299999713897705,2.9600000381469727,2.9600000381469727
02-10-2020,2.75,2.7899999618530273,5319400,2.950000047683716,2.9000000953674316,2.9000000953674316
05-10-2020,2.9000000953674316,2.930000066757202,6798400,3.0999999046325684,3.0799999237060547,3.0799999237060547
06-10-2020,3.0399999618530273,3.0799999237060547,10550300,3.305000066757202,3.140000104904175,3.140000104904175
07-10-2020,3.140000104904175,3.1700000762939453,8914400,3.4000000953674316,3.190000057220459,3.190000057220459
08-10-2020,3.2100000381469727,3.2300000190734863,4014000,3.299999952316284,3.259999990463257,3.259999990463257
09-10-2020,3.109999895095825,3.2699999809265137,5778700,3.2869999408721924,3.1500000953674316,3.1500000953674316
12-10-2020,2.9600000381469727,3.130000114440918,7005500,3.1600000858306885,3.049999952316284,3.049999952316284
13-10-2020,2.9800000190734863,3.0199999809265137,4504800,3.115000009536743,3.0299999713897705,3.0299999713897705
14-10-2020,2.8299999237060547,3.0399999618530273,6757700,3.065000057220459,2.8499999046325684,2.8499999046325684
15-10-2020,2.740000009536743,2.809999942779541,5456900,3.0,2.930000066757202,2.930000066757202
16-10-2020,2.9200000762939453,2.930000066757202,3238600,3.049999952316284,2.940000057220459,2.940000057220459
19-10-2020,2.890000104904175,2.9000000953674316,2814800,2.990000009536743,2.9200000762939453,2.9200000762939453
20-10-2020,2.75,2.9200000762939453,4332600,2.930000066757202,2.7799999713897705,2.7799999713897705
21-10-2020,2.5799999237060547,2.75,5752700,2.7799999713897705,2.5899999141693115,2.5899999141693115
22-10-2020,2.509999990463257,2.555999994277954,3074500,2.674999952316284,2.6500000953674316,2.6500000953674316
23-10-2020,2.5799999237060547,2.680000066757202,2075600,2.690000057220459,2.6600000858306885,2.6600000858306885
26-10-2020,2.509999990463257,2.6500000953674316,2726200,2.7200000286102295,2.5999999046325684,2.5999999046325684
27-10-2020,2.509999990463257,2.5999999046325684,1941700,2.615000009536743,2.5399999618530273,2.5399999618530273
28-10-2020,2.3299999237060547,2.4779999256134033,4089300,2.509999990463257,2.380000114440918,2.380000114440918
29-10-2020,2.3499999046325684,2.380000114440918,4968700,2.6600000858306885,2.559999942779541,2.559999942779541
30-10-2020,2.4100000858306885,2.740000009536743,11448500,2.8299999237060547,2.619999885559082,2.619999885559082
02-11-2020,2.4200000762939453,2.5999999046325684,6246300,2.690000057220459,2.690000057220459,2.690000057220459
03-11-2020,2.4200000762939453,2.630000114440918,8724100,2.6600000858306885,2.450000047683716,2.450000047683716
04-11-2020,2.390000104904175,2.440000057220459,4381700,2.5789999961853027,2.4000000953674316,2.4000000953674316
05-11-2020,2.2799999713897705,2.450000047683716,6654400,2.450000047683716,2.369999885559082,2.369999885559082
06-11-2020,2.309999942779541,2.3499999046325684,3343200,2.4700000286102295,2.390000104904175,2.390000104904175
09-11-2020,2.309999942779541,2.427000045776367,4312900,2.5,2.4200000762939453,2.4200000762939453
10-11-2020,2.369999885559082,2.4000000953674316,3907000,2.569999933242798,2.549999952316284,2.549999952316284
11-11-2020,2.5199999809265137,2.5199999809265137,4520600,2.759999990463257,2.7100000381469727,2.7100000381469727
12-11-2020,2.619999885559082,2.7260000705718994,3013000,2.7899999618530273,2.700000047683716,2.700000047683716
13-11-2020,2.609999895095825,2.6600000858306885,2828000,2.7200000286102295,2.700000047683716,2.700000047683716
16-11-2020,2.5399999618530273,2.630000114440918,3860300,2.700000047683716,2.5899999141693115,2.5899999141693115
17-11-2020,2.4700000286102295,2.559999942779541,3355500,2.5899999141693115,2.5299999713897705,2.5299999713897705
18-11-2020,2.450000047683716,2.4800000190734863,3377100,2.5199999809265137,2.509999990463257,2.509999990463257
19-11-2020,2.430000066757202,2.490000009536743,2880500,2.5399999618530273,2.450000047683716,2.450000047683716
20-11-2020,2.430000066757202,2.4800000190734863,2916200,2.5199999809265137,2.490000009536743,2.490000009536743
23-11-2020,2.4000000953674316,2.4800000190734863,4351500,2.5250000953674316,2.4000000953674316,2.4000000953674316
24-11-2020,2.259999990463257,2.380000114440918,4715000,2.4000000953674316,2.369999885559082,2.369999885559082
25-11-2020,2.2799999713897705,2.369999885559082,2483100,2.380000114440918,2.3399999141693115,2.3399999141693115
27-11-2020,2.3239998817443848,2.3299999237060547,3374200,2.5799999237060547,2.569999933242798,2.569999933242798
30-11-2020,2.4700000286102295,2.549999952316284,3257300,2.630000114440918,2.509999990463257,2.509999990463257
01-12-2020,2.369999885559082,2.450000047683716,3517800,2.490000009536743,2.369999885559082,2.369999885559082
02-12-2020,2.299999952316284,2.380000114440918,2397500,2.4000000953674316,2.4000000953674316,2.4000000953674316
03-12-2020,2.3299999237060547,2.369999885559082,2005000,2.4100000858306885,2.369999885559082,2.369999885559082
04-12-2020,2.299999952316284,2.3499999046325684,2514200,2.4070000648498535,2.359999895095825,2.359999895095825
07-12-2020,2.25,2.319999933242798,3269400,2.3459999561309814,2.2699999809265137,2.2699999809265137
08-12-2020,2.1500000953674316,2.2300000190734863,4254600,2.3499999046325684,2.3499999046325684,2.3499999046325684
09-12-2020,2.1700000762939453,2.319999933242798,3757800,2.369999885559082,2.2300000190734863,2.2300000190734863
10-12-2020,2.194999933242798,2.250999927520752,2414000,2.2899999618530273,2.25,2.25
11-12-2020,2.2330000400543213,2.240000009536743,3562600,2.4200000762939453,2.2799999713897705,2.2799999713897705
14-12-2020,2.1700000762939453,2.2899999618530273,2560100,2.308000087738037,2.190000057220459,2.190000057220459
15-12-2020,2.1500000953674316,2.200000047683716,2485600,2.2260000705718994,2.1700000762939453,2.1700000762939453
16-12-2020,2.059999942779541,2.1600000858306885,3283200,2.190000057220459,2.1600000858306885,2.1600000858306885
17-12-2020,2.1700000762939453,2.200000047683716,2970700,2.2899999618530273,2.25,2.25
18-12-2020,2.2200000286102295,2.2300000190734863,3056700,2.299999952316284,2.2699999809265137,2.2699999809265137
21-12-2020,2.2200000286102295,2.259999990463257,2373900,2.309999942779541,2.309999942779541,2.309999942779541
22-12-2020,2.2899999618530273,2.299999952316284,3983700,2.390000104904175,2.359999895095825,2.359999895095825
23-12-2020,2.384999990463257,2.390000104904175,7053200,2.5199999809265137,2.4600000381469727,2.4600000381469727
24-12-2020,2.2799999713897705,2.4700000286102295,2940100,2.494999885559082,2.2899999618530273,2.2899999618530273
28-12-2020,2.200000047683716,2.2899999618530273,3543900,2.3299999237060547,2.200000047683716,2.200000047683716
29-12-2020,2.0999999046325684,2.200000047683716,3722100,2.2200000286102295,2.130000114440918,2.130000114440918
30-12-2020,2.0899999141693115,2.130000114440918,2067100,2.200000047683716,2.140000104904175,2.140000104904175
31-12-2020,2.0799999237060547,2.1500000953674316,3545300,2.174999952316284,2.140000104904175,2.140000104904175
04-01-2021,2.059999942779541,2.119999885559082,3744600,2.1500000953674316,2.109999895095825,2.109999895095825
05-01-2021,2.065000057220459,2.0899999141693115,2270600,2.180000066757202,2.1600000858306885,2.1600000858306885
06-01-2021,2.1700000762939453,2.1730000972747803,3943400,2.309999942779541,2.2200000286102295,2.2200000286102295
07-01-2021,2.240000009536743,2.240000009536743,4341300,2.4200000762939453,2.4200000762939453,2.4200000762939453
08-01-2021,2.380000114440918,2.4200000762939453,3056400,2.4700000286102295,2.4000000953674316,2.4000000953674316
11-01-2021,2.1600000858306885,2.3299999237060547,5159900,2.3399999141693115,2.180000066757202,2.180000066757202
12-01-2021,2.1500000953674316,2.2100000381469727,2894600,2.240000009536743,2.2100000381469727,2.2100000381469727
13-01-2021,2.1600000858306885,2.2200000286102295,2511700,2.240000009536743,2.2200000286102295,2.2200000286102295
14-01-2021,2.1600000858306885,2.2200000286102295,2388600,2.240000009536743,2.180000066757202,2.180000066757202
15-01-2021,2.109999895095825,2.190000057220459,3661000,2.240000009536743,2.119999885559082,2.119999885559082
19-01-2021,2.140000104904175,2.190000057220459,3134300,2.25,2.180000066757202,2.180000066757202
20-01-2021,2.119999885559082,2.190000057220459,2227700,2.200000047683716,2.1500000953674316,2.1500000953674316
21-01-2021,2.119999885559082,2.180000066757202,1600200,2.180000066757202,2.1600000858306885,2.1600000858306885
22-01-2021,2.119999885559082,2.1500000953674316,2731700,2.2200000286102295,2.2100000381469727,2.2100000381469727
25-01-2021,2.2200000286102295,2.25,4123400,2.3499999046325684,2.3399999141693115,2.3399999141693115
26-01-2021,2.25,2.3499999046325684,3574300,2.380000114440918,2.309999942779541,2.309999942779541
27-01-2021,2.190000057220459,2.2300000190734863,3485400,2.4000000953674316,2.200000047683716,2.200000047683716
28-01-2021,2.1600000858306885,2.2200000286102295,3194900,2.3499999046325684,2.190000057220459,2.190000057220459
29-01-2021,2.1600000858306885,2.200000047683716,2883200,2.2699999809265137,2.180000066757202,2.180000066757202
01-02-2021,2.1500000953674316,2.1730000972747803,9023500,2.4200000762939453,2.4000000953674316,2.4000000953674316
02-02-2021,2.2799999713897705,2.4000000953674316,3603600,2.4200000762939453,2.2899999618530273,2.2899999618530273
03-02-2021,2.2850000858306885,2.299999952316284,2087000,2.390000104904175,2.369999885559082,2.369999885559082
04-02-2021,2.369999885559082,2.380000114440918,5875100,2.619999885559082,2.609999895095825,2.609999895095825
05-02-2021,2.509999990463257,2.680000066757202,4362800,2.690000057220459,2.619999885559082,2.619999885559082
08-02-2021,2.6500000953674316,2.6600000858306885,6319200,2.9200000762939453,2.890000104904175,2.890000104904175
09-02-2021,2.809999942779541,2.9200000762939453,5738900,3.0899999141693115,2.930000066757202,2.930000066757202
10-02-2021,2.7100000381469727,3.0,5508200,3.0999999046325684,2.8499999046325684,2.8499999046325684
11-02-2021,2.7100000381469727,2.869999885559082,3796700,2.880000114440918,2.740000009536743,2.740000009536743
12-02-2021,2.5199999809265137,2.6500000953674316,4686100,2.6500000953674316,2.569999933242798,2.569999933242798
16-02-2021,2.4100000858306885,2.5,4535600,2.5299999713897705,2.4800000190734863,2.4800000190734863
17-02-2021,2.3399999141693115,2.450000047683716,2394700,2.509999990463257,2.430000066757202,2.430000066757202
18-02-2021,2.259999990463257,2.4200000762939453,3730800,2.4200000762939453,2.2799999713897705,2.2799999713897705
19-02-2021,2.2799999713897705,2.3399999141693115,3080400,2.4000000953674316,2.3299999237060547,2.3299999237060547
22-02-2021,2.2200000286102295,2.299999952316284,4019300,2.4100000858306885,2.2300000190734863,2.2300000190734863
23-02-2021,2.0399999618530273,2.2100000381469727,4497400,2.2300000190734863,2.190000057220459,2.190000057220459
24-02-2021,2.180000066757202,2.200000047683716,1976600,2.2899999618530273,2.240000009536743,2.240000009536743
25-02-2021,2.1600000858306885,2.240000009536743,3290900,2.2799999713897705,2.190000057220459,2.190000057220459
26-02-2021,2.0999999046325684,2.200000047683716,2501800,2.2149999141693115,2.1449999809265137,2.1449999809265137
01-03-2021,2.1700000762939453,2.200000047683716,2504000,2.2699999809265137,2.240000009536743,2.240000009536743
02-03-2021,2.1600000858306885,2.2200000286102295,2068800,2.240000009536743,2.1700000762939453,2.1700000762939453
03-03-2021,2.069999933242798,2.1700000762939453,3367600,2.200000047683716,2.0899999141693115,2.0899999141693115
04-03-2021,1.8650000095367432,2.0999999046325684,5821300,2.140000104904175,2.0799999237060547,2.0799999237060547
05-03-2021,1.7899999618530273,2.109999895095825,11120700,2.140000104904175,2.0899999141693115,2.0899999141693115
08-03-2021,2.0299999713897705,2.109999895095825,2473100,2.140000104904175,2.049999952316284,2.049999952316284
09-03-2021,1.909999966621399,2.0439999103546143,4819400,2.0799999237060547,2.049999952316284,2.049999952316284
10-03-2021,1.9199999570846558,2.0999999046325684,4063400,2.0999999046325684,1.9299999475479126,1.9299999475479126
11-03-2021,1.8799999952316284,1.9299999475479126,3673600,2.109999895095825,2.109999895095825,2.109999895095825
12-03-2021,2.009999990463257,2.0199999809265137,2365600,2.190000057220459,2.1600000858306885,2.1600000858306885
15-03-2021,2.109999895095825,2.190000057220459,1787100,2.2200000286102295,2.109999895095825,2.109999895095825
16-03-2021,2.059999942779541,2.069999933242798,1948900,2.200000047683716,2.0899999141693115,2.0899999141693115
17-03-2021,2.0,2.049999952316284,1843100,2.0999999046325684,2.049999952316284,2.049999952316284
18-03-2021,1.9700000286102295,2.0399999618530273,1630200,2.0889999866485596,1.9700000286102295,1.9700000286102295
19-03-2021,1.9700000286102295,1.9800000190734863,2027400,2.065999984741211,2.059999942779541,2.059999942779541
22-03-2021,1.9800000190734863,2.049999952316284,2035000,2.069999933242798,1.9900000095367432,1.9900000095367432
23-03-2021,1.8949999809265137,2.009999990463257,2861500,2.0199999809265137,1.909999966621399,1.909999966621399
24-03-2021,1.7599999904632568,1.9500000476837158,5907600,1.9500000476837158,1.7699999809265137,1.7699999809265137
25-03-2021,1.7350000143051147,1.7699999809265137,2571700,1.8799999952316284,1.8700000047683716,1.8700000047683716
26-03-2021,1.75,1.8799999952316284,1757700,1.8899999856948853,1.8300000429153442,1.8300000429153442
29-03-2021,1.7300000190734863,1.7999999523162842,2493300,1.840000033378601,1.7699999809265137,1.7699999809265137
30-03-2021,1.7100000381469727,1.7699999809265137,1603800,1.8200000524520874,1.809999942779541,1.809999942779541
31-03-2021,1.7899999618530273,1.809999942779541,2218600,1.8700000047683716,1.7899999618530273,1.7899999618530273
01-04-2021,1.7599999904632568,1.7599999904632568,1742200,1.8700000047683716,1.8600000143051147,1.8600000143051147
05-04-2021,1.850000023841858,1.8799999952316284,1121100,1.9299999475479126,1.8799999952316284,1.8799999952316284
06-04-2021,1.809999942779541,1.8799999952316284,1369900,1.8799999952316284,1.8200000524520874,1.8200000524520874
07-04-2021,1.7799999713897705,1.840000033378601,1497800,1.8600000143051147,1.7999999523162842,1.7999999523162842
08-04-2021,1.7699999809265137,1.7999999523162842,1212800,1.8200000524520874,1.7999999523162842,1.7999999523162842
09-04-2021,1.7599999904632568,1.7799999713897705,1157800,1.840000033378601,1.7999999523162842,1.7999999523162842
12-04-2021,1.7100000381469727,1.7899999618530273,1961100,1.7899999618530273,1.7200000286102295,1.7200000286102295
13-04-2021,1.684999942779541,1.7100000381469727,1579100,1.7599999904632568,1.7300000190734863,1.7300000190734863
14-04-2021,1.6929999589920044,1.7100000381469727,1241900,1.7699999809265137,1.7100000381469727,1.7100000381469727
15-04-2021,1.7200000286102295,1.7200000286102295,20357900,2.309999942779541,2.25,2.25
16-04-2021,1.6399999856948853,2.1519999504089355,13686900,2.190000057220459,1.8600000143051147,1.8600000143051147
19-04-2021,1.7100000381469727,1.815000057220459,5471600,1.8799999952316284,1.7200000286102295,1.7200000286102295
20-04-2021,1.4299999475479126,1.7200000286102295,8190300,1.7300000190734863,1.7000000476837158,1.7000000476837158
21-04-2021,1.7100000381469727,1.8179999589920044,5356500,1.8200000524520874,1.75,1.75
22-04-2021,1.6399999856948853,1.75,5044100,1.7599999904632568,1.659999966621399,1.659999966621399
23-04-2021,1.6299999952316284,1.6699999570846558,2925600,1.7400000095367432,1.7300000190734863,1.7300000190734863
26-04-2021,1.7000000476837158,1.725000023841858,3159000,1.7799999713897705,1.7300000190734863,1.7300000190734863
27-04-2021,1.6890000104904175,1.7300000190734863,3416800,1.7899999618530273,1.7300000190734863,1.7300000190734863
28-04-2021,1.6799999475479126,1.7300000190734863,2474300,1.7699999809265137,1.7699999809265137,1.7699999809265137
29-04-2021,1.7000000476837158,1.75,2392900,1.7599999904632568,1.7200000286102295,1.7200000286102295
30-04-2021,1.6920000314712524,1.7000000476837158,1529600,1.7699999809265137,1.7200000286102295,1.7200000286102295
03-05-2021,1.659999966621399,1.7100000381469727,2925900,1.75,1.7300000190734863,1.7300000190734863
04-05-2021,1.6330000162124634,1.690000057220459,2992900,1.7000000476837158,1.6799999475479126,1.6799999475479126
05-05-2021,1.6699999570846558,1.6799999475479126,5636600,1.8949999809265137,1.7699999809265137,1.7699999809265137
06-05-2021,1.590000033378601,1.7699999809265137,10324700,1.7899999618530273,1.6299999952316284,1.6299999952316284
07-05-2021,1.6100000143051147,1.6200000047683716,1527500,1.659999966621399,1.6299999952316284,1.6299999952316284
10-05-2021,1.5,1.6100000143051147,4446600,1.6200000047683716,1.5199999809265137,1.5199999809265137
11-05-2021,1.4600000381469727,1.4700000286102295,2024000,1.6100000143051147,1.5700000524520874,1.5700000524520874
12-05-2021,1.5,1.5800000429153442,3809500,1.649999976158142,1.5099999904632568,1.5099999904632568
13-05-2021,1.4299999475479126,1.5399999618530273,3413600,1.5499999523162842,1.4600000381469727,1.4600000381469727
14-05-2021,1.4500000476837158,1.4800000190734863,1160700,1.5499999523162842,1.5199999809265137,1.5199999809265137
17-05-2021,1.5219999551773071,1.5399999618530273,2329000,1.6799999475479126,1.6699999570846558,1.6699999570846558
18-05-2021,1.6299999952316284,1.659999966621399,1977400,1.7799999713897705,1.7000000476837158,1.7000000476837158
19-05-2021,1.6299999952316284,1.659999966621399,1330500,1.7300000190734863,1.7100000381469727,1.7100000381469727
20-05-2021,1.684999942779541,1.690000057220459,1550900,1.7699999809265137,1.7599999904632568,1.7599999904632568
21-05-2021,1.7300000190734863,1.75,1980900,1.815000057220459,1.7999999523162842,1.7999999523162842
24-05-2021,1.7230000495910645,1.7899999618530273,1365000,1.805999994277954,1.75,1.75
25-05-2021,1.7100000381469727,1.7999999523162842,1274700,1.805999994277954,1.7200000286102295,1.7200000286102295
26-05-2021,1.684999942779541,1.7300000190734863,2115100,1.7860000133514404,1.7300000190734863,1.7300000190734863
27-05-2021,1.7050000429153442,1.7300000190734863,1421400,1.8200000524520874,1.7599999904632568,1.7599999904632568
28-05-2021,1.7200000286102295,1.7599999904632568,1583100,1.8300000429153442,1.7400000095367432,1.7400000095367432
01-06-2021,1.7200000286102295,1.75,1670600,1.850000023841858,1.7999999523162842,1.7999999523162842
02-06-2021,1.7899999618530273,1.809999942779541,1591000,1.899999976158142,1.8700000047683716,1.8700000047683716
03-06-2021,1.774999976158142,1.850000023841858,1330500,1.8899999856948853,1.7999999523162842,1.7999999523162842
04-06-2021,1.7899999618530273,1.7999999523162842,977700,1.840000033378601,1.7999999523162842,1.7999999523162842
07-06-2021,1.8200000524520874,1.8300000429153442,3081300,1.9900000095367432,1.9600000381469727,1.9600000381469727
08-06-2021,1.8849999904632568,1.9800000190734863,2966200,2.0299999713897705,1.9800000190734863,1.9800000190734863
09-06-2021,1.9500000476837158,1.9900000095367432,1705600,2.049999952316284,1.9800000190734863,1.9800000190734863
10-06-2021,1.940000057220459,2.0,1454700,2.049999952316284,2.0399999618530273,2.0399999618530273
11-06-2021,2.009999990463257,2.059999942779541,2350900,2.1500000953674316,2.130000114440918,2.130000114440918
14-06-2021,2.0899999141693115,2.140000104904175,2135900,2.200000047683716,2.200000047683716,2.200000047683716
15-06-2021,2.009999990463257,2.180000066757202,2630100,2.180000066757202,2.0199999809265137,2.0199999809265137
16-06-2021,1.899999976158142,2.049999952316284,4463200,2.130000114440918,2.0,2.0
17-06-2021,1.8700000047683716,1.9800000190734863,3521000,2.0350000858306885,1.899999976158142,1.899999976158142
18-06-2021,1.899999976158142,1.9199999570846558,2057200,2.0,1.909999966621399,1.909999966621399
21-06-2021,1.8799999952316284,1.9199999570846558,1914300,1.9500000476837158,1.899999976158142,1.899999976158142
22-06-2021,1.8600000143051147,1.9199999570846558,1507100,1.9299999475479126,1.8799999952316284,1.8799999952316284
23-06-2021,1.8650000095367432,1.8700000047683716,1581000,1.9299999475479126,1.8899999856948853,1.8899999856948853
24-06-2021,1.8899999856948853,1.8899999856948853,2458100,1.9800000190734863,1.909999966621399,1.909999966621399
25-06-2021,1.9299999475479126,1.940000057220459,22491700,2.0,1.9600000381469727,1.9600000381469727
28-06-2021,1.75,1.7999999523162842,6069500,1.850000023841858,1.7999999523162842,1.7999999523162842
29-06-2021,1.7699999809265137,1.8569999933242798,2648100,1.8600000143051147,1.7799999713897705,1.7799999713897705
30-06-2021,1.6200000047683716,1.7799999713897705,5077400,1.7799999713897705,1.690000057220459,1.690000057220459
01-07-2021,1.649999976158142,1.649999976158142,3255200,1.8049999475479126,1.7000000476837158,1.7000000476837158
02-07-2021,1.6399999856948853,1.7000000476837158,1546100,1.7200000286102295,1.6799999475479126,1.6799999475479126
06-07-2021,1.600000023841858,1.6799999475479126,2050200,1.7000000476837158,1.6100000143051147,1.6100000143051147
07-07-2021,1.5199999809265137,1.6200000047683716,2025300,1.649999976158142,1.6100000143051147,1.6100000143051147
08-07-2021,1.5499999523162842,1.5700000524520874,1442000,1.649999976158142,1.6100000143051147,1.6100000143051147
09-07-2021,1.590000033378601,1.6100000143051147,1033200,1.6399999856948853,1.6200000047683716,1.6200000047683716
12-07-2021,1.5700000524520874,1.6399999856948853,1099900,1.6399999856948853,1.600000023841858,1.600000023841858
13-07-2021,1.5,1.5800000429153442,2007100,1.600000023841858,1.5099999904632568,1.5099999904632568
14-07-2021,1.4600000381469727,1.5,2141500,1.5499999523162842,1.5099999904632568,1.5099999904632568
15-07-2021,1.4700000286102295,1.4900000095367432,905400,1.5299999713897705,1.5199999809265137,1.5199999809265137
16-07-2021,1.4900000095367432,1.5199999809265137,1374800,1.5499999523162842,1.5099999904632568,1.5099999904632568
19-07-2021,1.465000033378601,1.5,1288100,1.5,1.4800000190734863,1.4800000190734863
20-07-2021,1.4700000286102295,1.4700000286102295,1465300,1.5700000524520874,1.5399999618530273,1.5399999618530273
21-07-2021,1.5399999618530273,1.559999942779541,952500,1.600000023841858,1.600000023841858,1.600000023841858
22-07-2021,1.5299999713897705,1.5700000524520874,728300,1.600000023841858,1.559999942779541,1.559999942779541
23-07-2021,1.4429999589920044,1.559999942779541,1986300,1.559999942779541,1.4700000286102295,1.4700000286102295
26-07-2021,1.350000023841858,1.4299999475479126,3179600,1.4600000381469727,1.3899999856948853,1.3899999856948853
27-07-2021,1.3300000429153442,1.3899999856948853,1475800,1.434999942779541,1.409999966621399,1.409999966621399
28-07-2021,1.3799999952316284,1.3799999952316284,1036800,1.465000033378601,1.4500000476837158,1.4500000476837158
29-07-2021,1.399999976158142,1.409999966621399,836000,1.440000057220459,1.399999976158142,1.399999976158142
30-07-2021,1.3300000429153442,1.3799999952316284,2060800,1.399999976158142,1.3300000429153442,1.3300000429153442
02-08-2021,1.3200000524520874,1.3450000286102295,1445500,1.3799999952316284,1.3600000143051147,1.3600000143051147
03-08-2021,1.3300000429153442,1.350000023841858,716100,1.3600000143051147,1.3600000143051147,1.3600000143051147
04-08-2021,1.25,1.340000033378601,2449000,1.3799999952316284,1.25,1.25
05-08-2021,1.3250000476837158,1.340000033378601,4554000,1.5399999618530273,1.4299999475479126,1.4299999475479126
06-08-2021,1.3600000143051147,1.399999976158142,1243400,1.4299999475479126,1.399999976158142,1.399999976158142
09-08-2021,1.3899999856948853,1.4199999570846558,935900,1.4800000190734863,1.409999966621399,1.409999966621399
10-08-2021,1.3949999809265137,1.409999966621399,780600,1.4500000476837158,1.440000057220459,1.440000057220459
11-08-2021,1.340000033378601,1.4199999570846558,1733500,1.4199999570846558,1.399999976158142,1.399999976158142
12-08-2021,1.149999976158142,1.2369999885559082,5795800,1.309999942779541,1.25,1.25
13-08-2021,1.2200000286102295,1.2300000190734863,1479400,1.2899999618530273,1.2799999713897705,1.2799999713897705
16-08-2021,1.190000057220459,1.25,1291600,1.25,1.2300000190734863,1.2300000190734863
17-08-2021,1.1799999475479126,1.2000000476837158,796100,1.2269999980926514,1.190000057220459,1.190000057220459
18-08-2021,1.149999976158142,1.1699999570846558,1174500,1.2300000190734863,1.2000000476837158,1.2000000476837158
19-08-2021,1.149999976158142,1.1799999475479126,848200,1.2100000381469727,1.159999966621399,1.159999966621399
20-08-2021,1.100000023841858,1.1399999856948853,1957900,1.159999966621399,1.1100000143051147,1.1100000143051147
23-08-2021,1.090999960899353,1.100000023841858,1512400,1.2000000476837158,1.190000057220459,1.190000057220459
24-08-2021,1.1710000038146973,1.1799999475479126,999400,1.25,1.2300000190734863,1.2300000190734863
25-08-2021,1.2100000381469727,1.2300000190734863,1339700,1.3600000143051147,1.2699999809265137,1.2699999809265137
26-08-2021,1.2100000381469727,1.2599999904632568,814400,1.3200000524520874,1.2200000286102295,1.2200000286102295
27-08-2021,1.2200000286102295,1.25,795800,1.2999999523162842,1.2999999523162842,1.2999999523162842
30-08-2021,1.25,1.3300000429153442,718100,1.3450000286102295,1.2599999904632568,1.2599999904632568
31-08-2021,1.2699999809265137,1.2799999713897705,798400,1.3300000429153442,1.3200000524520874,1.3200000524520874
01-09-2021,1.2999999523162842,1.2999999523162842,579800,1.3600000143051147,1.350000023841858,1.350000023841858
02-09-2021,1.350000023841858,1.3600000143051147,681000,1.399999976158142,1.3899999856948853,1.3899999856948853
03-09-2021,1.3200000524520874,1.3700000047683716,680900,1.371000051498413,1.3600000143051147,1.3600000143051147
07-09-2021,1.2899999618530273,1.350000023841858,602700,1.3600000143051147,1.2899999618530273,1.2899999618530273
08-09-2021,1.2300000190734863,1.309999942779541,1025700,1.3179999589920044,1.2400000095367432,1.2400000095367432
09-09-2021,1.2200000286102295,1.2300000190734863,858100,1.2599999904632568,1.2300000190734863,1.2300000190734863
10-09-2021,1.2400000095367432,1.2599999904632568,518700,1.2699999809265137,1.25,1.25
13-09-2021,1.2300000190734863,1.25,536200,1.2699999809265137,1.25,1.25
14-09-2021,1.2000000476837158,1.2599999904632568,969200,1.2610000371932983,1.2000000476837158,1.2000000476837158
15-09-2021,1.1799999475479126,1.2000000476837158,967900,1.2200000286102295,1.2200000286102295,1.2200000286102295
16-09-2021,1.190000057220459,1.190000057220459,698300,1.25,1.2200000286102295,1.2200000286102295
17-09-2021,1.2100000381469727,1.2300000190734863,2177800,1.3600000143051147,1.3600000143051147,1.3600000143051147
20-09-2021,1.2200000286102295,1.2799999713897705,1245700,1.309999942779541,1.25,1.25
21-09-2021,1.2100000381469727,1.2400000095367432,810000,1.2699999809265137,1.2200000286102295,1.2200000286102295
22-09-2021,1.2000000476837158,1.2100000381469727,1097900,1.2400000095367432,1.2200000286102295,1.2200000286102295
23-09-2021,1.2000000476837158,1.2100000381469727,835200,1.2400000095367432,1.2200000286102295,1.2200000286102295
24-09-2021,1.2000000476837158,1.2000000476837158,606200,1.2599999904632568,1.2300000190734863,1.2300000190734863
27-09-2021,1.2300000190734863,1.2300000190734863,1208400,1.309999942779541,1.2999999523162842,1.2999999523162842
28-09-2021,1.2200000286102295,1.2699999809265137,756500,1.277999997138977,1.2200000286102295,1.2200000286102295
29-09-2021,1.2000000476837158,1.2200000286102295,808200,1.25,1.2200000286102295,1.2200000286102295
30-09-2021,1.2300000190734863,1.2899999618530273,1946900,1.2999999523162842,1.2300000190734863,1.2300000190734863
01-10-2021,1.2300000190734863,1.2400000095367432,1975600,1.3250000476837158,1.2899999618530273,1.2899999618530273
04-10-2021,1.2300000190734863,1.2599999904632568,1310600,1.2699999809265137,1.2400000095367432,1.2400000095367432
05-10-2021,1.2000000476837158,1.2300000190734863,990900,1.2400000095367432,1.2000000476837158,1.2000000476837158
06-10-2021,1.149999976158142,1.190000057220459,1408600,1.2000000476837158,1.1699999570846558,1.1699999570846558
07-10-2021,1.1699999570846558,1.1799999475479126,588200,1.2000000476837158,1.1799999475479126,1.1799999475479126
08-10-2021,1.159999966621399,1.1799999475479126,385400,1.2000000476837158,1.159999966621399,1.159999966621399
11-10-2021,1.1399999856948853,1.159999966621399,707300,1.1799999475479126,1.159999966621399,1.159999966621399
12-10-2021,1.149999976158142,1.149999976158142,431500,1.1799999475479126,1.1699999570846558,1.1699999570846558
13-10-2021,1.149999976158142,1.149999976158142,511200,1.1890000104904175,1.1699999570846558,1.1699999570846558
14-10-2021,1.159999966621399,1.1799999475479126,528700,1.2000000476837158,1.159999966621399,1.159999966621399
15-10-2021,1.1399999856948853,1.1799999475479126,1323900,1.2000000476837158,1.1399999856948853,1.1399999856948853
18-10-2021,1.0800000429153442,1.1399999856948853,1495500,1.149999976158142,1.100000023841858,1.100000023841858
19-10-2021,1.0800000429153442,1.100000023841858,494900,1.1200000047683716,1.1100000143051147,1.1100000143051147
20-10-2021,1.100000023841858,1.100000023841858,637800,1.1299999952316284,1.1200000047683716,1.1200000047683716
21-10-2021,1.1030000448226929,1.1100000143051147,591900,1.1399999856948853,1.1100000143051147,1.1100000143051147
22-10-2021,1.090000033378601,1.100000023841858,1049500,1.1100000143051147,1.100000023841858,1.100000023841858
25-10-2021,1.090000033378601,1.100000023841858,1552500,1.1399999856948853,1.1399999856948853,1.1399999856948853
26-10-2021,1.100000023841858,1.1299999952316284,922500,1.149999976158142,1.1100000143051147,1.1100000143051147
27-10-2021,1.059999942779541,1.1100000143051147,1253600,1.1200000047683716,1.0700000524520874,1.0700000524520874
28-10-2021,1.0700000524520874,1.0800000429153442,865400,1.100000023841858,1.0800000429153442,1.0800000429153442
29-10-2021,1.0049999952316284,1.0700000524520874,2124000,1.0800000429153442,1.0099999904632568,1.0099999904632568
01-11-2021,1.0099999904632568,1.0099999904632568,1299900,1.0700000524520874,1.0399999618530273,1.0399999618530273
02-11-2021,1.0399999618530273,1.0499999523162842,887200,1.0700000524520874,1.0700000524520874,1.0700000524520874
03-11-2021,1.0499999523162842,1.0499999523162842,1172300,1.090000033378601,1.0800000429153442,1.0800000429153442
04-11-2021,1.0299999713897705,1.0800000429153442,893700,1.0800000429153442,1.0499999523162842,1.0499999523162842
05-11-2021,1.0099999904632568,1.0299999713897705,1691000,1.0499999523162842,1.0199999809265137,1.0199999809265137
08-11-2021,0.9200000166893005,1.0199999809265137,4730400,1.0299999713897705,0.9520000219345093,0.9520000219345093
09-11-2021,0.8700000047683716,0.949999988079071,2288400,0.9700000286102295,0.953000009059906,0.953000009059906
10-11-2021,0.9200000166893005,0.9399999976158142,1096100,0.9700000286102295,0.9319999814033508,0.9319999814033508
11-11-2021,0.8899999856948853,0.9399999976158142,1652500,0.9399999976158142,0.8960000276565552,0.8960000276565552
12-11-2021,0.8960000276565552,0.8999999761581421,1490500,0.9399999976158142,0.9350000023841858,0.9350000023841858
15-11-2021,0.7400000095367432,0.8399999737739563,10876400,0.8820000290870667,0.8500000238418579,0.8500000238418579
16-11-2021,0.7599999904632568,0.8100000023841858,3471700,0.824999988079071,0.7749999761581421,0.7749999761581421
17-11-2021,0.75,0.7749999761581421,2189200,0.800000011920929,0.7929999828338623,0.7929999828338623
18-11-2021,0.7300000190734863,0.7860000133514404,1897000,0.7979999780654907,0.7360000014305115,0.7360000014305115
19-11-2021,0.7300000190734863,0.7329999804496765,1894300,0.7480000257492065,0.7369999885559082,0.7369999885559082
22-11-2021,0.7009999752044678,0.7319999933242798,1978700,0.7400000095367432,0.703000009059906,0.703000009059906
23-11-2021,0.6510000228881836,0.6899999976158142,2011600,0.6970000267028809,0.6859999895095825,0.6859999895095825
24-11-2021,0.6800000071525574,0.6980000138282776,1249800,0.7360000014305115,0.7260000109672546,0.7260000109672546
26-11-2021,0.6809999942779541,0.7099999785423279,875200,0.7200000286102295,0.7039999961853027,0.7039999961853027
